\---,Drinker,Type,Info,Date,,,,,
9999,Hunter,Cocktail,Scotch,May 19,,,,Leaderboard,
9998,Miggy,Cocktail,Scotch,May 19,,,,Hunter,992
9997,Marek,Cocktail,Scotch,May 19,,,,Lucas,587
9996,Lucas,Wine,Champagne,May 19,,,,Liam,263
9995,Jacob,Seltzer,Downeast,May 19,,,,Joseph,866
9994,Lucas,Seltzer,Strongbow,May 19,,,,Kacper,95
9993,Hunter,Beer,,May 19,,,,Miggy,375
9992,Jacob,Seltzer,Downeast,May 19,,,,Marek,267
9991,Marek,Seltzer,Downeast,May 19,,,,Owen,119
9990,Joseph,Seltzer,Downeast,May 19,,,,Maxim,226
9989,Miggy,Seltzer,Downeast,May 19,,,,Jacob,798
9988,Jacob,Seltzer,Downeast,May 19,,,,Avi,194
9987,Lucas,Seltzer,Downeast,May 19,,,,Cole,218
9986,Miggy,Other,,May 19,,,,,
9985,Marek,Seltzer,Downeast,May 19,,,,,
9984,Joseph,Seltzer,Downeast,May 19,,,,,
9983,Maxim,Beer,Bud Light,May 20,,,,,
9982,Hunter,Beer,Icelandic Beer,May 21,,,,,
9981,Hunter,Beer,Icelandic Beer,May 21,,,,,
9980,Hunter,Wine,,May 21,,,,,
9979,Owen,Beer,,May 21,,,,,
9978,Owen,Shot,Testers,May 21,,,,,
9977,Owen,Shot,Testers,May 21,,,,,
9976,Hunter,Beer,Icelandic Beer,May 21,,,,,
9975,Jacob,Cocktail,Plum Liqueur,May 21,,,,,
9974,Owen,Beer,Cisco Dustry Road,May 21,,,,,
9973,Liam,Beer,Belgian White,May 21,,,,,
9972,Lucas,Cocktail,Vodka Sprite,May 21,,,,,
9971,Miggy,Seltzer,High Noon,May 21,,,,,
9970,Marek,Beer,,May 21,,,,,
9969,Joseph,Cocktail,Vodka Sprite,May 21,,,,,
9968,Lucas,Cocktail,Vodka Sprite,May 21,,,,,
9967,Miggy,Shot,Vodka,May 21,,,,,
9966,Miggy,Shot,Vodka,May 21,,,,,
9965,Miggy,Seltzer,High Noon,May 21,,,,,
9964,Owen,Seltzer,Crowler,May 21,,,,,
9963,Miggy,Beer,,May 21,,,,,
9962,Joseph,Beer,,May 21,,,,,
9961,Lucas,Beer,,May 21,,,,,
9960,Miggy,Wine,,May 22,,,,,
9959,Kacper,Beer,Coors Light,May 22,,,,,
9958,Kacper,Beer,Coors Light,May 22,,,,,
9957,Owen,Wine,Sake,May 22,,,,,
9956,Kacper,Beer,Coors Light,May 22,,,,,
9955,Miggy,Wine,Prosecco,May 22,,,,,
9954,Joseph,Seltzer,Downeast,May 22,,,,,
9953,Lucas,Seltzer,Downeast,May 22,,,,,
9952,Liam,Seltzer,Downeast,May 22,,,,,
9951,Lucas,Seltzer,Downeast,May 22,,,,,
9950,Owen,Cocktail,Brandy,May 22,,,,,
9949,Joseph,Seltzer,Downeast,May 22,,,,,
9948,Liam,Seltzer,Downeast,May 22,,,,,
9947,Lucas,Seltzer,Downeast,May 22,,,,,
9946,Hunter,Beer,Guiness,May 23,,,,,
9945,Kacper,Beer,,May 23,,,,,
9944,Kacper,Beer,,May 23,,,,,
9943,Marek,Wine,,May 23,,,,,
9942,Miggy,Beer,,May 23,,,,,
9941,Joseph,Cocktail,,May 23,,,,,
9940,Owen,Cocktail,Brandy,May 23,,,,,
9939,Hunter,Beer,Icelandic Draft,May 24,,,,,
9938,Cole,Cocktail,,May 24,,,,,
9937,Liam,Beer,Bud Light,May 24,,,,,
9936,Lucas,Seltzer,Longbow,May 24,,,,,
9935,Lucas,Beer,Bud Light,May 24,,,,,
9934,Lucas,Beer,Coors Light,May 24,,,,,
9933,Lucas,Beer,Hazy IPA,May 24,,,,,
9932,Marek,Wine,Sangria,May 24,,,,,
9931,Lucas,Cocktail,Espresso Martini,May 24,,,,,
9930,Avi,Wine,Moscato,May 24,,,,,
9929,Hunter,Beer,,May 24,,,,,
9928,Miggy,Cocktail,Frozen Marg,May 25,,,,,
9927,Liam,Cocktail,Frozen Marg,May 25,,,,,
9926,Liam,Cocktail,Frozen Marg,May 25,,,,,
9925,Hunter,Beer,Icelandic Draft,May 25,,,,,
9924,Owen,Beer,Coors Light,May 25,,,,,
9923,Lucas,Beer,Hazy IPA,May 25,,,,,
9922,Liam,Beer,Hazy IPA,May 25,,,,,
9921,Lucas,Seltzer,Strongbow,May 25,,,,,
9920,Lucas,Beer,Jack Abbys,May 25,,,,,
9919,Liam,Beer,Sam Adams,May 25,,,,,
9918,Lucas,Beer,Coors Light,May 25,,,,,
9917,Liam,Cocktail,Southern Mule,May 25,,,,,
9916,Lucas,Beer,Cisco Haze,May 25,,,,,
9915,Cole,Seltzer,Reds Cider,May 25,,,,,
9914,Lucas,Beer,Cisco Haze,May 25,,,,,
9913,Cole,Seltzer,Reds Cider,May 25,,,,,
9912,Lucas,Beer,Cisco Shark Tracker,May 25,,,,,
9911,Owen,Beer,Coors Light,May 25,,,,,
9910,Owen,Beer,Sierra Goblet IPA,May 25,,,,,
9909,Cole,Seltzer,Reds Cider,May 25,,,,,
9908,Owen,Cocktail,Vodka Crab,May 25,,,,,
9907,Marek,Shot,Nazdravi,May 25,,,,,
9906,Hunter,Beer,,May 25,,,,,
9905,Avi,Wine,,May 26,,,,,
9904,Hunter,Beer,Icelandic Beer,May 27,,,,,
9903,Hunter,Beer,Icelandic Beer,May 27,,,,,
9902,Hunter,Beer,Icelandic Beer,May 27,,,,,
9901,Maxim,Beer,,May 27,,,,,
9900,Kacper,Beer,Bud Light,May 27,,,,,
9899,Liam,Beer,Coors Light,May 27,,,,,
9898,Lucas,Cocktail,Mai Tai,May 27,,,,,
9897,Joseph,Cocktail,Mai Tai,May 27,,,,,
9896,Hunter,Beer,Icelandic Beer,May 27,,,,,
9895,Jacob,Cocktail,Plum Liqueur,May 21,,,,,
9894,Jacob,Wine,Sake,May 21,,,,,
9893,Jacob,Cocktail,Lemon Sour,May 22,,,,,
9892,Jacob,Cocktail,Lemon Sour,May 22,,,,,
9891,Jacob,Cocktail,Lemon Sour,May 22,,,,,
9890,Jacob,Cocktail,Lemon Sour,May 22,,,,,
9889,Jacob,Cocktail,Lemon Sour,May 22,,,,,
9888,Jacob,Cocktail,Highball,May 22,,,,,
9887,Jacob,Cocktail,Highball,May 22,,,,,
9886,Jacob,Cocktail,Highball,May 22,,,,,
9885,Miggy,Cocktail,Vodka Soda,May 27,,,,,
9884,Hunter,Beer,,May 28,,,,,
9883,Liam,Beer,Coors Light,May 28,,,,,
9882,Lucas,Beer,Coors Light,May 28,,,,,
9881,Liam,Beer,Coors Light,May 28,,,,,
9880,Lucas,Beer,Juicy Wild NEIPA,May 28,,,,,
9879,Lucas,Beer,Coors Light,May 28,,,,,
9878,Lucas,Beer,Bapple,May 28,,,,,
9877,Avi,Wine,Red + Fanta,May 28,,,,,
9876,Joseph,Beer,,May 28,,,,,
9875,Marek,Beer,Asahi,May 28,,,,,
9874,Hunter,Wine,,May 29,,,,,
9873,Hunter,Beer,,May 29,,,,,
9872,Miggy,Wine,,May 29,,,,,
9871,Liam,Wine,Russo Negro,May 29,,,,,
9870,Lucas,Other,,May 29,,,,,
9869,Miggy,Cocktail,Dirty Shirley,May 29,,,,,
9868,Avi,Cocktail,Berry Dificil,May 29,,,,,
9867,Liam,Seltzer,Downeast,May 29,,,,,
9866,Avi,Cocktail,,May 29,,,,,
9865,Liam,Beer,Hazy IPA,May 29,,,,,
9864,Lucas,Cocktail,Dirty Shirley,May 29,,,,,
9863,Liam,Beer,Hazy IPA,May 29,,,,,
9862,Miggy,Cocktail,Gin and Tonic,May 29,,,,,
9861,Lucas,Cocktail,Vodka Soda,May 29,,,,,
9860,Lucas,Beer,Shock Top,May 29,,,,,
9859,Liam,Cocktail,Dirty Shirley,May 29,,,,,
9858,Liam,Cocktail,Dirty Shirley,May 29,,,,,
9857,Lucas,Cocktail,Vodka Soda,May 29,,,,,
9856,Liam,Wine,Chardonnay,May 29,,,,,
9855,Liam,Cocktail,Dirty Shirley,May 29,,,,,
9854,Lucas,Beer,Shock Top,May 29,,,,,
9853,Liam,Beer,Shock Top,May 29,,,,,
9852,Liam,Wine,Chardonnay,May 29,,,,,
9851,Liam,Beer,Modelo,May 29,,,,,
9850,Joseph,Seltzer,Downeast,May 29,,,,,
9849,Liam,Seltzer,Downeast,May 29,,,,,
9848,Joseph,Other,,May 29,,,,,
9847,Lucas,Seltzer,Twisted Tea,May 29,,,,,
9846,Liam,Beer,Modelo,May 29,,,,,
9845,Lucas,Beer,Modelo,May 29,,,,,
9844,Liam,Beer,Modelo,May 29,,,,,
9843,Joseph,Beer,Modelo,May 29,,,,,
9842,Liam,Beer,Modelo,May 29,,,,,
9841,Joseph,Seltzer,Downeast,May 29,,,,,
9840,Lucas,Wine,,May 29,,,,,
9839,Joseph,Wine,,May 29,,,,,
9838,Marek,Beer,,May 29,,,,,
9837,Lucas,Seltzer,Downeast,May 29,,,,,
9836,Joseph,Beer,,May 29,,,,,
9835,Joseph,Seltzer,Downeast,May 29,,,,,
9834,Miggy,Shot,Vodka,May 29,,,,,
9833,Miggy,Cocktail,Mimosa,May 29,,,,,
9832,Miggy,Cocktail,Mimosa,May 29,,,,,
9831,Miggy,Cocktail,Mimosa,May 29,,,,,
9830,Miggy,Cocktail,Mimosa,May 29,,,,,
9829,Miggy,Shot,Vodka,May 29,,,,,
9828,Miggy,Shot,Vodka,May 29,,,,,
9827,Marek,Beer,Premium Malt,May 29,,,,,
9826,Hunter,Beer,Icelandic Beer,May 29,,,,,
9825,Hunter,Beer,Icelandic Beer,May 29,,,,,
9824,Miggy,Cocktail,Espresso Martini,May 30,,,,,
9823,Avi,Wine,White,May 30,,,,,
9822,Miggy,Cocktail,Gin and Tonic,May 30,,,,,
9821,Avi,Wine,Malbec,May 30,,,,,
9820,Marek,Wine,Sake,May 30,,,,,
9819,Marek,Wine,Sake,May 30,,,,,
9818,Marek,Seltzer,Strong Zero,May 30,,,,,
9817,Jacob,Seltzer,Strong Zero,May 30,,,,,
9816,Jacob,Seltzer,Strong Zero,May 30,,,,,
9815,Marek,Seltzer,Strong Zero,May 30,,,,,
9814,Maxim,Beer,Rolling Rock Lager,May 30,,,,,
9813,Marek,Beer,,May 30,,,,,
9812,Marek,Cocktail,Whiskey Highball,May 30,,,,,
9811,Marek,Shot,Jager,May 30,,,,,
9810,Jacob,Shot,Jager,May 30,,,,,
9809,Jacob,Shot,Tequila,May 30,,,,,
9808,Hunter,Beer,Icelandic Beer,May 30,,,,,
9807,Jacob,Cocktail,Green Tea Hai,May 31,,,,,
9806,Marek,Cocktail,Green Tea Hai,May 31,,,,,
9805,Avi,Cocktail,Cuba Libre,June 1,,,,,
9804,Kacper,Beer,Twin Elephant Pilsner,June 1,,,,,
9803,Kacper,Seltzer,High Noon,June 1,,,,,
9802,Hunter,Beer,Chinese Beer,June 1,,,,,
9801,Hunter,Beer,Chinese Beer,June 1,,,,,
9800,Hunter,Beer,Chinese Beer,June 1,,,,,
9799,Marek,Beer,Asahi,June 1,,,,,
9798,Marek,Beer,Asahi,June 1,,,,,
9797,Marek,Cocktail,Whiskey Higball,June 1,,,,,
9796,Marek,Beer,Asahi,June 1,,,,,
9795,Kacper,Beer,Polish Beer,June 2,,,,,
9794,Joseph,Wine,White,June 2,,,,,
9793,Lucas,Cocktail,Dealers Choice,June 2,,,,,
9792,Hunter,Beer,Tsingtao,June 2,,,,,
9791,Hunter,Beer,Tsingtao,June 2,,,,,
9790,Hunter,Beer,Tsingtao,June 2,,,,,
9789,Avi,Beer,Milk Stout,June 2,,,,,
9788,Avi,Beer,IPA,June 2,,,,,
9787,Marek,Beer,Kirin Heartland,June 5,,,,,
9786,Maxim,Beer,,June 2,,,,,
9785,Kacper,Beer,,June 2,,,,,
9784,Maxim,Beer,,June 2,,,,,
9783,Kacper,Beer,,June 2,,,,,
9782,Maxim,Beer,,June 2,,,,,
9781,Kacper,Beer,,June 2,,,,,
9780,Maxim,Beer,Asahi,June 3,,,,,
9779,Avi,Cocktail,Pisco Sour,June 3,,,,,
9778,Avi,Beer,Heineken,June 3,,,,,
9777,Hunter,Beer,Tsingtao,June 3,,,,,
9776,Hunter,Beer,Tsingtao,June 3,,,,,
9775,Hunter,Beer,Tsingtao,June 3,,,,,
9774,Hunter,Beer,Tsingtao,June 3,,,,,
9773,Liam,Beer,Other Side IPA,June 5,,,,,
9772,Lucas,Beer,,June 5,,,,,
9771,Joseph,Cocktail,Orange Mojito,June 5,,,,,
9770,Joseph,Cocktail,Candy Alcohol,June 5,,,,,
9769,Joseph,Cocktail,Candy Alcohol,June 5,,,,,
9768,Cole,Beer,Terra,June 5,,,,,
9767,Joseph,Beer,Terra,June 5,,,,,
9766,Jacob,Beer,Terra,June 5,,,,,
9765,Cole,Cocktail,Tequila Sprite,June 5,,,,,
9764,Joseph,Cocktail,Tequila Sprite,June 5,,,,,
9763,Jacob,Cocktail,Tequila Sprite,June 5,,,,,
9762,Joseph,Cocktail,Tequila Sprite,June 5,,,,,
9761,Cole,Shot,Lemon Drop,June 5,,,,,
9760,Jacob,Shot,Lemon Drop,June 5,,,,,
9759,Cole,Shot,Tequila,June 5,,,,,
9758,Cole,Shot,Tequila,June 5,,,,,
9757,Joseph,Shot,Tequila,June 5,,,,,
9756,Jacob,Shot,Tequila,June 5,,,,,
9755,Cole,Shot,Tequila,June 5,,,,,
9754,Joseph,Cocktail,Mango Margarita,June 5,,,,,
9753,Jacob,Cocktail,Mango Margarita,June 5,,,,,
9752,Cole,Cocktail,Mango Margarita,June 5,,,,,
9751,Hunter,Shot,Yellow Alcohol,June 5,,,,,
9750,Hunter,Beer,Qingdao,June 5,,,,,
9749,Hunter,Beer,Qingdao,June 5,,,,,
9748,Lucas,Beer,Coors Light,June 5,,,,,
9747,Avi,Cocktail,Pisco Sour,June 6,,,,,
9746,Avi,Beer,,June 6,,,,,
9745,Joseph,Other,Soju,June 6,,,,,
9744,Cole,Other,Soju,June 6,,,,,
9743,Jacob,Other,Soju,June 6,,,,,
9742,Joseph,Other,Soju,June 6,,,,,
9741,Liam,Beer,,June 6,,,,,
9740,Lucas,Beer,,June 6,,,,,
9739,Hunter,Beer,Tsingtao,June 6,,,,,
9738,Hunter,Beer,Tsingtao,June 6,,,,,
9737,Hunter,Beer,Tsingtao,June 6,,,,,
9736,Hunter,Beer,Tsingtao,June 6,,,,,
9735,Liam,Beer,Rona Familiar,June 6,,,,,
9734,Liam,Beer,Rona Express,June 6,,,,,
9733,Lucas,Beer,Rona Extra,June 6,,,,,
9732,Liam,Beer,Rona Familiar,June 6,,,,,
9731,Avi,Cocktail,,June 6,,,,,
9730,Avi,Cocktail,,June 6,,,,,
9729,Liam,Beer,Rona Extra,June 6,,,,,
9728,Liam,Beer,Rona Familiar,June 6,,,,,
9727,Liam,Beer,Rona Extra,June 6,,,,,
9726,Liam,Beer,Rona Familiar,June 6,,,,,
9725,Liam,Beer,Rona Familiar,June 6,,,,,
9724,Lucas,Beer,,June 6,,,,,
9723,Liam,Beer,Rona Familiar,June 6,,,,,
9722,Marek,Beer,Premium Malts,June 7,,,,,
9721,Owen,Other,Soju,June 7,,,,,
9720,Cole,Other,Soju,June 7,,,,,
9719,Joseph,Other,Soju,June 7,,,,,
9718,Cole,Other,Soju,June 7,,,,,
9717,Jacob,Other,Soju,June 7,,,,,
9716,Cole,Cocktail,Jager Bomb,June 7,,,,,
9715,Joseph,Other,Soju,June 7,,,,,
9714,Cole,Other,Soju,June 7,,,,,
9713,Jacob,Other,Soju,June 7,,,,,
9712,Jacob,Seltzer,Strong Zero,June 7,,,,,
9711,Cole,Cocktail,Jager Bomb,June 7,,,,,
9710,Joseph,Other,Soju,June 7,,,,,
9709,Lucas,Beer,,June 7,,,,,
9708,Avi,Wine,White,June 8,,,,,
9707,Lucas,Beer,,June 8,,,,,
9706,Hunter,Beer,,June 8,,,,,
9705,Hunter,Beer,,June 8,,,,,
9704,Marek,Beer,,June 8,,,,,
9703,Marek,Beer,,June 8,,,,,
9702,Miggy,Cocktail,Moscow Mule,June 8,,,,,
9701,Lucas,Beer,Oysters and Kona,June 8,,,,,
9700,Lucas,Beer,Kona,June 8,,,,,
9699,Lucas,Beer,NE IPA,June 8,,,,,
9698,Avi,Beer,,June 9,,,,,
9697,Avi,Beer,,June 9,,,,,
9696,Marek,Other,Soju,June 9,,,,,
9695,Hunter,Beer,Tsingtao,June 9,,,,,
9694,Joseph,Other,Soju,June 9,,,,,
9693,Liam,Beer,Miller Lite,June 9,,,,,
9692,Hunter,Cocktail,Espresso Martini,June 9,,,,,
9691,Hunter,Cocktail,Espresso Martini,June 9,,,,,
9690,Joseph,Seltzer,Strong Zero,June 10,,,,,
9689,Marek,Seltzer,Strong Zero,June 10,,,,,
9688,Joseph,Other,Soju,June 10,,,,,
9687,Hunter,Beer,Kirin,June 10,,,,,
9686,Cole,Beer,Junsheng,June 10,,,,,
9685,Jacob,Beer,Junsheng,June 10,,,,,
9684,Marek,Seltzer,Strong Zero,June 10,,,,,
9683,Joseph,Seltzer,Strong Zero,June 10,,,,,
9682,Joseph,Seltzer,Strong Zero,June 10,,,,,
9681,Avi,Cocktail,Pisco,June 10,,,,,
9680,Lucas,Beer,Coors Light,June 11,,,,,
9679,Lucas,Cocktail,Vodka Soda Tumbler,June 11,,,,,
9678,Lucas,Beer,Modelo,June 11,,,,,
9677,Jacob,Cocktail,Highball,May 22,,,,,
9676,Jacob,Cocktail,Highball,May 22,,,,,
9675,Jacob,Shot,Tequila,May 22,,,,,
9674,Jacob,Seltzer,Strong Zero,May 23,,,,,
9673,Jacob,Other,Soju,May 23,,,,,
9672,Jacob,Other,Soju,May 23,,,,,
9671,Jacob,Beer,,May 24,,,,,
9670,Jacob,Wine,Sake,May 24,,,,,
9669,Jacob,Wine,Sake,May 25,,,,,
9668,Jacob,Cocktail,Mango Vodka,May 25,,,,,
9667,Jacob,Beer,,May 26,,,,,
9666,Jacob,Cocktail,Vodka Sprite,May 26,,,,,
9665,Jacob,Cocktail,Dark and Stormy,May 26,,,,,
9664,Jacob,Cocktail,Plum Liqueur,May 27,,,,,
9663,Jacob,Seltzer,Strong Zero,May 27,,,,,
9662,Jacob,Beer,,May 27,,,,,
9661,Jacob,Cocktail,Plum Liqueur,May 28,,,,,
9660,Jacob,Cocktail,Plum Liqueur,May 28,,,,,
9659,Jacob,Cocktail,Highball,May 28,,,,,
9658,Jacob,Seltzer,Strong Zero,May 28,,,,,
9657,Jacob,Shot,Vodka,May 28,,,,,
9656,Jacob,Shot,Tequila,May 28,,,,,
9655,Jacob,Cocktail,Sex on the Beach,May 28,,,,,
9654,Jacob,Shot,Vodka,May 28,,,,,
9653,Jacob,Cocktail,Apple Liqueur,May 29,,,,,
9652,Jacob,Cocktail,Mandarin Liqueur,May 29,,,,,
9651,Jacob,Seltzer,Strong Zero,May 29,,,,,
9650,Jacob,Seltzer,Strong Zero,May 30,,,,,
9649,Jacob,Seltzer,Highball,May 31,,,,,
9648,Jacob,Seltzer,Strong Zero,May 31,,,,,
9647,Jacob,Cocktail,Plum Liqueur,May 31,,,,,
9646,Jacob,Cocktail,Plum Liqueur,May 31,,,,,
9645,Jacob,Seltzer,Strong Zero,May 31,,,,,
9644,Jacob,Seltzer,Strong Zero,May 31,,,,,
9643,Jacob,Seltzer,Strong Zero,May 31,,,,,
9642,Jacob,Cocktail,Vodka Sprite,June 1,,,,,
9641,Jacob,Wine,,June 2,,,,,
9640,Jacob,Other,Soju,June 2,,,,,
9639,Jacob,Other,Soju,June 2,,,,,
9638,Jacob,Other,Soju,June 3,,,,,
9637,Jacob,Beer,,June 3,,,,,
9636,Jacob,Other,Soju,June 3,,,,,
9635,Jacob,Other,Soju,June 4,,,,,
9634,Jacob,Cocktail,Jager Bomb,June 4,,,,,
9633,Jacob,Cocktail,Soju Yakult,June 4,,,,,
9632,Jacob,Cocktail,Mojito,June 4,,,,,
9631,Jacob,Shot,Faust,June 4,,,,,
9630,Jacob,Shot,Faust,June 4,,,,,
9629,Jacob,Shot,Faust,June 4,,,,,
9628,Jacob,Shot,Faust,June 4,,,,,
9627,Jacob,Cocktail,Mojito,June 4,,,,,
9626,Jacob,Shot,Faust,June 4,,,,,
9625,Jacob,Cocktail,Mojito,June 5,,,,,
9624,Jacob,Cocktail,Vodka Redbull,June 5,,,,,
9623,Jacob,Cocktail,Vodka Redbull,June 5,,,,,
9622,Jacob,Beer,,June 5,,,,,
9621,Jacob,Beer,Terra,June 6,,,,,
9620,Cole,Other,Soju,June 8,,,,,
9619,Jacob,Beer,Junsheng,June 10,,,,,
9618,Cole,Cocktail,Mango Margarita,June 11,,,,,
9617,Lucas,Cocktail,Vodka Soda,June 11,,,,,
9616,Hunter,Beer,Stella Artois,June 11,,,,,
9615,Hunter,Wine,Sangria,June 11,,,,,
9614,Jacob,Cocktail,Moscow Mule,June 11,,,,,
9613,Hunter,Cocktail,Margarita,June 11,,,,,
9612,Jacob,Cocktail,Gin and Tonic,June 11,,,,,
9611,Miggy,Other,Soju,June 11,,,,,
9610,Marek,Beer,Tsingtao,June 11,,,,,
9609,Joseph,Beer,Tsingtao,June 11,,,,,
9608,Hunter,Beer,1 L,June 11,,,,,
9607,Jacob,Beer,1 L,June 11,,,,,
9606,Marek,Beer,1 L,June 11,,,,,
9605,Miggy,Beer,1 L,June 11,,,,,
9604,Cole,Beer,1 L,June 11,,,,,
9603,Joseph,Beer,1 L,June 11,,,,,
9602,Avi,Beer,Corona,June 11,,,,,
9601,Jacob,Wine,Pinot Grigio,June 11,,,,,
9600,Marek,Wine,Pinot Grigio,June 11,,,,,
9599,Hunter,Wine,Pinot Grigio,June 11,,,,,
9598,Joseph,Wine,Pinot Grigio,June 11,,,,,
9597,Joseph,Seltzer,Strong Zero,June 11,,,,,
9596,Miggy,Seltzer,Strong Zero,June 11,,,,,
9595,Jacob,Seltzer,Strong Zero,June 11,,,,,
9594,Hunter,Beer,,June 11,,,,,
9593,Cole,Seltzer,Strong Zero,June 11,,,,,
9592,Marek,Cocktail,Mango Margarita,June 12,,,,,
9591,Kacper,Beer,Sapporo,June 12,,,,,
9590,Avi,Cocktail,Limoncello Spritz,June 12,,,,,
9589,Hunter,Beer,Dragon IPA,June 12,,,,,
9588,Jacob,Cocktail,Moscow Mule,June 12,,,,,
9587,Cole,Cocktail,Mango Margarita,June 12,,,,,
9586,Joseph,Cocktail,Mango Margarita,June 12,,,,,
9585,Miggy,Cocktail,Mojito,June 12,,,,,
9584,Joseph,Cocktail,Mango Margarita,June 12,,,,,
9583,Cole,Cocktail,Mojito,June 12,,,,,
9582,Hunter,Beer,Dragon IPA,June 12,,,,,
9581,Cole,Cocktail,Highball,June 12,,,,,
9580,Miggy,Cocktail,Highball,June 12,,,,,
9579,Marek,Wine,Sangria,June 12,,,,,
9578,Joseph,Wine,Sangria,June 12,,,,,
9577,Marek,Beer,Tsingtao,June 12,,,,,
9576,Marek,Beer,Tsingtao,June 12,,,,,
9575,Marek,Beer,Tsingtao,June 12,,,,,
9574,Hunter,Shot,Baijiu,June 12,,,,,
9573,Miggy,Cocktail,Negroni,June 13,,,,,
9572,Hunter,Wine,Red,June 13,,,,,
9571,Hunter,Wine,White,June 13,,,,,
9570,Joseph,Wine,Red,June 13,,,,,
9569,Joseph,Wine,White,June 13,,,,,
9568,Cole,Wine,Red,June 13,,,,,
9567,Cole,Wine,White,June 13,,,,,
9566,Jacob,Wine,Red,June 13,,,,,
9565,Jacob,Wine,White,June 13,,,,,
9564,Owen,Wine,Red,June 13,,,,,
9563,Owen,Wine,White,June 13,,,,,
9562,Marek,Wine,Red,June 13,,,,,
9561,Marek,Wine,White,June 13,,,,,
9560,Liam,Cocktail,Jameson and Ginger,June 13,,,,,
9559,Liam,Beer,Dishoom IPA,June 13,,,,,
9558,Hunter,Beer,Tsingtao,June 13,,,,,
9557,Lucas,Beer,Kona,June 14,,,,,
9556,Lucas,Beer,Kona,June 14,,,,,
9555,Lucas,Beer,Bud Light,June 14,,,,,
9554,Lucas,Beer,Coors Light,June 14,,,,,
9553,Lucas,Beer,Sam Adams,June 14,,,,,
9552,Lucas,Beer,Coors Light,June 14,,,,,
9551,Hunter,Cocktail,Long Island,June 14,,,,,
9550,Jacob,Cocktail,Long Island,June 14,,,,,
9549,Jacob,Cocktail,Long Island,June 14,,,,,
9548,Cole,Cocktail,Long Island,June 14,,,,,
9547,Miggy,Cocktail,Long Island,June 14,,,,,
9546,Owen,Cocktail,Long Island,June 14,,,,,
9545,Miggy,Cocktail,Long Island,June 14,,,,,
9544,Maxim,Cocktail,Long Island,June 14,,,,,
9543,Marek,Cocktail,Long Island,June 14,,,,,
9542,Joseph,Cocktail,Long Island,June 14,,,,,
9541,Owen,Cocktail,Long Island,June 14,,,,,
9540,Lucas,Beer,Modelo,June 14,,,,,
9539,Lucas,Cocktail,Sun Cruiser,June 14,,,,,
9538,Lucas,Beer,Modelo,June 14,,,,,
9537,Joseph,Beer,Uyghur Beer,June 14,,,,,
9536,Cole,Beer,Uyghur Beer,June 14,,,,,
9535,Hunter,Beer,Uyghur Beer,June 14,,,,,
9534,Owen,Beer,Uyghur Beer,June 14,,,,,
9533,Miggy,Beer,Uyghur Beer,June 14,,,,,
9532,Marek,Beer,Uyghur Beer,June 14,,,,,
9531,Jacob,Beer,Uyghur Beer,June 14,,,,,
9530,Jacob,Shot,Tequila,June 14,,,,,
9529,Joseph,Shot,Tequila,June 14,,,,,
9528,Owen,Shot,Tequila,June 14,,,,,
9527,Marek,Shot,Tequila,June 14,,,,,
9526,Cole,Shot,Tequila,June 14,,,,,
9525,Hunter,Shot,Tequila,June 14,,,,,
9524,Joseph,Cocktail,Vodka Sprite,June 14,,,,,
9523,Jacob,Other,Soju,June 14,,,,,
9522,Joseph,Other,Soju,June 14,,,,,
9521,Miggy,Other,Soju,June 14,,,,,
9520,Marek,Other,Soju,June 14,,,,,
9519,Jacob,Shot,Tequila,June 14,,,,,
9518,Cole,Shot,Tequila,June 14,,,,,
9517,Owen,Shot,Tequila,June 14,,,,,
9516,Jacob,Shot,Vodka,June 14,,,,,
9515,Marek,Seltzer,Strong Zero,June 14,,,,,
9514,Owen,Seltzer,Strong Zero,June 14,,,,,
9513,Miggy,Seltzer,Strong Zero,June 14,,,,,
9512,Hunter,Beer,Tsingtao,June 14,,,,,
9511,Hunter,Shot,Tequila,June 14,,,,,
9510,Cole,Shot,Whiskey,June 14,,,,,
9509,Owen,Shot,Whiskey,June 14,,,,,
9508,Marek,Shot,Whiskey,June 14,,,,,
9507,Cole,Shot,Tequila,June 14,,,,,
9506,Marek,Shot,Tequila,June 14,,,,,
9505,Hunter,Shot,Tequila,June 14,,,,,
9504,Maxim,Shot,Tequila,June 14,,,,,
9503,Owen,Shot,Tequila,June 14,,,,,
9502,Joseph,Shot,Tequila,June 14,,,,,
9501,Marek,Beer,Asahi,June 14,,,,,
9500,Cole,Beer,Asahi,June 14,,,,,
9499,Jacob,Cocktail,Highball,June 14,,,,,
9498,Owen,Cocktail,Highball,June 14,,,,,
9497,Miggy,Cocktail,Highball,June 14,,,,,
9496,Hunter,Beer,Tsingtao,June 14,,,,,
9495,Owen,Beer,Tsingtao,June 14,,,,,
9494,Miggy,Beer,Tsingtao,June 14,,,,,
9493,Marek,Beer,Tsingtao,June 14,,,,,
9492,Joseph,Beer,Tsingtao,June 14,,,,,
9491,Jacob,Beer,Tsingtao,June 14,,,,,
9490,Cole,Beer,Tsingtao,June 14,,,,,
9489,Marek,Beer,Asahi,June 14,,,,,
9488,Owen,Shot,Tequila,June 14,,,,,
9487,Miggy,Shot,Tequila,June 14,,,,,
9486,Cole,Shot,Tequila,June 14,,,,,
9485,Joseph,Shot,Tequila,June 14,,,,,
9484,Marek,Shot,Tequila,June 14,,,,,
9483,Jacob,Shot,Tequila,June 14,,,,,
9482,Jacob,Shot,Tequila,June 14,,,,,
9481,Cole,Shot,Tequila,June 14,,,,,
9480,Owen,Shot,Tequila,June 14,,,,,
9479,Marek,Shot,Tequila,June 14,,,,,
9478,Hunter,Shot,Tequila,June 14,,,,,
9477,Marek,Shot,Tequila,June 14,,,,,
9476,Miggy,Shot,Tequila,June 14,,,,,
9475,Jacob,Shot,Tequila,June 14,,,,,
9474,Miggy,Shot,Tequila,June 14,,,,,
9473,Maxim,Shot,Tequila,June 14,,,,,
9472,Cole,Shot,Tequila,June 14,,,,,
9471,Marek,Shot,Tequila,June 14,,,,,
9470,Joseph,Shot,Tequila,June 14,,,,,
9469,Owen,Shot,Tequila,June 14,,,,,
9468,Jacob,Shot,Tequila,June 14,,,,,
9467,Marek,Shot,Tequila,June 14,,,,,
9466,Owen,Shot,Tequila,June 14,,,,,
9465,Miggy,Shot,Tequila,June 14,,,,,
9464,Hunter,Shot,Tequila,June 14,,,,,
9463,Maxim,Shot,Tequila,June 14,,,,,
9462,Cole,Shot,Tequila,June 14,,,,,
9461,Owen,Shot,Tequila,June 14,,,,,
9460,Miggy,Shot,Tequila,June 14,,,,,
9459,Owen,Shot,Tequila,June 14,,,,,
9458,Cole,Shot,Tequila,June 14,,,,,
9457,Jacob,Shot,Tequila,June 14,,,,,
9456,Maxim,Shot,Tequila,June 14,,,,,
9455,Owen,Shot,Tequila,June 14,,,,,
9454,Jacob,Shot,Tequila,June 14,,,,,
9453,Joseph,Shot,Tequila,June 14,,,,,
9452,Hunter,Shot,Tequila,June 14,,,,,
9451,Hunter,Beer,Some IPA,June 14,,,,,
9450,Owen,Other,Soju,June 14,,,,,
9449,Owen,Other,Cucumber Liqueur,June 15,,,,,
9448,Miggy,Other,Cucumber Liqueur,June 15,,,,,
9447,Cole,Other,Cucumber Liqueur,June 15,,,,,
9446,Hunter,Other,Cucumber Liqueur,June 15,,,,,
9445,Avi,Wine,Rose,June 15,,,,,
9444,Lucas,Beer,Coors Light,June 15,,,,,
9443,Lucas,Beer,Coors Light,June 15,,,,,
9442,Kacper,Beer,Modelo,June 15,,,,,
9441,Lucas,Beer,Guinness,June 15,,,,,
9440,Miggy,Cocktail,Gin and Tonic,June 15,,,,,
9439,Miggy,Cocktail,Gin and Tonic,June 15,,,,,
9438,Owen,Cocktail,Gin and Tonic,June 15,,,,,
9437,Owen,Cocktail,Gin and Tonic,June 15,,,,,
9436,Hunter,Wine,Sangria,June 15,,,,,
9435,Hunter,Wine,Sangria,June 15,,,,,
9434,Jacob,Wine,Sangria,June 15,,,,,
9433,Jacob,Wine,Sangria,June 15,,,,,
9432,Cole,Cocktail,Margarita,June 15,,,,,
9431,Cole,Cocktail,Margarita,June 15,,,,,
9430,Joseph,Wine,Sangria,June 15,,,,,
9429,Marek,Wine,Sangria,June 15,,,,,
9428,Marek,Wine,Sangria,June 15,,,,,
9427,Miggy,Seltzer,Strong Zero,June 15,,,,,
9426,Jacob,Seltzer,Strong Zero,June 15,,,,,
9425,Hunter,Beer,Asahi,June 15,,,,,
9424,Lucas,Cocktail,Transfusion,June 16,,,,,
9423,Lucas,Beer,Resonation Pale Ale,June 16,,,,,
9422,Lucas,Beer,,June 16,,,,,
9421,Avi,Beer,Coors Light,June 16,,,,,
9420,Jacob,Seltzer,Magners,June 16,,,,,
9419,Liam,Beer,Complot IPA,June 16,,,,,
9418,Liam,Beer,Estrella Damm,June 16,,,,,
9417,Lucas,Beer,Stone Face IPA,June 16,,,,,
9416,Lucas,Beer,Stone Face IPA,June 16,,,,,
9415,Joseph,Seltzer,Strong Zero,June 17,,,,,
9414,Owen,Other,,June 17,,,,,
9413,Maxim,Seltzer,Strong Zero,June 17,,,,,
9412,Miggy,Seltzer,Strong Zero,June 17,,,,,
9411,Hunter,Other,,June 17,,,,,
9410,Jacob,Beer,Guinness,June 17,,,,,
9409,Jacob,Seltzer,Magner,June 17,,,,,
9408,Owen,Beer,Tsingtao,June 18,,,,,
9407,Marek,Beer,Tsingtao,June 18,,,,,
9406,Miggy,Beer,Nymphi,June 18,,,,,
9405,Jacob,Beer,Freezing Moon,June 18,,,,,
9404,Jacob,Cocktail,Ouzo Lemon,June 18,,,,,
9403,Miggy,Cocktail,Gin and Tonic,June 18,,,,,
9402,Miggy,Cocktail,Gin and Tonic,June 18,,,,,
9401,Jacob,Wine,Sorios White,June 18,,,,,
9400,Lucas,Beer,Jack Abbeys,June 18,,,,,
9399,Jacob,Cocktail,,June 18,,,,,
9398,Miggy,Cocktail,,June 18,,,,,
9397,Miggy,Cocktail,Gin and Tonic,June 18,,,,,
9396,Jacob,Cocktail,Gin and Tonic,June 18,,,,,
9395,Jacob,Cocktail,Jager Bomb,June 18,,,,,
9394,Jacob,Beer,Estrella Garcia,June 18,,,,,
9393,Jacob,Cocktail,Gin and Tonic,June 18,,,,,
9392,Lucas,Beer,Jack Abbeys,June 19,,,,,
9391,Lucas,Beer,Jack Abbeys,June 19,,,,,
9390,Lucas,Beer,Jack Abbeys,June 19,,,,,
9389,Jacob,Beer,Mythos,June 19,,,,,
9388,Jacob,Beer,Fischers,June 19,,,,,
9387,Miggy,Beer,Fischers,June 19,,,,,
9386,Marek,Beer,,June 19,,,,,
9385,Owen,Beer,,June 19,,,,,
9384,Joseph,Beer,,June 19,,,,,
9383,Marek,Beer,,June 19,,,,,
9382,Owen,Beer,,June 19,,,,,
9381,Joseph,Beer,,June 19,,,,,
9380,Jacob,Shot,Ouzo,June 19,,,,,
9379,Jacob,Wine,Historia Red,June 19,,,,,
9378,Miggy,Wine,Historia Red,June 19,,,,,
9377,Jacob,Cocktail,Gin and Tonic,June 19,,,,,
9376,Miggy,Cocktail,Gin and Tonic,June 19,,,,,
9375,Lucas,Beer,Jack Abbeys,June 19,,,,,
9374,Lucas,Seltzer,Bapple,June 19,,,,,
9373,Jacob,Cocktail,Jager Redbull,June 19,,,,,
9372,Lucas,Seltzer,Bapple,June 19,,,,,
9371,Jacob,Cocktail,Gin and Tonic,June 19,,,,,
9370,Miggy,Cocktail,Gin and Tonic,June 19,,,,,
9369,Jacob,Cocktail,Gin and Tonic,June 19,,,,,
9368,Miggy,Cocktail,Gin and Tonic,June 19,,,,,
9367,Jacob,Shot,Jager,June 19,,,,,
9366,Lucas,Beer,Shipyard,June 19,,,,,
9365,Lucas,Beer,Shipyard,June 19,,,,,
9364,Miggy,Cocktail,Gin and Tonic,June 19,,,,,
9363,Jacob,Cocktail,Gin and Tonic,June 19,,,,,
9362,Lucas,Beer,Shipyard,June 19,,,,,
9361,Lucas,Beer,Summerfest,June 19,,,,,
9360,Lucas,Seltzer,Downeast,June 19,,,,,
9359,Lucas,Beer,Shipyard,June 19,,,,,
9358,Lucas,Seltzer,Downeast,June 19,,,,,
9357,Lucas,Seltzer,Downeast,June 19,,,,,
9356,Lucas,Seltzer,Downeast,June 19,,,,,
9355,Lucas,Beer,Sam Summer,June 20,,,,,
9354,Lucas,Beer,Allagash White Ale,June 20,,,,,
9353,Lucas,Beer,Allagash White Ale,June 20,,,,,
9352,Hunter,Beer,Tsingtao,June 20,,,,,
9351,Hunter,Beer,Tsingtao,June 20,,,,,
9350,Owen,Beer,,June 20,,,,,
9349,Maxim,Beer,,June 20,,,,,
9348,Joseph,Beer,,June 20,,,,,
9347,Marek,Beer,,June 20,,,,,
9346,Owen,Beer,,June 20,,,,,
9345,Maxim,Beer,,June 20,,,,,
9344,Joseph,Beer,,June 20,,,,,
9343,Marek,Beer,,June 20,,,,,
9342,Hunter,Shot,White Liquor,June 20,,,,,
9341,Hunter,Shot,White Liquor,June 20,,,,,
9340,Jacob,Shot,Tzipouro,June 20,,,,,
9339,Jacob,Wine,Greek White,June 20,,,,,
9338,Miggy,Wine,Greek White,June 20,,,,,
9337,Miggy,Wine,Greek White,June 20,,,,,
9336,Jacob,Shot,Kumquat Liqueur,June 20,,,,,
9335,Miggy,Shot,Kumquat Liqueur,June 20,,,,,
9334,Owen,Cocktail,Rio Qiangshuang,June 20,,,,,
9333,Marek,Cocktail,Rio Qiangshuang,June 20,,,,,
9332,Joseph,Cocktail,Rio Qiangshuang,June 20,,,,,
9331,Maxim,Cocktail,Rio Qiangshuang,June 20,,,,,
9330,Jacob,Shot,Jager,June 20,,,,,
9329,Jacob,Cocktail,Gin and Tonic,June 20,,,,,
9328,Jacob,Cocktail,Gin and Tonic,June 20,,,,,
9327,Lucas,Beer,Sam Summers,June 20,,,,,
9326,Lucas,Beer,Sam Summers,June 20,,,,,
9325,Lucas,Beer,Sam Summers,June 20,,,,,
9324,Hunter,Beer,Chinese Guiness,June 21,,,,,
9323,Hunter,Beer,Corona,June 21,,,,,
9322,Marek,Beer,Chang,June 21,,,,,
9321,Maxim,Beer,Chang,June 21,,,,,
9320,Joseph,Beer,Chang,June 21,,,,,
9319,Lucas,Beer,Sam Summers,June 21,,,,,
9318,Hunter,Beer,,June 21,,,,,
9317,Cole,Cocktail,Strawberry Caiprinha,June 21,,,,,
9316,Lucas,Beer,Sam Summers,June 21,,,,,
9315,Lucas,Beer,Sam Summers,June 21,,,,,
9314,Marek,Other,Soju,June 21,,,,,
9313,Maxim,Other,Soju,June 21,,,,,
9312,Joseph,Other,Soju,June 21,,,,,
9311,Marek,Beer,Carabao,June 21,,,,,
9310,Maxim,Beer,Carabao,June 21,,,,,
9309,Joseph,Beer,Carabao,June 21,,,,,
9308,Joseph,Beer,Carabao,June 21,,,,,
9307,Marek,Other,Soju,June 21,,,,,
9306,Maxim,Other,Soju,June 21,,,,,
9305,Joseph,Other,Soju,June 21,,,,,
9304,Lucas,Beer,Sam Summers,June 21,,,,,
9303,Lucas,Beer,Sam Summers,June 21,,,,,
9302,Lucas,Beer,Mich Ultra,June 21,,,,,
9301,Lucas,Beer,Sam Summers,June 21,,,,,
9300,Marek,Cocktail,Sex on the Beach,June 21,,,,,
9299,Joseph,Cocktail,Sex on the Beach,June 21,,,,,
9298,Jacob,Beer,Tirana Pilsner,June 21,,,,,
9297,Marek,Cocktail,Rum and Coke,June 21,,,,,
9296,Maxim,Cocktail,Rum and Coke,June 21,,,,,
9295,Joseph,Cocktail,Rum and Coke,June 21,,,,,
9294,Jacob,Wine,Albanian Kalmet Red,June 21,,,,,
9293,Miggy,Wine,Albanian Kalmet Red,June 21,,,,,
9292,Jacob,Wine,Albanian Kalmet Red,June 21,,,,,
9291,Miggy,Wine,Albanian Kalmet Red,June 21,,,,,
9290,Jacob,Shot,Rakija,June 21,,,,,
9289,Miggy,Shot,Rakija,June 21,,,,,
9288,Jacob,Shot,Rakija,June 21,,,,,
9287,Miggy,Shot,Rakija,June 21,,,,,
9286,Jacob,Shot,Rakija,June 21,,,,,
9285,Miggy,Shot,Rakija,June 21,,,,,
9284,Lucas,Cocktail,Paloma,June 21,,,,,
9283,Lucas,Beer,Kona,June 21,,,,,
9282,Jacob,Cocktail,Jagerbomb,June 21,,,,,
9281,Jacob,Cocktail,Gin and Tonic,June 21,,,,,
9280,Miggy,Cocktail,Gin and Tonic,June 21,,,,,
9279,Jacob,Cocktail,Jagerbomb,June 21,,,,,
9278,Miggy,Cocktail,Jagerbomb,June 21,,,,,
9277,Jacob,Cocktail,Lemon Gin,June 22,,,,,
9276,Miggy,Cocktail,Lemon Gin,June 22,,,,,
9275,Jacob,Cocktail,Lemon Gin,June 22,,,,,
9274,Miggy,Cocktail,Lemon Gin,June 22,,,,,
9273,Jacob,Shot,Gin,June 22,,,,,
9272,Miggy,Cocktail,Lemon Gin,June 22,,,,,
9271,Hunter,Wine,White,June 22,,,,,
9270,Hunter,Wine,Red,June 22,,,,,
9269,Marek,Beer,Chang,June 22,,,,,
9268,Maxim,Beer,Chang,June 22,,,,,
9267,Joseph,Beer,Chang,June 22,,,,,
9266,Marek,Beer,Chang,June 22,,,,,
9265,Maxim,Cocktail,,June 22,,,,,
9264,Joseph,Cocktail,,June 22,,,,,
9263,Marek,Cocktail,,June 22,,,,,
9262,Maxim,Beer,Singha,June 22,,,,,
9261,Joseph,Beer,Singha,June 22,,,,,
9260,Marek,Beer,Singha,June 22,,,,,
9259,Maxim,Cocktail,,June 22,,,,,
9258,Joseph,Cocktail,,June 22,,,,,
9257,Marek,Cocktail,,June 22,,,,,
9256,Joseph,Cocktail,Long Island,June 22,,,,,
9255,Joseph,Cocktail,,June 22,,,,,
9254,Maxim,Cocktail,,June 22,,,,,
9253,Joseph,Shot,Johnnie Walker,June 23,,,,,
9252,Maxim,Shot,Johnnie Walker,June 23,,,,,
9251,Avi,Beer,Miller Lite,June 23,,,,,
9250,Lucas,Beer,Boom Sauce,June 23,,,,,
9249,Hunter,Beer,Heineken,June 23,,,,,
9248,Marek,Beer,San Miguel,June 23,,,,,
9247,Joseph,Beer,San Miguel,June 23,,,,,
9246,Marek,Cocktail,Smirnoff Ice,June 23,,,,,
9245,Joseph,Seltzer,Strong Zero,June 23,,,,,
9244,Marek,Cocktail,Smirnoff Ice,June 23,,,,,
9243,Joseph,Cocktail,Smirnoff Ice,June 23,,,,,
9242,Joseph,Beer,Singha,June 23,,,,,
9241,Marek,Beer,Singha,June 23,,,,,
9240,Jacob,Shot,Cherry Liqueur,June 23,,,,,
9239,Miggy,Shot,Cherry Liqueur,June 23,,,,,
9238,Jacob,Beer,Pan Radler,June 23,,,,,
9237,Miggy,Beer,Ozujsko,June 23,,,,,
9236,Jacob,Beer,Ozujsko,June 23,,,,,
9235,Jacob,Cocktail,Gin and Tonic,June 23,,,,,
9234,Miggy,Cocktail,Gin and Tonic,June 23,,,,,
9233,Jacob,Shot,Jager,June 23,,,,,
9232,Hunter,Beer,Chinese Beer,June 24,,,,,
9231,Hunter,Beer,Budweiser,June 24,,,,,
9230,Hunter,Beer,Budweiser,June 24,,,,,
9229,Jacob,Beer,Lemon Ozujsko,June 24,,,,,
9228,Liam,Beer,U Medvicku White,June 24,,,,,
9227,Jacob,Beer,Ozujsko,June 24,,,,,
9226,Jacob,Cocktail,Peach Vodka,June 24,,,,,
9225,Miggy,Cocktail,Peach Vodka,June 24,,,,,
9224,Jacob,Wine,Croatian Red,June 24,,,,,
9223,Jacob,Cocktail,Peach Vodka,June 24,,,,,
9222,Miggy,Cocktail,Peach Vodka,June 24,,,,,
9221,Lucas,Beer,617 IPA,June 24,,,,,
9220,Miggy,Cocktail,Jagerbomb,June 24,,,,,
9219,Marek,Cocktail,Mai Tai,June 25,,,,,
9218,Joseph,Cocktail,Mai Tai,June 25,,,,,
9217,Hunter,Beer,Tsingtao,June 25,,,,,
9216,Joseph,Other,Soju,June 25,,,,,
9215,Marek,Other,Soju,June 25,,,,,
9214,Joseph,Cocktail,Jagerbomb,June 25,,,,,
9213,Marek,Cocktail,Jagerbomb,June 25,,,,,
9212,Joseph,Shot,Black cock,June 25,,,,,
9211,Marek,Shot,Black cock,June 25,,,,,
9210,Joseph,Cocktail,Rum and Coke,June 25,,,,,
9209,Marek,Shot,Rum,June 25,,,,,
9208,Joseph,Shot,Rum,June 25,,,,,
9207,Marek,Cocktail,Jagerbomb,June 25,,,,,
9206,Joseph,Cocktail,Jagerbomb,June 25,,,,,
9205,Joseph,Shot,Rum,June 25,,,,,
9204,Joseph,Cocktail,Jagerbomb,June 25,,,,,
9203,Joseph,Cocktail,Long Island,June 25,,,,,
9202,Joseph,Cocktail,Long Island,June 25,,,,,
9201,Jacob,Cocktail,Vodka Sunrise,June 25,,,,,
9200,Miggy,Cocktail,Vodka Soda,June 25,,,,,
9199,Jacob,Seltzer,Somersby,June 25,,,,,
9198,Miggy,Seltzer,Somersby,June 25,,,,,
9197,Miggy,Wine,Red,June 25,,,,,
9196,Jacob,Wine,Red,June 25,,,,,
9195,Jacob,Cocktail,Gin and Tonic,June 25,,,,,
9194,Jacob,Shot,Tequila,June 25,,,,,
9193,Lucas,Cocktail,Moscow Mule,June 25,,,,,
9192,Lucas,Cocktail,Moscow Mule,June 25,,,,,
9191,Liam,Beer,Czech Beer,June 25,,,,,
9190,Hunter,Beer,,June 26,,,,,
9189,Maxim,Wine,Cabernet,June 26,,,,,
9188,Maxim,Beer,Peroni,June 26,,,,,
9187,Miggy,Seltzer,Somersby,June 26,,,,,
9186,Jacob,Shot,Vodka,June 26,,,,,
9185,Miggy,Shot,Vodka,June 26,,,,,
9184,Hunter,Beer,Tsingtao,June 26,,,,,
9183,Hunter,Wine,Sake,June 26,,,,,
9182,Jacob,Shot,Tequila,June 26,,,,,
9181,Jacob,Shot,Tequila,June 26,,,,,
9180,Miggy,Shot,Tequila,June 26,,,,,
9179,Jacob,Seltzer,Grin,June 26,,,,,
9178,Miggy,Seltzer,Grin,June 26,,,,,
9177,Jacob,Seltzer,Somersby,June 26,,,,,
9176,Hunter,Beer,Tsingtao,June 26,,,,,
9175,Hunter,Beer,Chinese Beer,June 27,,,,,
9174,Hunter,Beer,Chinese Beer,June 27,,,,,
9173,Hunter,Beer,Chinese Beer,June 27,,,,,
9172,Marek,Seltzer,Thai Seltzer,June 27,,,,,
9171,Joseph,Seltzer,Thai Seltzer,June 27,,,,,
9170,Hunter,Beer,Blue Girl Lager,June 27,,,,,
9169,Maxim,Cocktail,Aperol Spritz,June 27,,,,,
9168,Marek,Cocktail,Thai Tea Elixir,June 27,,,,,
9167,Jacob,Beer,Grapefruit Pan Radler,June 27,,,,,
9166,Jacob,Beer,Lemon Pan Radler,June 27,,,,,
9165,Marek,Seltzer,Cider,June 27,,,,,
9164,Joseph,Seltzer,Cider,June 27,,,,,
9163,Joseph,Beer,Corona,June 27,,,,,
9162,Jacob,Cocktail,Mango Rum,June 27,,,,,
9161,Avi,Beer,Miller Lite,June 28,,,,,
9160,Lucas,Beer,Sam Summers,June 28,,,,,
9159,Hunter,Beer,Tsingtao,June 27,,,,,
9158,Hunter,Wine,White,June 28,,,,,
9157,Hunter,Wine,White,June 28,,,,,
9156,Hunter,Beer,Tsingtao,June 28,,,,,
9155,Jacob,Beer,Lemon Radler,June 28,,,,,
9154,Hunter,Beer,Tsingtao,June 28,,,,,
9153,Jacob,Seltzer,Somersby,June 28,,,,,
9152,Jacob,Seltzer,Somersby,June 28,,,,,
9151,Miggy,Seltzer,Somersby,June 28,,,,,
9150,Jacob,Cocktail,Gin and Tonic,June 28,,,,,
9149,Marek,Beer,Asahi,June 28,,,,,
9148,Joseph,Seltzer,Thai Cider,June 28,,,,,
9147,Marek,Beer,BeerLao IPA,June 28,,,,,
9146,Joseph,Beer,BeerLao IPA,June 28,,,,,
9145,Maxim,Cocktail,Aperol Spritz,June 28,,,,,
9144,Marek,Cocktail,Long Island,June 28,,,,,
9143,Joseph,Beer,Corona,June 28,,,,,
9142,Joseph,Cocktail,Long Island,June 28,,,,,
9141,Avi,Beer,Miller Lite,June 28,,,,,
9140,Joseph,Beer,Corona,June 28,,,,,
9139,Joseph,Beer,Corona,June 28,,,,,
9138,Avi,Beer,Miller Lite,June 28,,,,,
9137,Joseph,Beer,Corona,June 28,,,,,
9136,Jacob,Seltzer,Somersby,June 28,,,,,
9135,Joseph,Beer,Corona,June 28,,,,,
9134,Maxim,Cocktail,Aperol Spritz,June 28,,,,,
9133,Jacob,Seltzer,Somersby,June 28,,,,,
9132,Miggy,Wine,Red,June 28,,,,,
9131,Cole,Cocktail,Riverboat Margarita,June 28,,,,,
9130,Hunter,Beer,Kirin Ichiban,June 29,,,,,
9129,Hunter,Beer,Kirin Ichiban,June 29,,,,,
9128,Hunter,Beer,Tsingtao,June 29,,,,,
9127,Joseph,Cocktail,Strawberry Margarita,June 29,,,,,
9126,Marek,Cocktail,,June 29,,,,,
9125,Maxim,Beer,Theresianer Lager,June 29,,,,,
9124,Maxim,Cocktail,Aperol Spritz,June 29,,,,,
9123,Jacob,Cocktail,Hugo Spritz,June 29,,,,,
9122,Miggy,Cocktail,Aperol Spritz,June 29,,,,,
9121,Avi,Beer,Miller Lite,June 30,,,,,
9120,Hunter,Beer,Tsingtao,June 30,,,,,
9119,Hunter,Wine,Kuheiji,June 30,,,,,
9118,Hunter,Wine,Merlot,June 30,,,,,
9117,Hunter,Wine,Red,June 30,,,,,
9116,Jacob,Cocktail,Caipiroska,June 30,,,,,
9115,Cole,Cocktail,Blackberry Mojito,July 1,,,,,
9114,Hunter,Beer,Stella Artois,July 1,,,,,
9113,Hunter,Beer,Tsingtao,July 1,,,,,
9112,Hunter,Beer,Tsingtao,July 1,,,,,
9111,Hunter,Beer,Asahi,July 1,,,,,
9110,Jacob,Cocktail,Cuba Libre,July 1,,,,,
9109,Jacob,Cocktail,Cuba Libre,July 1,,,,,
9108,Miggy,Cocktail,Gin and Tonic,July 1,,,,,
9107,Hunter,Beer,Tsingtao,July 2,,,,,
9106,Hunter,Cocktail,Mango Margarita,July 2,,,,,
9105,Hunter,Cocktail,Mango Margarita,July 2,,,,,
9104,Hunter,Beer,,July 2,,,,,
9103,Jacob,Beer,Sarajevsko,July 2,,,,,
9102,Jacob,Cocktail,Gin and Tonic,July 2,,,,,
9101,Maxim,Cocktail,Aperol Spritz,July 2,,,,,
9100,Maxim,Wine,Vin Blanc,July 2,,,,,
9099,Hunter,Beer,Asahi,July 2,,,,,
9098,Marek,Beer,Singha,July 2,,,,,
9097,Jacob,Beer,Zajecarsko,July 2,,,,,
9096,Jacob,Cocktail,Mojito Radler,July 2,,,,,
9095,Miggy,Cocktail,Gin and Tonic,July 2,,,,,
9094,Lucas,Cocktail,Transfusion,July 2,,,,,
9093,Jacob,Cocktail,Gin and Cran,July 2,,,,,
9092,Jacob,Cocktail,Gin and Cran,July 2,,,,,
9091,Miggy,Cocktail,Gin and Cran,July 2,,,,,
9090,Lucas,Cocktail,Gin Spritz,July 3,,,,,
9089,Lucas,Cocktail,Gin and Tonic,July 3,,,,,
9088,Hunter,Cocktail,Espresso Martini,July 3,,,,,
9087,Hunter,Cocktail,Espresso Martini,July 3,,,,,
9086,Hunter,Cocktail,Rendezvous Suzhou,July 3,,,,,
9085,Hunter,Beer,Tsingtao,July 3,,,,,
9084,Hunter,Beer,Tsingtao,July 3,,,,,
9083,Hunter,Beer,Asahi,July 3,,,,,
9082,Hunter,Beer,Hoegaarden,July 3,,,,,
9081,Hunter,Beer,Corona,July 3,,,,,
9080,Hunter,Beer,Hoegaarden,July 3,,,,,
9079,Jacob,Cocktail,Gin and Tonic,July 3,,,,,
9078,Miggy,Cocktail,Gin and Tonic,July 3,,,,,
9077,Avi,Beer,Shandy,July 3,,,,,
9076,Maxim,Wine,Red,July 3,,,,,
9075,Maxim,Wine,Red,July 3,,,,,
9074,Liam,Beer,Hazy IPA,July 3,,,,,
9073,Joseph,Beer,Zero Gravity IPA,July 3,,,,,
9072,Joseph,Seltzer,Downeast,July 3,,,,,
9071,Joseph,Seltzer,Downeast,July 3,,,,,
9070,Hunter,Beer,Mad Dragon,July 3,,,,,
9069,Hunter,Cocktail,Mango Margarita,July 4,,,,,
9068,Hunter,Beer,Mad Dragon,July 4,,,,,
9067,Hunter,Cocktail,Espresso Martini,July 4,,,,,
9066,Hunter,Cocktail,Whiskey Sour,July 4,,,,,
9065,Hunter,Cocktail,Jack and Coke,July 4,,,,,
9064,Hunter,Cocktail,Gin and Tonic,July 4,,,,,
9063,Hunter,Cocktail,Gin and Tonic,July 4,,,,,
9062,Hunter,Beer,Wegger Beer,July 4,,,,,
9061,Hunter,Beer,Asahi,July 4,,,,,
9060,Hunter,Cocktail,,July 4,,,,,
9059,Avi,Beer,Modelo,July 4,,,,,
9058,Miggy,Cocktail,Gin and Tonic,July 4,,,,,
9057,Hunter,Beer,Corona,July 4,,,,,
9056,Avi,Beer,Modelo,July 4,,,,,
9055,Hunter,Cocktail,,July 4,,,,,
9054,Liam,Beer,Sam Summer,July 4,,,,,
9053,Avi,Beer,Modelo,July 4,,,,,
9052,Avi,Beer,Modelo,July 4,,,,,
9051,Miggy,Beer,Dreher Gold,July 4,,,,,
9050,Hunter,Shot,Tequila,July 4,,,,,
9049,Lucas,Beer,Guinness Stout,July 4,,,,,
9048,Lucas,Seltzer,High Noon,July 4,,,,,
9047,Miggy,Cocktail,Vodka Soda,July 4,,,,,
9046,Lucas,Beer,Summer Shandy,July 4,,,,,
9045,Avi,Beer,Modelo,July 4,,,,,
9044,Avi,Seltzer,Downeast,July 4,,,,,
9043,Avi,Cocktail,Rum and Coke,July 4,,,,,
9042,Avi,Shot,Apple Vodka,July 4,,,,,
9041,Lucas,Cocktail,Jalapeno Margarita,July 4,,,,,
9040,Joseph,Beer,Corona,July 4,,,,,
9039,Joseph,Beer,Corona,July 4,,,,,
9038,Joseph,Beer,Corona,July 4,,,,,
9037,Marek,Beer,Singha,July 5,,,,,
9036,Lucas,Beer,Summer Shandy,July 4,,,,,
9035,Hunter,Shot,Tequila,July 4,,,,,
9034,Hunter,Shot,Tequila,July 4,,,,,
9033,Maxim,Beer,,July 5,,,,,
9032,Joseph,Shot,,July 5,,,,,
9031,Joseph,Shot,,July 5,,,,,
9030,Lucas,Shot,,July 5,,,,,
9029,Lucas,Shot,,July 5,,,,,
9028,Miggy,Cocktail,Gin and Tonic,July 5,,,,,
9027,Miggy,Cocktail,Fanta Vodka,July 5,,,,,
9026,Joseph,Beer,Corona,July 5,,,,,
9025,Miggy,Beer,Heineken,July 5,,,,,
9024,Miggy,Beer,Soproni,July 5,,,,,
9023,Avi,Wine,Sangria,July 5,,,,,
9022,Lucas,Cocktail,Tequila Soda,July 5,,,,,
9021,Lucas,Cocktail,Hugo Spritz,July 5,,,,,
9020,Joseph,Beer,Corona,July 5,,,,,
9019,Lucas,Seltzer,Downeast,July 5,,,,,
9018,Joseph,Seltzer,Downeast,July 5,,,,,
9017,Lucas,Seltzer,High Noon,July 5,,,,,
9016,Lucas,Seltzer,Downeast,July 5,,,,,
9015,Joseph,Seltzer,Downeast,July 6,,,,,
9014,Joseph,Beer,,July 6,,,,,
9013,Hunter,Beer,Tsingtao,July 6,,,,,
9012,Hunter,Beer,Stella Artois,July 6,,,,,
9011,Hunter,Beer,Tsingtao,July 6,,,,,
9010,Joseph,Beer,Modelo,July 6,,,,,
9009,Joseph,Seltzer,Downeast,July 6,,,,,
9008,Joseph,Seltzer,Downeast,July 6,,,,,
9007,Hunter,Beer,Goose Island,July 6,,,,,
9006,Hunter,Beer,Goose Island,July 6,,,,,
9005,Marek,Beer,Singha,July 6,,,,,
9004,Joseph,Seltzer,Downeast,July 7,,,,,
9003,Joseph,Seltzer,Downeast,July 7,,,,,
9002,Jacob,Beer,Victory Royale IPA,July 7,,,,,
9001,Lucas,Beer,Blue Moon,July 7,,,,,
9000,Joseph,Seltzer,Downeast,July 7,,,,,
8999,Lucas,Beer,Corona,July 7,,,,,
8998,Maxim,Wine,Red,July 8,,,,,
8997,Maxim,Cocktail,Aperol Spritz,July 8,,,,,
8996,Maxim,Wine,Red,July 8,,,,,
8995,Maxim,Wine,Red,July 8,,,,,
8994,Miggy,Wine,Red,July 8,,,,,
8993,Miggy,Wine,Red,July 8,,,,,
8992,Hunter,Beer,Mad Dragon,July 8,,,,,
8991,Avi,Beer,Michelin,July 8,,,,,
8990,Lucas,Cocktail,Hugo Spritz,July 8,,,,,
8989,Joseph,Seltzer,Downeast,July 8,,,,,
8988,Hunter,Beer,Starnborough,July 8,,,,,
8987,Hunter,Beer,Corona,July 9,,,,,
8986,Marek,Beer,Asahi,July 9,,,,,
8985,Hunter,Wine,Chardonnay,July 9,,,,,
8984,Jacob,Beer,Victory Royale IPA,July 9,,,,,
8983,Joseph,Seltzer,,July 9,,,,,
8982,Joseph,Beer,Budweiser,July 9,,,,,
8981,Joseph,Seltzer,Downeast,July 9,,,,,
8980,Hunter,Beer,IPA,July 9,,,,,
8979,Avi,Seltzer,Downeast,July 10,,,,,
8978,Miggy,Wine,Red,July 10,,,,,
8977,Joseph,Seltzer,Downeast,July 10,,,,,
8976,Hunter,Wine,Pinot Grigio,July 11,,,,,
8975,Hunter,Beer,Guiness,July 11,,,,,
8974,Marek,Beer,Singha,July 11,,,,,
8973,Marek,Cocktail,Vodka Bucket,July 11,,,,,
8972,Marek,Cocktail,Vodka Bucket,July 11,,,,,
8971,Marek,Cocktail,Vodka Redbull Bucket,July 11,,,,,
8970,Marek,Shot,Tequila,July 11,,,,,
8969,Marek,Cocktail,Vodka Bucket,July 11,,,,,
8968,Marek,Shot,Tequila,July 11,,,,,
8967,Marek,Cocktail,Vodka Bucket,July 11,,,,,
8966,Miggy,Wine,Red,July 11,,,,,
8965,Miggy,Wine,Red,July 11,,,,,
8964,Marek,Cocktail,Vodka Redbull,July 11,,,,,
8963,Joseph,Wine,Pinot Grigio,July 11,,,,,
8962,Miggy,Wine,Red,July 11,,,,,
8961,Miggy,Wine,Red,July 11,,,,,
8960,Kacper,Beer,Modelo,July 11,,,,,
8959,Lucas,Beer,Shift Beer,July 11,,,,,
8958,Jacob,Cocktail,Tequila Soda,July 12,,,,,
8957,Marek,Beer,Singha,July 12,,,,,
8956,Marek,Beer,Singha,July 12,,,,,
8955,Marek,Beer,Singha,July 12,,,,,
8954,Marek,Cocktail,Smirnoff Ice,July 12,,,,,
8953,Jacob,Beer,Guinness,July 12,,,,,
8952,Marek,Cocktail,Smirnoff Ice,July 12,,,,,
8951,Hunter,Beer,Modelo,July 12,,,,,
8950,Marek,Beer,Singha,July 12,,,,,
8949,Marek,Shot,Tequila,July 12,,,,,
8948,Miggy,Wine,White,July 12,,,,,
8947,Marek,Cocktail,Smirnoff Ice,July 12,,,,,
8946,Miggy,Wine,Sabered Champagne,July 12,,,,,
8945,Joseph,Beer,Corona,July 12,,,,,
8944,Joseph,Shot,Casamigos,July 12,,,,,
8943,Joseph,Cocktail,Margarita,July 12,,,,,
8942,Hunter,Beer,Modelo,July 12,,,,,
8941,Joseph,Shot,Don Julio,July 12,,,,,
8940,Marek,Beer,Singha,July 12,,,,,
8939,Joseph,Cocktail,Margarita,July 12,,,,,
8938,Jacob,Cocktail,Margarita,July 12,,,,,
8937,Marek,Beer,Singha,July 12,,,,,
8936,Jacob,Cocktail,Margarita,July 12,,,,,
8935,Jacob,Cocktail,Margarita,July 12,,,,,
8934,Joseph,Beer,Corona,July 12,,,,,
8933,Jacob,Other,Soju,July 12,,,,,
8932,Miggy,Shot,Fireball,July 12,,,,,
8931,Miggy,Beer,Corona,July 12,,,,,
8930,Joseph,Shot,Don Julio,July 12,,,,,
8929,Avi,Beer,Pilsner,July 12,,,,,
8928,Liam,Beer,Coors Light,July 12,,,,,
8927,Joseph,Cocktail,Margarita,July 12,,,,,
8926,Jacob,Cocktail,Frozen Margarita,July 12,,,,,
8925,Avi,Beer,Ultra,July 12,,,,,
8924,Joseph,Beer,Corona,July 12,,,,,
8923,Jacob,Seltzer,Downeast,July 12,,,,,
8922,Joseph,Beer,Corona,July 12,,,,,
8921,Lucas,Beer,Shift Beer,July 12,,,,,
8920,Hunter,Beer,Corona,July 12,,,,,
8919,Hunter,Beer,Corona,July 12,,,,,
8918,Liam,Beer,Coors Light,July 13,,,,,
8917,Miggy,Wine,White,July 13,,,,,
8916,Lucas,Beer,Sip of Sunshine,July 13,,,,,
8915,Hunter,Beer,Firestone Walker,July 13,,,,,
8914,Hunter,Beer,Corona,July 13,,,,,
8913,Hunter,Seltzer,High Noon,July 13,,,,,
8912,Hunter,Beer,Firestone Walker,July 13,,,,,
8911,Liam,Beer,Coors Light,July 13,,,,,
8910,Jacob,Wine,White,July 13,,,,,
8909,Jacob,Wine,White,July 13,,,,,
8908,Hunter,Wine,Chardonnay,July 13,,,,,
8907,Maxim,Beer,Bud Light,July 13,,,,,
8906,Hunter,Wine,Chardonnay,July 13,,,,,
8905,Hunter,Beer,Corona,July 13,,,,,
8904,Maxim,Beer,Bud Light,July 13,,,,,
8903,Avi,Beer,Michelin Ultra,July 13,,,,,
8902,Liam,Beer,Coors Light,July 13,,,,,
8901,Maxim,Seltzer,Seagrams,July 13,,,,,
8900,Hunter,Beer,,July 13,,,,,
8899,Maxim,Beer,Corona,July 13,,,,,
8898,Hunter,Beer,,July 13,,,,,
8897,Joseph,Beer,Corona,July 14,,,,,
8896,Liam,Beer,Coors Light,July 14,,,,,
8895,Hunter,Beer,Guinness,July 14,,,,,
8894,Hunter,Cocktail,Mai Tai,July 14,,,,,
8893,Lucas,Cocktail,Spritz,July 14,,,,,
8892,Lucas,Cocktail,Spritz,July 14,,,,,
8891,Hunter,Beer,Corona,July 15,,,,,
8890,Marek,Beer,Singha,July 15,,,,,
8889,Marek,Other,Soju,July 15,,,,,
8888,Hunter,Beer,,July 15,,,,,
8887,Lucas,Cocktail,Margarita,July 15,,,,,
8886,Lucas,Cocktail,Gin Cocktail,July 15,,,,,
8885,Avi,Cocktail,Daquiri,July 15,,,,,
8884,Avi,Seltzer,Blueberry Cider,July 15,,,,,
8883,Cole,Cocktail,Tequila Cocktail,July 15,,,,,
8882,Lucas,Cocktail,Gin Cocktail,July 15,,,,,
8881,Lucas,Cocktail,Gin Cocktail,July 15,,,,,
8880,Hunter,Wine,Cavit,July 15,,,,,
8879,Hunter,Wine,Cavit,July 15,,,,,
8878,Maxim,Wine,Sangria,July 15,,,,,
8877,Hunter,Beer,Michelin Ultra,July 16,,,,,
8876,Joseph,Beer,Corona,July 16,,,,,
8875,Miggy,Beer,Sapporo,July 16,,,,,
8874,Hunter,Beer,Sapporo,July 16,,,,,
8873,Joseph,Beer,Sapporo,July 16,,,,,
8872,Lucas,Cocktail,Bacardi Pineapple,July 16,,,,,
8871,Lucas,Cocktail,Pina Colada,July 16,,,,,
8870,Lucas,Cocktail,Rum Cocktail,July 16,,,,,
8869,Hunter,Beer,Coors Light,July 16,,,,,
8868,Joseph,Beer,Coors Light,July 16,,,,,
8867,Hunter,Beer,Coors Light,July 16,,,,,
8866,Hunter,Beer,Spindrift,July 16,,,,,
8865,Miggy,Beer,Coors Light,July 16,,,,,
8864,Jacob,Seltzer,Magners,July 16,,,,,
8863,Hunter,Beer,Coors Light,July 16,,,,,
8862,Marek,Beer,Tiger,July 17,,,,,
8861,Marek,Cocktail,Long Island,July 17,,,,,
8860,Liam,Beer,Coors Light,July 17,,,,,
8859,Marek,Shot,Belvedere,July 17,,,,,
8858,Marek,Shot,Belvedere,July 17,,,,,
8857,Marek,Shot,Belvedere,July 17,,,,,
8856,Marek,Shot,Belvedere,July 17,,,,,
8855,Kacper,Beer,Shiner,July 17,,,,,
8854,Liam,Beer,Coors Light,July 17,,,,,
8853,Joseph,Beer,Corona,July 17,,,,,
8852,Hunter,Beer,Coors Light,July 17,,,,,
8851,Hunter,Shot,Moonshine,July 17,,,,,
8850,Hunter,Beer,Coors Light,July 17,,,,,
8849,Joseph,Cocktail,,July 17,,,,,
8848,Miggy,Wine,White,July 17,,,,,
8847,Jacob,Wine,White,July 17,,,,,
8846,Avi,Beer,Michelin Ultra,July 17,,,,,
8845,Miggy,Wine,White,July 17,,,,,
8844,Jacob,Wine,White,July 17,,,,,
8843,Liam,Wine,Prosecco,July 17,,,,,
8842,Hunter,Seltzer,Downeast,July 17,,,,,
8841,Lucas,Cocktail,Gin and Tonic,July 17,,,,,
8840,Lucas,Cocktail,Gin and Tonic,July 17,,,,,
8839,Hunter,Beer,,July 17,,,,,
8838,Joseph,Cocktail,Mai Tai,July 18,,,,,
8837,Marek,Beer,Bintang,July 18,,,,,
8836,Joseph,Seltzer,,July 18,,,,,
8835,Joseph,Cocktail,Mai Tai,July 18,,,,,
8834,Marek,Beer,Bintang,July 18,,,,,
8833,Liam,Beer,Coors Light,July 18,,,,,
8832,Marek,Beer,Bintang,July 18,,,,,
8831,Joseph,Beer,Corona,July 18,,,,,
8830,Joseph,Beer,Corona,July 18,,,,,
8829,Avi,Beer,Michelin Ultra,July 18,,,,,
8828,Avi,Beer,,July 18,,,,,
8827,Hunter,Shot,Jello,July 18,,,,,
8826,Hunter,Beer,Coors Light,July 18,,,,,
8825,Hunter,Beer,Coors Light,July 18,,,,,
8824,Marek,Cocktail,,July 18,,,,,
8823,Maxim,Cocktail,Aperol Spritz,July 18,,,,,
8822,Miggy,Wine,White,July 18,,,,,
8821,Jacob,Wine,White,July 18,,,,,
8820,Hunter,Beer,Modelo,July 18,,,,,
8819,Hunter,Beer,Coors Light,July 18,,,,,
8818,Miggy,Wine,White,July 18,,,,,
8817,Jacob,Wine,White,July 18,,,,,
8816,Avi,Cocktail,Amalfi Spritz,July 18,,,,,
8815,Hunter,Beer,Modelo,July 18,,,,,
8814,Jacob,Shot,Limoncello,July 18,,,,,
8813,Miggy,Shot,Limoncello,July 18,,,,,
8812,Jacob,Shot,Limoncello,July 18,,,,,
8811,Miggy,Shot,Limoncello,July 18,,,,,
8810,Miggy,Other,Soju,July 18,,,,,
8809,Jacob,Other,Soju,July 18,,,,,
8808,Jacob,Other,Soju,July 18,,,,,
8807,Jacob,Cocktail,Vodka Redbull,July 18,,,,,
8806,Miggy,Cocktail,Vodka Redbull,July 18,,,,,
8805,Jacob,Shot,Vodka,July 18,,,,,
8804,Miggy,Shot,Vodka,July 18,,,,,
8803,Jacob,Shot,Vodka,July 18,,,,,
8802,Miggy,Shot,Vodka,July 18,,,,,
8801,Miggy,Other,Soju,July 18,,,,,
8800,Jacob,Other,Soju,July 18,,,,,
8799,Miggy,Seltzer,White Claw,July 18,,,,,
8798,Jacob,Seltzer,White Claw,July 18,,,,,
8797,Jacob,Shot,Vodka,July 18,,,,,
8796,Marek,Cocktail,Vodka Cran,July 19,,,,,
8795,Marek,Cocktail,Tequila Soda,July 19,,,,,
8794,Marek,Cocktail,Tequila Soda,July 19,,,,,
8793,Marek,Beer,Bintang,July 19,,,,,
8792,Marek,Cocktail,,July 19,,,,,
8791,Marek,Cocktail,Vodka Watermelon,July 19,,,,,
8790,Lucas,Beer,Kona,July 19,,,,,
8789,Joseph,Beer,Fiddlehead,July 19,,,,,
8788,Hunter,Beer,Michelin Ultra,July 19,,,,,
8787,Joseph,Beer,Singha,July 19,,,,,
8786,Miggy,Wine,White,July 19,,,,,
8785,Jacob,Wine,White,July 19,,,,,
8784,Liam,Beer,Coors Light,July 19,,,,,
8783,Jacob,Wine,Red,July 19,,,,,
8782,Jacob,Wine,Red,July 19,,,,,
8781,Liam,Beer,Coors Light,July 19,,,,,
8780,Liam,Beer,Coors Light,July 19,,,,,
8779,Lucas,Cocktail,Woodford,July 19,,,,,
8778,Lucas,Shot,Jackfire Shot,July 19,,,,,
8777,Lucas,Seltzer,Citizen Cider,July 19,,,,,
8776,Liam,Beer,Coors Light,July 19,,,,,
8775,Lucas,Cocktail,Nutril,July 19,,,,,
8774,Lucas,Beer,Kona,July 19,,,,,
8773,Marek,Shot,Lemon Drop,July 19,,,,,
8772,Marek,Beer,Bintang,July 19,,,,,
8771,Marek,Beer,Bintang,July 19,,,,,
8770,Marek,Beer,Bintang,July 19,,,,,
8769,Marek,Beer,Bintang,July 19,,,,,
8768,Marek,Cocktail,Vodka Guava,July 20,,,,,
8767,Marek,Cocktail,Vodka Guava,July 20,,,,,
8766,Marek,Beer,Bintang,July 20,,,,,
8765,Marek,Beer,Bintang,July 20,,,,,
8764,Marek,Beer,Bintang,July 20,,,,,
8763,Lucas,Beer,Kona,July 20,,,,,
8762,Lucas,Beer,Kona,July 20,,,,,
8761,Joseph,Beer,Corona,July 20,,,,,
8760,Hunter,Beer,Kona,July 20,,,,,
8759,Hunter,Beer,Kona,July 20,,,,,
8758,Maxim,Beer,Kona,July 20,,,,,
8757,Maxim,Beer,Celtics Lager,July 20,,,,,
8756,Lucas,Beer,Kona,July 20,,,,,
8755,Joseph,Beer,Kona,July 20,,,,,
8754,Hunter,Beer,Corona,July 20,,,,,
8753,Miggy,Cocktail,Rum Espresso,July 20,,,,,
8752,Maxim,Beer,Kona,July 20,,,,,
8751,Lucas,Beer,Kona,July 20,,,,,
8750,Joseph,Beer,Corona,July 20,,,,,
8749,Hunter,Beer,Corona,July 20,,,,,
8748,Joseph,Beer,Corona,July 20,,,,,
8747,Hunter,Beer,Corona,July 20,,,,,
8746,Joseph,Beer,Corona,July 20,,,,,
8745,Lucas,Beer,Kona,July 20,,,,,
8744,Lucas,Beer,Kona,July 20,,,,,
8743,Joseph,Beer,Corona,July 20,,,,,
8742,Maxim,Beer,Kona,July 20,,,,,
8741,Maxim,Wine,Red,July 20,,,,,
8740,Lucas,Beer,Kona,July 20,,,,,
8739,Lucas,Beer,Kona,July 20,,,,,
8738,Joseph,Beer,Corona,July 20,,,,,
8737,Maxim,Shot,Titos,July 20,,,,,
8736,Joseph,Beer,Corona,July 20,,,,,
8735,Maxim,Beer,Corona,July 20,,,,,
8734,Hunter,Beer,Jack Abbeys,July 20,,,,,
8733,Lucas,Beer,Kona,July 20,,,,,
8732,Lucas,Beer,Kona,July 20,,,,,
8731,Joseph,Beer,Corona,July 20,,,,,
8730,Joseph,Beer,Coors Light,July 20,,,,,
8729,Lucas,Beer,Coors Light,July 20,,,,,
8728,Maxim,Beer,Coors Light,July 20,,,,,
8727,Hunter,Beer,Coors Light,July 20,,,,,
8726,Joseph,Beer,Corona,July 20,,,,,
8725,Hunter,Beer,Michelin Ultra,July 20,,,,,
8724,Liam,Beer,Coors Light,July 20,,,,,
8723,Avi,Beer,Michelin Ultra,July 20,,,,,
8722,Joseph,Shot,Jello shot,July 20,,,,,
8721,Lucas,Shot,Jello shot,July 20,,,,,
8720,Maxim,Shot,Jello shot,July 20,,,,,
8719,Hunter,Shot,Jello shot,July 20,,,,,
8718,Lucas,Beer,,July 20,,,,,
8717,Joseph,Beer,,July 20,,,,,
8716,Hunter,Beer,,July 20,,,,,
8715,Lucas,Beer,,July 20,,,,,
8714,Maxim,Beer,Adams Summer Ale,July 20,,,,,
8713,Hunter,Beer,,July 20,,,,,
8712,Lucas,Beer,,July 20,,,,,
8711,Joseph,Beer,,July 20,,,,,
8710,Lucas,Beer,,July 20,,,,,
8709,Marek,Beer,Bintang,July 21,,,,,
8708,Marek,Beer,Bintang,July 21,,,,,
8707,Marek,Cocktail,Vodka Redbull,July 21,,,,,
8706,Marek,Beer,Bintang,July 21,,,,,
8705,Marek,Beer,Bintang,July 21,,,,,
8704,Marek,Beer,Bintang,July 21,,,,,
8703,Marek,Beer,Bintang,July 21,,,,,
8702,Marek,Beer,Bintang,July 21,,,,,
8701,Marek,Beer,Bintang,July 21,,,,,
8700,Liam,Beer,Guinness,July 21,,,,,
8699,Jacob,Beer,Guinness,July 21,,,,,
8698,Liam,Seltzer,Angry Apple,July 21,,,,,
8697,Maxim,Wine,White,July 21,,,,,
8696,Maxim,Shot,Jello shot,July 21,,,,,
8695,Marek,Beer,Bintang,July 22,,,,,
8694,Marek,Cocktail,Sassy Flower,July 22,,,,,
8693,Marek,Beer,Albens,July 22,,,,,
8692,Marek,Cocktail,Smirnoff Ice,July 22,,,,,
8691,Hunter,Beer,Coors Light,July 22,,,,,
8690,Jacob,Seltzer,Downeast,July 22,,,,,
8689,Jacob,Seltzer,Downeast,July 22,,,,,
8688,Marek,Cocktail,Twist My Melon,July 22,,,,,
8687,Marek,Cocktail,Twist My Melon,July 22,,,,,
8686,Marek,Cocktail,Long Island,July 22,,,,,
8685,Marek,Beer,Bintang,July 23,,,,,
8684,Marek,Beer,Bintang,July 23,,,,,
8683,Liam,Beer,,July 23,,,,,
8682,Miggy,Seltzer,Downeast,July 23,,,,,
8681,Jacob,Beer,Michelada,July 23,,,,,
8680,Hunter,Wine,Red,July 23,,,,,
8679,Hunter,Beer,Coors Light,July 23,,,,,
8678,Lucas,Beer,,July 23,,,,,
8677,Lucas,Beer,Kona,July 23,,,,,
8676,Joseph,Beer,Corona,July 23,,,,,
8675,Hunter,Beer,Corona,August 3,,,,,
8674,Hunter,Beer,Pabst Light,August 4,,,,,
8673,Lucas,Seltzer,Downeast,August 16,,,,,
8672,Hunter,Beer,Coors Light,August 29,,,,,
8671,Cole,Beer,Corona,August 30,,,,,
8670,Joseph,Wine,Rose,September 12,,,,,
8669,Avi,Beer,Coors Light,September 12,,,,,
8668,Cole,Seltzer,Bold Rock,September 12,,,,,
8667,Lucas,Wine,Rose,September 12,,,,,
8666,Jacob,Cocktail,Gin and Tonic,September 12,,,,,
8665,Hunter,Beer,Coors Light,July 23,,,,,
8664,Kacper,Beer,Miller Lite,July 23,,,,,
8663,Hunter,Beer,Coors Light,July 23,,,,,
8662,Jacob,Beer,Guinness,July 23,,,,,
8661,Liam,Beer,Guinness,July 23,,,,,
8660,Lucas,Cocktail,Hugo Spritz,July 23,,,,,
8659,Lucas,Cocktail,Hugo Spritz,July 23,,,,,
8658,Jacob,Shot,Green Tea,July 23,,,,,
8657,Liam,Shot,Green Tea,July 23,,,,,
8656,Liam,Shot,Green Tea,July 23,,,,,
8655,Marek,Beer,Bintang,July 24,,,,,
8654,Joseph,Beer,Corona,July 24,,,,,
8653,Joseph,Cocktail,Margarita,July 24,,,,,
8652,Joseph,Cocktail,Margarita,July 24,,,,,
8651,Hunter,Beer,Coors Light,July 24,,,,,
8650,Liam,Cocktail,Margarita,July 24,,,,,
8649,Jacob,Cocktail,Peach Cocktail,July 24,,,,,
8648,Jacob,Beer,Goose Island IPA,July 24,,,,,
8647,Avi,Beer,Corona,July 24,,,,,
8646,Avi,Beer,Corona,July 24,,,,,
8645,Jacob,Wine,Bellini,July 26,,,,,
8644,Jacob,Wine,Bellini,July 26,,,,,
8643,Jacob,Wine,Bellini,July 26,,,,,
8642,Jacob,Wine,Bellini,July 26,,,,,
8641,Jacob,Wine,Bellini,July 26,,,,,
8640,Jacob,Wine,Bellini,July 26,,,,,
8639,Jacob,Wine,Bellini,July 26,,,,,
8638,Jacob,Wine,Bellini,July 26,,,,,
8637,Jacob,Shot,Tequila,July 26,,,,,
8636,Lucas,Beer,"Hi, Jack!",July 26,,,,,
8635,Maxim,Cocktail,Peach Vodka,July 26,,,,,
8634,Jacob,Seltzer,Nutrl,July 26,,,,,
8633,Jacob,Seltzer,Nutrl,July 26,,,,,
8632,Joseph,Beer,Corona,July 26,,,,,
8631,Jacob,Beer,Miller Lite,July 26,,,,,
8630,Jacob,Beer,Miller Lite,July 26,,,,,
8629,Joseph,Seltzer,Downeast,July 26,,,,,
8628,Jacob,Beer,Miller Lite,July 26,,,,,
8627,Joseph,Seltzer,Downeast,July 26,,,,,
8626,Joseph,Seltzer,Downeast,July 26,,,,,
8625,Joseph,Seltzer,Downeast,July 26,,,,,
8624,Hunter,Beer,Busch Light,July 26,,,,,
8623,Joseph,Seltzer,Downeast,July 26,,,,,
8622,Hunter,Beer,Busch Light,July 26,,,,,
8621,Hunter,Beer,Busch Light,July 26,,,,,
8620,Hunter,Beer,Hamm,July 26,,,,,
8619,Hunter,Beer,Busch Light,July 26,,,,,
8618,Jacob,Shot,Captain Morgan,July 26,,,,,
8617,Joseph,Cocktail,,July 26,,,,,
8616,Hunter,Beer,Hamm,July 26,,,,,
8615,Joseph,Seltzer,Downeast,July 26,,,,,
8614,Hunter,Beer,Hamm,July 26,,,,,
8613,Hunter,Beer,Hamm,July 26,,,,,
8612,Joseph,Cocktail,,July 26,,,,,
8611,Lucas,Beer,Kona,July 26,,,,,
8610,Lucas,Beer,Allagash White,July 27,,,,,
8609,Lucas,Beer,Allagash White,July 27,,,,,
8608,Lucas,Beer,Coors Light,July 27,,,,,
8607,Lucas,Beer,Coors Light,July 27,,,,,
8606,Lucas,Beer,Coors Light,July 27,,,,,
8605,Lucas,Beer,Coors Light,July 27,,,,,
8604,Miggy,Beer,Sapporo,July 27,,,,,
8603,Miggy,Beer,Sapporo,July 27,,,,,
8602,Joseph,Beer,Coors Light,July 27,,,,,
8601,Liam,Beer,Coors Light,July 27,,,,,
8600,Lucas,Beer,Coors Light,July 27,,,,,
8599,Joseph,Beer,Wicked,July 27,,,,,
8598,Joseph,Beer,Corona,July 27,,,,,
8597,Lucas,Beer,Coors Light,July 27,,,,,
8596,Lucas,Beer,Coors Light,July 27,,,,,
8595,Joseph,Beer,Coors Light,July 27,,,,,
8594,Lucas,Beer,Maine Lunch,July 27,,,,,
8593,Liam,Beer,Coors Light,July 27,,,,,
8592,Joseph,Cocktail,Gin and Tonic,July 27,,,,,
8591,Lucas,Cocktail,Gin and Tonic,July 27,,,,,
8590,Joseph,Beer,Kona,July 27,,,,,
8589,Lucas,Beer,Kona,July 27,,,,,
8588,Jacob,Beer,Goose Island IPA,July 27,,,,,
8587,Jacob,Beer,Goose Island IPA,July 27,,,,,
8586,Joseph,Beer,,July 27,,,,,
8585,Lucas,Seltzer,Nutrl,July 27,,,,,
8584,Joseph,Beer,,July 27,,,,,
8583,Lucas,Seltzer,Nutrl,July 27,,,,,
8582,Jacob,Seltzer,Magners,July 27,,,,,
8581,Joseph,Beer,Bud Light,July 27,,,,,
8580,Lucas,Beer,Bud Light,July 27,,,,,
8579,Joseph,Beer,Bud Light,July 27,,,,,
8578,Hunter,Beer,Coors Light,July 28,,,,,
8577,Hunter,Beer,Pabst Light,July 28,,,,,
8576,Avi,Beer,Michelin Ultra,July 28,,,,,
8575,Joseph,Beer,Filter,July 28,,,,,
8574,Hunter,Beer,Michelin Ultra,July 29,,,,,
8573,Miggy,Wine,White,July 29,,,,,
8572,Hunter,Wine,White,July 29,,,,,
8571,Miggy,Wine,White,July 29,,,,,
8570,Hunter,Wine,White,July 29,,,,,
8569,Lucas,Seltzer,High Noon,July 29,,,,,
8568,Hunter,Wine,Merlot,July 29,,,,,
8567,Miggy,Wine,Merlot,July 29,,,,,
8566,Hunter,Wine,Red,July 29,,,,,
8565,Lucas,Wine,Red,July 29,,,,,
8564,Miggy,Wine,White,July 29,,,,,
8563,Hunter,Wine,White,July 29,,,,,
8562,Lucas,Wine,White,July 29,,,,,
8561,Cole,Seltzer,Passion Fruit Cider,July 29,,,,,
8560,Maxim,Beer,Juicy Ipa,July 29,,,,,
8559,Miggy,Beer,Corona,July 29,,,,,
8558,Hunter,Beer,Corona,July 29,,,,,
8557,Lucas,Beer,Corona,July 29,,,,,
8556,Liam,Beer,Coors Light,July 29,,,,,
8555,Joseph,Seltzer,Downeast,July 29,,,,,
8554,Lucas,Wine,Sangria,July 30,,,,,
8553,Joseph,Seltzer,Downeast,July 30,,,,,
8552,Lucas,Wine,Pinot Noir,July 30,,,,,
8551,Jacob,Beer,Singha,July 30,,,,,
8550,Miggy,Wine,Red,July 30,,,,,
8549,Miggy,Wine,Red,July 30,,,,,
8548,Hunter,Cocktail,Jamaican Flower,July 30,,,,,
8547,Miggy,Wine,Cabernet,July 30,,,,,
8546,Miggy,Wine,Cabernet,July 30,,,,,
8545,Miggy,Wine,Cabernet,July 30,,,,,
8544,Miggy,Wine,Cabernet,July 30,,,,,
8543,Lucas,Beer,Maine Lunch,July 31,,,,,
8542,Lucas,Beer,Maine Lunch,July 31,,,,,
8541,Lucas,Cocktail,Moscow Mule,July 31,,,,,
8540,Joseph,Beer,Filter,July 31,,,,,
8539,Liam,Beer,Coors Light,July 31,,,,,
8538,Lucas,Beer,Maine Lunch,July 31,,,,,
8537,Joseph,Beer,Corona,July 31,,,,,
8536,Lucas,Beer,Maine Lunch,July 31,,,,,
8535,Joseph,Beer,Filter,July 31,,,,,
8534,Joseph,Beer,Corona,July 31,,,,,
8533,Joseph,Beer,Corona,July 31,,,,,
8532,Miggy,Beer,Bud Light,August 1,,,,,
8531,Jacob,Beer,Bud Light,August 1,,,,,
8530,Hunter,Beer,Pabst Light,August 1,,,,,
8529,Miggy,Shot,Limoncello,August 1,,,,,
8528,Jacob,Shot,Limoncello,August 1,,,,,
8527,Hunter,Beer,Pabst Light,August 1,,,,,
8526,Maxim,Cocktail,Mango Cocktail,August 1,,,,,
8525,Miggy,Beer,Bud Light,August 1,,,,,
8524,Jacob,Beer,Bud Light,August 1,,,,,
8523,Hunter,Wine,Red,August 1,,,,,
8522,Jacob,Beer,Bud Light,August 1,,,,,
8521,Hunter,Wine,Red,August 1,,,,,
8520,Miggy,Beer,Bud Light,August 1,,,,,
8519,Jacob,Beer,Bud Light,August 1,,,,,
8518,Miggy,Shot,Limoncello,August 1,,,,,
8517,Jacob,Shot,Limoncello,August 1,,,,,
8516,Jacob,Beer,Bud Light,August 1,,,,,
8515,Cole,Cocktail,Tequila Lemonade,August 1,,,,,
8514,Lucas,Beer,Kona,August 2,,,,,
8513,Joseph,Cocktail,Triple Jam Cider,August 2,,,,,
8512,Joseph,Beer,Bud Light,August 2,,,,,
8511,Lucas,Beer,Bud Light,August 2,,,,,
8510,Jacob,Beer,Bud Light,August 2,,,,,
8509,Joseph,Beer,Bud Light,August 2,,,,,
8508,Lucas,Beer,Bud Light,August 2,,,,,
8507,Jacob,Beer,Bud Light,August 2,,,,,
8506,Jacob,Beer,Bud Light,August 2,,,,,
8505,Joseph,Beer,Bud Light,August 2,,,,,
8504,Lucas,Beer,Bud Light,August 2,,,,,
8503,Lucas,Beer,Bud Light,August 2,,,,,
8502,Jacob,Beer,Bud Light,August 2,,,,,
8501,Joseph,Beer,Bud Light,August 2,,,,,
8500,Lucas,Beer,Bud Light,August 2,,,,,
8499,Avi,Cocktail,Pisco Sour,August 2,,,,,
8498,Avi,Cocktail,Pisco Sour,August 2,,,,,
8497,Lucas,Beer,Bud Light,August 2,,,,,
8496,Jacob,Beer,Bud Light,August 2,,,,,
8495,Owen,Beer,Firestone Walker,August 2,,,,,
8494,Avi,Seltzer,High Noon,August 2,,,,,
8493,Liam,Cocktail,Malaysian Mule,August 2,,,,,
8492,Joseph,Cocktail,Vodka Monster,August 2,,,,,
8491,Lucas,Cocktail,Vodka Monster,August 2,,,,,
8490,Avi,Seltzer,High Noon,August 2,,,,,
8489,Avi,Beer,Michelin Ultra,August 2,,,,,
8488,Kacper,Beer,Modelo,August 2,,,,,
8487,Avi,Beer,Michelin Ultra,August 2,,,,,
8486,Avi,Beer,Michelin Ultra,August 2,,,,,
8485,Avi,Beer,Michelin Ultra,August 2,,,,,
8484,Joseph,Cocktail,Pineapple Sunrise,August 2,,,,,
8483,Lucas,Cocktail,Pineapple Sunrise,August 2,,,,,
8482,Jacob,Cocktail,Pineapple Sunrise,August 2,,,,,
8481,Jacob,Wine,Sangria,August 2,,,,,
8480,Hunter,Beer,Pabst Light,August 3,,,,,
8479,Joseph,Beer,Pabst Blue Ribbon,August 3,,,,,
8478,Lucas,Beer,Pabst Blue Ribbon,August 3,,,,,
8477,Miggy,Beer,Pabst Blue Ribbon,August 3,,,,,
8476,Jacob,Beer,Pabst Blue Ribbon,August 3,,,,,
8475,Jacob,Seltzer,Downeast,August 3,,,,,
8474,Jacob,Wine,Sangria,August 2,,,,,
8473,Joseph,Wine,Sangria,August 2,,,,,
8472,Lucas,Wine,Sangria,August 2,,,,,
8471,Joseph,Beer,Bud Light,August 2,,,,,
8470,Joseph,Beer,Bud Light,August 2,,,,,
8469,Lucas,Beer,Bud Light,August 2,,,,,
8468,Jacob,Beer,Bud Light,August 2,,,,,
8467,Jacob,Wine,Sangria,August 2,,,,,
8466,Joseph,Wine,Sangria,August 2,,,,,
8465,Lucas,Wine,Sangria,August 2,,,,,
8464,Jacob,Shot,Limoncello,August 3,,,,,
8463,Lucas,Shot,Limoncello,August 3,,,,,
8462,Lucas,Beer,Bud Light,August 3,,,,,
8461,Jacob,Beer,Bud Light,August 3,,,,,
8460,Jacob,Wine,Red,August 3,,,,,
8459,Lucas,Wine,Red,August 3,,,,,
8458,Joseph,Wine,Red,August 3,,,,,
8457,Jacob,Beer,Bud Light,August 3,,,,,
8456,Joseph,Beer,Bud Light,August 3,,,,,
8455,Jacob,Beer,Bud Light,August 3,,,,,
8454,Hunter,Beer,Modelo,August 3,,,,,
8453,Hunter,Beer,Modelo,August 3,,,,,
8452,Marek,Beer,Bintang,August 4,,,,,
8451,Marek,Beer,Bintang,August 4,,,,,
8450,Marek,Beer,Bintang,August 4,,,,,
8449,Marek,Beer,Bintang,August 4,,,,,
8448,Marek,Beer,Bintang,August 4,,,,,
8447,Marek,Beer,Bintang,August 4,,,,,
8446,Marek,Beer,Bintang,August 4,,,,,
8445,Hunter,Beer,Pabst Light,August 4,,,,,
8444,Hunter,Beer,Coors Light,August 4,,,,,
8443,Jacob,Beer,Pabst Blue Ribbon,August 4,,,,,
8442,Jacob,Beer,Narragansett,August 4,,,,,
8441,Lucas,Beer,Guinness,August 4,,,,,
8440,Lucas,Beer,Guinness,August 4,,,,,
8439,Hunter,Wine,Red,August 4,,,,,
8438,Jacob,Cocktail,Moscow Mule,August 4,,,,,
8437,Miggy,Cocktail,Vodka Soda,August 4,,,,,
8436,Lucas,Beer,Guinness,August 4,,,,,
8435,Lucas,Beer,Guinness,August 4,,,,,
8434,Jacob,Beer,Guinness,August 4,,,,,
8433,Lucas,Beer,Pabst Blue Ribbon,August 5,,,,,
8432,Jacob,Beer,Bud Light,August 5,,,,,
8431,Avi,Beer,Michelin Ultra,August 5,,,,,
8430,Joseph,Beer,Corona,August 5,,,,,
8429,Hunter,Wine,White,August 5,,,,,
8428,Hunter,Beer,Coors Light,August 5,,,,,
8427,Joseph,Beer,Corona,August 6,,,,,
8426,Joseph,Beer,Corona,August 6,,,,,
8425,Joseph,Beer,Corona,August 6,,,,,
8424,Kacper,Beer,Corona,August 6,,,,,
8423,Maxim,Beer,Modelo,August 6,,,,,
8422,Lucas,Wine,Red Blend,August 6,,,,,
8421,Lucas,Wine,Red Blend,August 6,,,,,
8420,Lucas,Wine,Red Blend,August 6,,,,,
8419,Lucas,Wine,Red Blend,August 6,,,,,
8418,Lucas,Wine,Red Blend,August 6,,,,,
8417,Hunter,Beer,Coors Light,August 6,,,,,
8416,Hunter,Beer,Coors Light,August 6,,,,,
8415,Hunter,Beer,Coors Light,August 6,,,,,
8414,Jacob,Cocktail,Moscow Mule,August 6,,,,,
8413,Jacob,Seltzer,Downeast,August 6,,,,,
8412,Hunter,Beer,Coors Light,August 6,,,,,
8411,Liam,Beer,Founders,August 7,,,,,
8410,Liam,Beer,Founders,August 7,,,,,
8409,Jacob,Wine,Sangria,August 7,,,,,
8408,Jacob,Wine,Sangria,August 7,,,,,
8407,Joseph,Beer,Corona,August 7,,,,,
8406,Lucas,Beer,Coors Light,August 8,,,,,
8405,Lucas,Beer,Coors Light,August 8,,,,,
8404,Lucas,Beer,Coors Light,August 8,,,,,
8403,Lucas,Beer,Coors Light,August 8,,,,,
8402,Marek,Cocktail,,August 8,,,,,
8401,Lucas,Beer,Coors Light,August 8,,,,,
8400,Lucas,Beer,Coors Light,August 8,,,,,
8399,Joseph,Beer,Corona,August 8,,,,,
8398,Lucas,Cocktail,Vodka Soda,August 8,,,,,
8397,Jacob,Beer,Narragansett,August 8,,,,,
8396,Miggy,Beer,Narragansett,August 8,,,,,
8395,Lucas,Cocktail,Vodka Soda,August 8,,,,,
8394,Hunter,Seltzer,High Noon,August 8,,,,,
8393,Jacob,Beer,Narragansett,August 8,,,,,
8392,Joseph,Beer,Michelin Ultra,August 8,,,,,
8391,Lucas,Beer,Michelin Ultra,August 8,,,,,
8390,Jacob,Shot,Chocolate Liqueur,August 8,,,,,
8389,Lucas,Beer,Coors Light,August 8,,,,,
8388,Lucas,Beer,Coors Light,August 8,,,,,
8387,Joseph,Cocktail,Twisted Tea,August 8,,,,,
8386,Hunter,Beer,Hamm's,August 8,,,,,
8385,Hunter,Beer,Hamm's,August 8,,,,,
8384,Avi,Beer,Michelin Ultra,August 8,,,,,
8383,Jacob,Shot,Gin,August 8,,,,,
8382,Jacob,Other,Soju,August 8,,,,,
8381,Jacob,Shot,Chocolate Liqueur,August 8,,,,,
8380,Miggy,Shot,Chocolate Liqueur,August 8,,,,,
8379,Jacob,Cocktail,Vodka Cran,August 8,,,,,
8378,Jacob,Shot,Chocolate Liqueur,August 8,,,,,
8377,Miggy,Shot,Chocolate Liqueur,August 8,,,,,
8376,Jacob,Shot,Chocolate Liqueur,August 8,,,,,
8375,Jacob,Shot,Chocolate Liqueur,August 8,,,,,
8374,Miggy,Shot,Chocolate Liqueur,August 8,,,,,
8373,Jacob,Shot,Chocolate Liqueur,August 8,,,,,
8372,Miggy,Shot,Gin,August 8,,,,,
8371,Jacob,Shot,Gin,August 8,,,,,
8370,Jacob,Cocktail,Vodka Sprite,August 8,,,,,
8369,Miggy,Cocktail,Vodka Sprite,August 8,,,,,
8368,Jacob,Cocktail,Jagerbomb,August 8,,,,,
8367,Jacob,Beer,Corona,August 9,,,,,
8366,Marek,Cocktail,Tequila Guava,August 9,,,,,
8365,Marek,Cocktail,Tequila Guava,August 9,,,,,
8364,Marek,Beer,Kingfisher,August 9,,,,,
8363,Jacob,Seltzer,Downeast,August 9,,,,,
8362,Lucas,Seltzer,Downeast,August 9,,,,,
8361,Joseph,Seltzer,Downeast,August 9,,,,,
8360,Jacob,Seltzer,Downeast,August 9,,,,,
8359,Jacob,Seltzer,Downeast,August 9,,,,,
8358,Lucas,Seltzer,Downeast,August 9,,,,,
8357,Joseph,Seltzer,Downeast,August 9,,,,,
8356,Jacob,Seltzer,Downeast,August 9,,,,,
8355,Miggy,Seltzer,Downeast,August 9,,,,,
8354,Joseph,Seltzer,Downeast,August 9,,,,,
8353,Owen,Wine,Red,August 9,,,,,
8352,Joseph,Seltzer,Downeast,August 9,,,,,
8351,Lucas,Seltzer,Downeast,August 9,,,,,
8350,Jacob,Seltzer,Downeast,August 9,,,,,
8349,Hunter,Beer,Coors Light,August 9,,,,,
8348,Hunter,Beer,Coors Light,August 10,,,,,
8347,Hunter,Beer,Narragansett,August 10,,,,,
8346,Jacob,Beer,Narragansett,August 10,,,,,
8345,Miggy,Seltzer,Downeast,August 10,,,,,
8344,Avi,Beer,Sapporo,August 10,,,,,
8343,Jacob,Beer,Michelada,August 10,,,,,
8342,Hunter,Beer,Coors Light,August 10,,,,,
8341,Miggy,Beer,Mike's Lemonade,August 10,,,,,
8340,Jacob,Beer,Michelada,August 10,,,,,
8339,Hunter,Beer,Coors Light,August 10,,,,,
8338,Miggy,Beer,Mike's Lemonade,August 10,,,,,
8337,Hunter,Wine,Red,August 10,,,,,
8336,Miggy,Wine,Red,August 10,,,,,
8335,Lucas,Cocktail,Vodka Soda,August 11,,,,,
8334,Lucas,Cocktail,Water Hazard,August 11,,,,,
8333,Miggy,Wine,Red,August 12,,,,,
8332,Lucas,Cocktail,,August 11,,,,,
8331,Lucas,Cocktail,,August 11,,,,,
8330,Lucas,Beer,Coors Light,August 11,,,,,
8329,Lucas,Beer,Coors Light,August 11,,,,,
8328,Cole,Cocktail,Highball,August 11,,,,,
8327,Jacob,Beer,Natty Light,August 11,,,,,
8326,Hunter,Wine,Red,August 11,,,,,
8325,Jacob,Wine,White,August 11,,,,,
8324,Hunter,Beer,Coors Light,August 11,,,,,
8323,Jacob,Wine,Red,August 11,,,,,
8322,Miggy,Wine,Red,August 11,,,,,
8321,Jacob,Wine,Red,August 12,,,,,
8320,Lucas,Cocktail,Cruiser,August 12,,,,,
8319,Joseph,Cocktail,Cruiser,August 12,,,,,
8318,Joseph,Beer,,August 13,,,,,
8317,Joseph,Cocktail,Paloma,August 13,,,,,
8316,Lucas,Beer,Corona,August 13,,,,,
8315,Lucas,Cocktail,Cruiser,August 13,,,,,
8314,Lucas,Cocktail,Mudslide,August 13,,,,,
8313,Marek,Beer,Chivas Regal,August 14,,,,,
8312,Marek,Beer,Kingfisher,August 14,,,,,
8311,Hunter,Cocktail,Negroni,August 14,,,,,
8310,Joseph,Seltzer,Downeast,August 14,,,,,
8309,Lucas,Beer,Kona,August 14,,,,,
8308,Lucas,Beer,Kona,August 14,,,,,
8307,Avi,Beer,,August 14,,,,,
8306,Cole,Cocktail,Margarita,August 14,,,,,
8305,Jacob,Wine,Red,August 14,,,,,
8304,Jacob,Wine,Red,August 14,,,,,
8303,Hunter,Beer,Coors Light,August 14,,,,,
8302,Jacob,Wine,Red,August 14,,,,,
8301,Hunter,Beer,Natural Light,August 14,,,,,
8300,Hunter,Beer,Natural Light,August 14,,,,,
8299,Joseph,Cocktail,Buzz Ball,August 14,,,,,
8298,Joseph,Cocktail,Buzz Ball,August 14,,,,,
8297,Hunter,Beer,Natural Light,August 14,,,,,
8296,Hunter,Beer,Natural Light,August 14,,,,,
8295,Joseph,Cocktail,Michelada,August 15,,,,,
8294,Joseph,Beer,Corona,August 15,,,,,
8293,Joseph,Beer,Corona,August 15,,,,,
8292,Joseph,Beer,Corona,August 15,,,,,
8291,Joseph,Beer,Corona,August 15,,,,,
8290,Joseph,Beer,Corona,August 15,,,,,
8289,Lucas,Cocktail,Sun Cruiser,August 15,,,,,
8288,Hunter,Beer,Coors Light,August 15,,,,,
8287,Lucas,Cocktail,Tito's Soda Cream,August 15,,,,,
8286,Lucas,Beer,Coors Light,August 15,,,,,
8285,Lucas,Cocktail,Sun Cruiser,August 15,,,,,
8284,Lucas,Cocktail,Sun Cruiser,August 15,,,,,
8283,Avi,Cocktail,Blueberry Cider,August 15,,,,,
8282,Avi,Cocktail,Blueberry Cider,August 15,,,,,
8281,Liam,Beer,Coors Light,August 15,,,,,
8280,Lucas,Cocktail,Moscow Mule,August 15,,,,,
8279,Jacob,Cocktail,Moscow Mule,August 15,,,,,
8278,Miggy,Cocktail,Gin Martini,August 15,,,,,
8277,Jacob,Beer,Guinness,August 15,,,,,
8276,Jacob,Seltzer,Downeast,August 15,,,,,
8275,Lucas,Beer,Kona,August 15,,,,,
8274,Jacob,Seltzer,Downeast,August 15,,,,,
8273,Miggy,Beer,Sapporo,August 15,,,,,
8272,Cole,Cocktail,Margarita,August 15,,,,,
8271,Avi,Beer,,August 15,,,,,
8270,Cole,Shot,Tequila,August 15,,,,,
8269,Joseph,Seltzer,Strong Zero,August 15,,,,,
8268,Hunter,Wine,White,August 15,,,,,
8267,Joseph,Seltzer,Strong Zero,August 15,,,,,
8266,Joseph,Seltzer,Strong Zero,August 15,,,,,
8265,Joseph,Seltzer,Strong Zero,August 15,,,,,
8264,Hunter,Beer,Coors Light,August 16,,,,,
8263,Liam,Beer,Kona,August 16,,,,,
8262,Liam,Beer,Kona,August 16,,,,,
8261,Liam,Beer,Kona,August 16,,,,,
8260,Liam,Beer,Kona,August 16,,,,,
8259,Miggy,Shot,Whiskey,August 16,,,,,
8258,Lucas,Beer,Kona,August 16,,,,,
8257,Lucas,Beer,Kona,August 16,,,,,
8256,Lucas,Beer,Kona,August 16,,,,,
8255,Cole,Cocktail,Margarita,August 16,,,,,
8254,Jacob,Seltzer,Downeast,August 16,,,,,
8253,Hunter,Wine,White,August 16,,,,,
8252,Hunter,Beer,Corona,August 16,,,,,
8251,Joseph,Seltzer,Downeast,August 16,,,,,
8250,Cole,Cocktail,Margarita,August 16,,,,,
8249,Hunter,Beer,Guiness,August 16,,,,,
8248,Lucas,Seltzer,Downeast,August 16,,,,,
8247,Lucas,Seltzer,Downeast,August 16,,,,,
8246,Miggy,Seltzer,Downeast,August 16,,,,,
8245,Avi,Cocktail,Cherry Pisco Sour,August 16,,,,,
8244,Joseph,Beer,Coors Light,August 16,,,,,
8243,Joseph,Beer,Coors Light,August 16,,,,,
8242,Joseph,Beer,Coors Light,August 16,,,,,
8241,Joseph,Beer,Coors Light,August 16,,,,,
8240,Lucas,Beer,Coors Light,August 16,,,,,
8239,Hunter,Beer,Genese Cream Ale,August 16,,,,,
8238,Joseph,Beer,Coors Light,August 16,,,,,
8237,Joseph,Seltzer,Downeast,August 16,,,,,
8236,Jacob,Wine,White,August 16,,,,,
8235,Lucas,Beer,Coors Light,August 16,,,,,
8234,Joseph,Seltzer,Downeast,August 16,,,,,
8233,Lucas,Seltzer,Downeast,August 16,,,,,
8232,Miggy,Shot,Vodka,August 16,,,,,
8231,Jacob,Shot,Vodka,August 16,,,,,
8230,Jacob,Shot,Vodka,August 16,,,,,
8229,Jacob,Beer,Sapporo,August 16,,,,,
8228,Lucas,Beer,Coors Light,August 16,,,,,
8227,Miggy,Beer,Coors Light,August 16,,,,,
8226,Joseph,Shot,Jello Shot,August 16,,,,,
8225,Lucas,Shot,Jello Shot,August 16,,,,,
8224,Joseph,Beer,Kona,August 16,,,,,
8223,Lucas,Beer,Kona,August 16,,,,,
8222,Joseph,Beer,Kona,August 16,,,,,
8221,Lucas,Beer,Kona,August 16,,,,,
8220,Jacob,Cocktail,Gin and Tonic,August 16,,,,,
8219,Jacob,Cocktail,Gin and Tonic,August 16,,,,,
8218,Joseph,Cocktail,Sun Cruiser,August 16,,,,,
8217,Lucas,Cocktail,Sun Cruiser,August 16,,,,,
8216,Jacob,Shot,Gin,August 16,,,,,
8215,Miggy,Shot,Gin,August 16,,,,,
8214,Lucas,Seltzer,Downeast,August 16,,,,,
8213,Lucas,Cocktail,Tequila Pineapple,August 16,,,,,
8212,Joseph,Cocktail,Tequila Pineapple,August 16,,,,,
8211,Joseph,Beer,Kona,August 16,,,,,
8210,Lucas,Cocktail,Tequila Pineapple,August 16,,,,,
8209,Lucas,Cocktail,Tequila Pineapple,August 16,,,,,
8208,Joseph,Cocktail,Tequila Pineapple,August 16,,,,,
8207,Jacob,Shot,Vodka,August 17,,,,,
8206,Miggy,Cocktail,Coke and Rum,August 17,,,,,
8205,Jacob,Shot,Fireball,August 17,,,,,
8204,Joseph,Beer,Bud Light,August 17,,,,,
8203,Lucas,Beer,Bud Light,August 17,,,,,
8202,Jacob,Beer,Corona,August 17,,,,,
8201,Lucas,Beer,Bud Light,August 17,,,,,
8200,Joseph,Cocktail,Sun Cruiser,August 17,,,,,
8199,Lucas,Cocktail,Sun Cruiser,August 17,,,,,
8198,Joseph,Beer,Corona,August 17,,,,,
8197,Lucas,Beer,Corona,August 17,,,,,
8196,Avi,Beer,Michelob,August 17,,,,,
8195,Joseph,Cocktail,Sun Cruiser,August 17,,,,,
8194,Lucas,Cocktail,Sun Cruiser,August 17,,,,,
8193,Marek,Cocktail,Yeni Raki,August 17,,,,,
8192,Liam,Beer,Coors Light,August 17,,,,,
8191,Avi,Beer,Michelob,August 17,,,,,
8190,Hunter,Beer,Corona,August 17,,,,,
8189,Marek,Beer,,August 17,,,,,
8188,Hunter,Wine,Red,August 18,,,,,
8187,Hunter,Cocktail,Espresso Martini,August 18,,,,,
8186,Hunter,Beer,Corona,August 18,,,,,
8185,Hunter,Beer,,August 19,,,,,
8184,Hunter,Cocktail,Whiskey Cocktail,August 19,,,,,
8183,Hunter,Wine,Red,August 19,,,,,
8182,Hunter,Wine,Red,August 19,,,,,
8181,Jacob,Seltzer,Downeast,August 19,,,,,
8180,Lucas,Cocktail,Long Drink,August 19,,,,,
8179,Joseph,Beer,Corona,August 20,,,,,
8178,Hunter,Beer,Coors Light,August 20,,,,,
8177,Hunter,Beer,Corona,August 20,,,,,
8176,Lucas,Beer,Tropical IPA,August 20,,,,,
8175,Marek,Wine,Red,August 20,,,,,
8174,Hunter,Beer,Corona,August 20,,,,,
8173,Hunter,Beer,Corona,August 20,,,,,
8172,Hunter,Beer,,August 21,,,,,
8171,Cole,Cocktail,Margarita,August 21,,,,,
8170,Lucas,Beer,Corona,August 21,,,,,
8169,Hunter,Beer,Corona,August 21,,,,,
8168,Hunter,Wine,White,August 21,,,,,
8167,Jacob,Beer,Kirin,August 21,,,,,
8166,Miggy,Wine,Red,August 21,,,,,
8165,Cole,Cocktail,Margarita,August 21,,,,,
8164,Hunter,Beer,Corona,August 22,,,,,
8163,Hunter,Beer,Oatmeal Stout,August 22,,,,,
8162,Hunter,Beer,,August 22,,,,,
8161,Hunter,Beer,,August 22,,,,,
8160,Joseph,Beer,Corona,August 22,,,,,
8159,Lucas,Beer,Corona,August 22,,,,,
8158,Hunter,Beer,Red Ale,August 22,,,,,
8157,Hunter,Beer,Peanut Butter Stout,August 22,,,,,
8156,Hunter,Wine,Red,August 22,,,,,
8155,Hunter,Wine,Red,August 22,,,,,
8154,Joseph,Beer,Corona,August 22,,,,,
8153,Lucas,Beer,Corona,August 22,,,,,
8152,Hunter,Cocktail,Espresso Martini,August 22,,,,,
8151,Hunter,Cocktail,Tequila Lime Soda,August 22,,,,,
8150,Lucas,Beer,Corona,August 22,,,,,
8149,Joseph,Beer,Corona,August 22,,,,,
8148,Avi,Beer,Michelin Ultra,August 22,,,,,
8147,Hunter,Beer,Coors Light,August 22,,,,,
8146,Avi,Beer,,August 22,,,,,
8145,Joseph,Seltzer,Downeast,August 22,,,,,
8144,Lucas,Seltzer,Downeast,August 22,,,,,
8143,Joseph,Seltzer,Downeast,August 22,,,,,
8142,Lucas,Seltzer,Downeast,August 22,,,,,
8141,Miggy,Beer,Big Mango,August 23,,,,,
8140,Hunter,Beer,Blue Moon,August 23,,,,,
8139,Jacob,Seltzer,Downeast,August 23,,,,,
8138,Hunter,Beer,Cerveza,August 23,,,,,
8137,Liam,Beer,Coors Light,August 23,,,,,
8136,Liam,Beer,Coors Light,August 23,,,,,
8135,Marek,Beer,,August 23,,,,,
8134,Marek,Beer,,August 23,,,,,
8133,Jacob,Seltzer,Downeast,August 23,,,,,
8132,Cole,Cocktail,Margarita,August 23,,,,,
8131,Cole,Cocktail,Margarita,August 23,,,,,
8130,Lucas,Beer,Jack Abbeys,August 24,,,,,
8129,Cole,Cocktail,Margarita,August 24,,,,,
8128,Hunter,Beer,Coors Light,August 24,,,,,
8127,Avi,Beer,Michelin Ultra,August 24,,,,,
8126,Marek,Beer,Trumer Pils,August 24,,,,,
8125,Jacob,Beer,Coors Light,August 24,,,,,
8124,Miggy,Beer,Natty Light,August 24,,,,,
8123,Joseph,Beer,Corona,August 24,,,,,
8122,Lucas,Cocktail,Long Drink,August 24,,,,,
8121,Joseph,Cocktail,Mad Professor,August 24,,,,,
8120,Lucas,Cocktail,Jameson Ginger,August 24,,,,,
8119,Hunter,Wine,White,August 24,,,,,
8118,Lucas,Seltzer,Nutrl,August 24,,,,,
8117,Miggy,Seltzer,Downeast,August 24,,,,,
8116,Jacob,Seltzer,Downeast,August 24,,,,,
8115,Joseph,Cocktail,Mad Professor,August 24,,,,,
8114,Hunter,Beer,Coors Light,August 25,,,,,
8113,Hunter,Beer,Coors Light,August 25,,,,,
8112,Hunter,Beer,Budweiser,August 25,,,,,
8111,Jacob,Seltzer,Downeast,August 25,,,,,
8110,Hunter,Beer,Budweiser,August 25,,,,,
8109,Marek,Beer,Trumer Pils,August 26,,,,,
8108,Hunter,Beer,,August 26,,,,,
8107,Jacob,Wine,Red,August 26,,,,,
8106,Jacob,Wine,Red,August 26,,,,,
8105,Jacob,Wine,Sangria,August 26,,,,,
8104,Jacob,Wine,Sangria,August 26,,,,,
8103,Miggy,Beer,Lager,August 26,,,,,
8102,Marek,Wine,White,August 26,,,,,
8101,Hunter,Beer,Pabst Light,August 27,,,,,
8100,Hunter,Beer,Pabst Light,August 27,,,,,
8099,Joseph,Beer,Corona,August 27,,,,,
8098,Joseph,Beer,Corona,August 27,,,,,
8097,Hunter,Beer,Corona,August 27,,,,,
8096,Joseph,Beer,Corona,August 27,,,,,
8095,Jacob,Seltzer,Downeast,August 27,,,,,
8094,Miggy,Wine,Red,August 27,,,,,
8093,Jacob,Seltzer,Downeast,August 28,,,,,
8092,Avi,Seltzer,Downeast,August 28,,,,,
8091,Avi,Beer,Corona,August 28,,,,,
8090,Avi,Beer,Corona,August 28,,,,,
8089,Jacob,Beer,Corona,August 28,,,,,
8088,Marek,Beer,Guinness,August 28,,,,,
8087,Joseph,Cocktail,Sour Monkey,August 28,,,,,
8086,Joseph,Cocktail,Sour Monkey,August 28,,,,,
8085,Cole,Cocktail,Buzz Ball,August 28,,,,,
8084,Joseph,Cocktail,Sour Monkey,August 28,,,,,
8083,Joseph,Seltzer,Strong Zero,August 28,,,,,
8082,Joseph,Seltzer,Strong Zero,August 28,,,,,
8081,Lucas,Beer,Corona,August 28,,,,,
8080,Joseph,Seltzer,Strong Zero,August 28,,,,,
8079,Lucas,Beer,Sun Cruiser,August 29,,,,,
8078,Lucas,Beer,Kona,August 29,,,,,
8077,Lucas,Beer,Kona,August 29,,,,,
8076,Avi,Beer,,August 29,,,,,
8075,Lucas,Beer,Shark Tracker,August 29,,,,,
8074,Owen,Cocktail,Flying Tigers,August 29,,,,,
8073,Lucas,Beer,Whales Tail,August 29,,,,,
8072,Hunter,Beer,Budweiser,August 29,,,,,
8071,Jacob,Seltzer,Downeast,August 29,,,,,
8070,Lucas,Beer,Oktoberfest,August 29,,,,,
8069,Joseph,Beer,Budweiser,August 29,,,,,
8068,Lucas,Beer,Budweiser,August 29,,,,,
8067,Joseph,Beer,Budweiser,August 29,,,,,
8066,Hunter,Beer,Budweiser,August 29,,,,,
8065,Marek,Beer,Corona,August 29,,,,,
8064,Joseph,Beer,Budweiser,August 29,,,,,
8063,Lucas,Beer,Bud Light,August 29,,,,,
8062,Miggy,Beer,Miller Lite,August 29,,,,,
8061,Hunter,Beer,Coors Light,August 29,,,,,
8060,Joseph,Beer,Coors Light,August 29,,,,,
8059,Joseph,Beer,Bud Light,August 29,,,,,
8058,Lucas,Beer,Bud Light,August 29,,,,,
8057,Hunter,Beer,Bud Light,August 29,,,,,
8056,Joseph,Beer,Corona,August 29,,,,,
8055,Joseph,Beer,Corona,August 29,,,,,
8054,Joseph,Seltzer,Strong Zero,August 29,,,,,
8053,Cole,Beer,Corona,August 30,,,,,
8052,Cole,Shot,Tequila,August 30,,,,,
8051,Cole,Shot,Tequila,August 30,,,,,
8050,Avi,Beer,Corona,August 30,,,,,
8049,Jacob,Beer,Corona,August 30,,,,,
8048,Marek,Cocktail,Twisted Tea,August 30,,,,,
8047,Jacob,Beer,Guinness,August 30,,,,,
8046,Avi,Beer,Montauk,August 30,,,,,
8045,Joseph,Beer,Corona,August 30,,,,,
8044,Lucas,Beer,Kona,August 30,,,,,
8043,Hunter,Beer,Pabst Light,August 30,,,,,
8042,Lucas,Beer,Long Drink,August 30,,,,,
8041,Joseph,Seltzer,Truly,August 30,,,,,
8040,Avi,Cocktail,Vodka Soda,August 30,,,,,
8039,Jacob,Shot,Vodka,August 30,,,,,
8038,Jacob,Shot,Vodka,August 30,,,,,
8037,Avi,Shot,Vodka,August 30,,,,,
8036,Marek,Beer,Corona,August 30,,,,,
8035,Hunter,Beer,Pabst Light,August 30,,,,,
8034,Avi,Shot,Vodka,August 30,,,,,
8033,Avi,Shot,Vodka,August 30,,,,,
8032,Jacob,Shot,Vodka,August 30,,,,,
8031,Joseph,Shot,Tequila,August 30,,,,,
8030,Hunter,Shot,Tequila,August 30,,,,,
8029,Avi,Shot,Vodka,August 30,,,,,
8028,Jacob,Shot,Vodka,August 30,,,,,
8027,Cole,Beer,Bold Rock,August 30,,,,,
8026,Joseph,Other,Soju,August 30,,,,,
8025,Joseph,Shot,Tequila,August 30,,,,,
8024,Hunter,Beer,Kona,August 30,,,,,
8023,Jacob,Beer,Blue Moon,August 30,,,,,
8022,Avi,Beer,Blue Moon,August 30,,,,,
8021,Lucas,Cocktail,Vodka Redbull,August 30,,,,,
8020,Joseph,Cocktail,Vodka Redbull,August 30,,,,,
8019,Hunter,Cocktail,Rum and Coke,August 30,,,,,
8018,Lucas,Seltzer,Cider,August 30,,,,,
8017,Joseph,Seltzer,Cider,August 30,,,,,
8016,Joseph,Shot,Tequila,August 30,,,,,
8015,Lucas,Seltzer,Cider,August 30,,,,,
8014,Joseph,Seltzer,Cider,August 30,,,,,
8013,Hunter,Seltzer,Rum and Coke,August 30,,,,,
8012,Joseph,Seltzer,Rum and Coke,August 30,,,,,
8011,Joseph,Beer,Pabst Light,August 31,,,,,
8010,Lucas,Beer,Corona,August 31,,,,,
8009,Liam,Cocktail,Moscow Mule,August 31,,,,,
8008,Hunter,Seltzer,White Claw,August 31,,,,,
8007,Miggy,Seltzer,Downeast,August 31,,,,,
8006,Jacob,Seltzer,Downeast,August 31,,,,,
8005,Liam,Wine,Red,August 31,,,,,
8004,Liam,Beer,Guinness,August 31,,,,,
8003,Jacob,Seltzer,Downeast,August 31,,,,,
8002,Jacob,Cocktail,Margarita,August 31,,,,,
8001,Jacob,Cocktail,Martini,August 31,,,,,
8000,Jacob,Cocktail,Martini,August 31,,,,,
7999,Joseph,Beer,,September 1,,,,,
7998,Joseph,Beer,Corona,September 1,,,,,
7997,Joseph,Beer,Corona,September 1,,,,,
7996,Lucas,Beer,Kona,September 1,,,,,
7995,Joseph,Beer,Corona,September 1,,,,,
7994,Miggy,Seltzer,Downeast,September 1,,,,,
7993,Joseph,Beer,Corona,September 1,,,,,
7992,Jacob,Cocktail,,September 1,,,,,
7991,Jacob,Cocktail,Martini,September 1,,,,,
7990,Hunter,Wine,White,September 1,,,,,
7989,Joseph,Beer,Corona,September 1,,,,,
7988,Jacob,Wine,White,September 1,,,,,
7987,Jacob,Wine,White,September 1,,,,,
7986,Jacob,Wine,White,September 1,,,,,
7985,Jacob,Wine,White,September 1,,,,,
7984,Jacob,Wine,White,September 1,,,,,
7983,Joseph,Beer,Coors Light,September 1,,,,,
7982,Jacob,Wine,White,September 1,,,,,
7981,Jacob,Seltzer,Downeast,September 1,,,,,
7980,Marek,Wine,White,September 1,,,,,
7979,Joseph,Beer,Modelo,September 2,,,,,
7978,Hunter,Beer,Kona,September 2,,,,,
7977,Hunter,Beer,Pabst Light,September 2,,,,,
7976,Hunter,Beer,Peroni,September 3,,,,,
7975,Hunter,Beer,Coors Light,September 3,,,,,
7974,Hunter,Beer,Coors Light,September 3,,,,,
7973,Joseph,Beer,Mighty Squirrel,September 3,,,,,
7972,Hunter,Beer,,September 3,,,,,
7971,Jacob,Beer,Guinness,September 3,,,,,
7970,Hunter,Beer,Coors Light,September 3,,,,,
7969,Marek,Beer,,September 3,,,,,
7968,Hunter,Wine,Red,September 4,,,,,
7967,Jacob,Cocktail,Rose Cocktail,September 4,,,,,
7966,Cole,Beer,Bold Rock,September 4,,,,,
7965,Avi,Beer,Miller Lite,September 4,,,,,
7964,Jacob,Cocktail,Rose Cocktail,September 4,,,,,
7963,Cole,Beer,Bold Rock,September 4,,,,,
7962,Joseph,Beer,Corona,September 5,,,,,
7961,Joseph,Beer,Corona,September 5,,,,,
7960,Hunter,Wine,White,September 5,,,,,
7959,Maxim,Cocktail,Margarita,September 5,,,,,
7958,Lucas,Beer,Corona,September 5,,,,,
7957,Joseph,Beer,Coors Light,September 5,,,,,
7956,Joseph,Beer,Coors Light,September 5,,,,,
7955,Joseph,Beer,Coors Light,September 5,,,,,
7954,Joseph,Seltzer,Downeast,September 5,,,,,
7953,Joseph,Seltzer,Downeast,September 5,,,,,
7952,Joseph,Beer,Corona,September 5,,,,,
7951,Joseph,Beer,Corona,September 5,,,,,
7950,Joseph,Seltzer,Downeast,September 5,,,,,
7949,Joseph,Beer,Corona,September 5,,,,,
7948,Joseph,Seltzer,Downeast,September 5,,,,,
7947,Joseph,Seltzer,Downeast,September 5,,,,,
7946,Cole,Cocktail,Margarita,September 5,,,,,
7945,Marek,Beer,Corona,September 5,,,,,
7944,Marek,Beer,Hop Dogma Festbier,September 5,,,,,
7943,Cole,Seltzer,Bold Rock,September 6,,,,,
7942,Cole,Shot,Tequila,September 6,,,,,
7941,Hunter,Beer,Coors Light,September 6,,,,,
7940,Hunter,Beer,Pabst Blue Ribbon,September 6,,,,,
7939,Hunter,Beer,Pabst Blue Ribbon,September 6,,,,,
7938,Hunter,Beer,Pabst Blue Ribbon,September 6,,,,,
7937,Hunter,Beer,Pabst Blue Ribbon,September 6,,,,,
7936,Hunter,Beer,Long Drink,September 6,,,,,
7935,Avi,Beer,,September 6,,,,,
7934,Cole,Cocktail,Margarita,September 6,,,,,
7933,Lucas,Cocktail,Margarita,September 6,,,,,
7932,Lucas,Cocktail,Margarita,September 6,,,,,
7931,Miggy,Wine,White,September 6,,,,,
7930,Jacob,Seltzer,Downeast,September 6,,,,,
7929,Joseph,Cocktail,Margarita,September 6,,,,,
7928,Joseph,Cocktail,Margarita,September 6,,,,,
7927,Joseph,Cocktail,Mojito,September 6,,,,,
7926,Hunter,Beer,Long Drink,September 7,,,,,
7925,Hunter,Beer,Michelob Ultra,September 7,,,,,
7924,Jacob,Cocktail,Bellini,September 7,,,,,
7923,Jacob,Cocktail,Bellini,September 7,,,,,
7922,Jacob,Cocktail,Bellini,September 7,,,,,
7921,Jacob,Cocktail,Bellini,September 7,,,,,
7920,Jacob,Cocktail,Bellini,September 7,,,,,
7919,Jacob,Cocktail,Bellini,September 7,,,,,
7918,Jacob,Cocktail,Bellini,September 7,,,,,
7917,Jacob,Cocktail,Bellini,September 7,,,,,
7916,Jacob,Cocktail,Bellini,September 7,,,,,
7915,Jacob,Cocktail,Bellini,September 7,,,,,
7914,Hunter,Beer,Bud Light,September 7,,,,,
7913,Jacob,Wine,White,September 7,,,,,
7912,Jacob,Wine,White,September 7,,,,,
7911,Joseph,Cocktail,Margarita,September 7,,,,,
7910,Jacob,Wine,White,September 7,,,,,
7909,Jacob,Cocktail,Gin and Tonic,September 7,,,,,
7908,Marek,Beer,,September 7,,,,,
7907,Hunter,Beer,Coors Light,September 8,,,,,
7906,Hunter,Cocktail,Margarita,September 8,,,,,
7905,Hunter,Beer,,September 8,,,,,
7904,Hunter,Beer,Modelo,September 8,,,,,
7903,Marek,Beer,,September 9,,,,,
7902,Jacob,Beer,New Glarus,September 9,,,,,
7901,Miggy,Beer,New Glarus,September 9,,,,,
7900,Hunter,Cocktail,Margarita,September 9,,,,,
7899,Hunter,Beer,Coors Light,September 10,,,,,
7898,Hunter,Beer,Coors Light,September 10,,,,,
7897,Marek,Seltzer,Downeast,September 10,,,,,
7896,Joseph,Seltzer,Downeast,September 10,,,,,
7895,Marek,Seltzer,Downeast,September 10,,,,,
7894,Joseph,Seltzer,Downeast,September 10,,,,,
7893,Maxim,Seltzer,Downeast,September 10,,,,,
7892,Marek,Seltzer,Downeast,September 10,,,,,
7891,Joseph,Seltzer,Downeast,September 10,,,,,
7890,Maxim,Seltzer,Downeast,September 10,,,,,
7889,Marek,Seltzer,Downeast,September 10,,,,,
7888,Avi,Beer,,September 10,,,,,
7887,Joseph,Beer,Coors Light,September 11,,,,,
7886,Marek,Beer,Coors Light,September 11,,,,,
7885,Miggy,Wine,Red,September 11,,,,,
7884,Jacob,Wine,Red,September 11,,,,,
7883,Jacob,Wine,Red,September 11,,,,,
7882,Hunter,Beer,Coors Light,September 11,,,,,
7881,Kacper,Beer,,September 11,,,,,
7880,Miggy,Wine,Red,September 11,,,,,
7879,Joseph,Seltzer,Long Drink,September 11,,,,,
7878,Marek,Cocktail,Beatbox,September 11,,,,,
7877,Maxim,Beer,Corona,September 11,,,,,
7876,Jacob,Seltzer,Downeast,September 11,,,,,
7875,Miggy,Wine,Red,September 11,,,,,
7874,Lucas,Beer,Coors Light,September 12,,,,,
7873,Joseph,Cocktail,Sun Cruiser,September 12,,,,,
7872,Joseph,Beer,Coors Light,September 12,,,,,
7871,Hunter,Beer,Coors Light,September 12,,,,,
7870,Marek,Beer,Coors Light,September 12,,,,,
7869,Hunter,Beer,Peroni,September 12,,,,,
7868,Hunter,Wine,Red,September 12,,,,,
7867,Maxim,Cocktail,Sun Cruiser,September 12,,,,,
7866,Joseph,Beer,Coors Light,September 12,,,,,
7865,Lucas,Beer,Coors Light,September 12,,,,,
7864,Marek,Beer,Coors Light,September 12,,,,,
7863,Hunter,Wine,Red,September 12,,,,,
7862,Lucas,Beer,Coors Light,September 12,,,,,
7861,Lucas,Wine,Red,September 12,,,,,
7860,Marek,Beer,Coors Light,September 12,,,,,
7859,Lucas,Wine,Red,September 12,,,,,
7858,Lucas,Beer,Coors Light,September 12,,,,,
7857,Hunter,Beer,Coors Light,September 12,,,,,
7856,Maxim,Beer,Coors Light,September 12,,,,,
7855,Lucas,Wine,Rose,September 12,,,,,
7854,Joseph,Wine,Rose,September 12,,,,,
7853,Jacob,Cocktail,Margarita,September 12,,,,,
7852,Jacob,Cocktail,Gin and Tonic,September 12,,,,,
7851,Jacob,Cocktail,Gin and Tonic,September 12,,,,,
7850,Jacob,Cocktail,Gin and Tonic,September 12,,,,,
7849,Joseph,Wine,Rose,September 12,,,,,
7848,Hunter,Wine,Red,September 12,,,,,
7847,Marek,Wine,Red,September 12,,,,,
7846,Avi,Beer,Modelo,September 12,,,,,
7845,Avi,Shot,Vodka,September 12,,,,,
7844,Joseph,Cocktail,Sun Cruiser,September 12,,,,,
7843,Maxim,Wine,Red,September 12,,,,,
7842,Lucas,Beer,Coors Light,September 12,,,,,
7841,Joseph,Cocktail,Sun Cruiser,September 12,,,,,
7840,Hunter,Wine,Red,September 12,,,,,
7839,Marek,Wine,Red,September 12,,,,,
7838,Maxim,Wine,Red,September 12,,,,,
7837,Lucas,Wine,Red,September 12,,,,,
7836,Jacob,Cocktail,Daquiri,September 12,,,,,
7835,Maxim,Cocktail,Sun Cruiser,September 12,,,,,
7834,Joseph,Beer,Coors Light,September 12,,,,,
7833,Maxim,Wine,White,September 12,,,,,
7832,Jacob,Cocktail,Gin and Tonic,September 12,,,,,
7831,Hunter,Beer,Coors Light,September 12,,,,,
7830,Lucas,Cocktail,Gin and Tonic,September 13,,,,,
7829,Marek,Shot,Green Tea,September 13,,,,,
7828,Maxim,Shot,Green Tea,September 13,,,,,
7827,Joseph,Shot,Green Tea,September 13,,,,,
7826,Joseph,Beer,,September 13,,,,,
7825,Joseph,Cocktail,Vodka Cran,September 13,,,,,
7824,Lucas,Cocktail,Vodka Cran,September 13,,,,,
7823,Maxim,Beer,,September 13,,,,,
7822,Joseph,Beer,,September 13,,,,,
7821,Joseph,Beer,,September 13,,,,,
7820,Joseph,Beer,,September 13,,,,,
7819,Marek,Beer,,September 13,,,,,
7818,Lucas,Seltzer,,September 13,,,,,
7817,Owen,Beer,,September 13,,,,,
7816,Owen,Beer,,September 13,,,,,
7815,Marek,Beer,Corona,September 13,,,,,
7814,Hunter,Beer,Corona,September 13,,,,,
7813,Cole,Seltzer,Bold Rock,September 13,,,,,
7812,Jacob,Cocktail,Margarita,September 13,,,,,
7811,Marek,Beer,90 Minute IPA,September 13,,,,,
7810,Hunter,Beer,90 Minute IPA,September 13,,,,,
7809,Maxim,Beer,90 Minute IPA,September 13,,,,,
7808,Jacob,Cocktail,Margarita,September 13,,,,,
7807,Miggy,Wine,White,September 13,,,,,
7806,Jacob,Seltzer,Downeast,September 13,,,,,
7805,Hunter,Beer,Stella Artois,September 13,,,,,
7804,Marek,Beer,Stella Artois,September 13,,,,,
7803,Maxim,Beer,Stella Artois,September 13,,,,,
7802,Joseph,Beer,Downeast,September 13,,,,,
7801,Marek,Cocktail,Twisted Tea,September 13,,,,,
7800,Hunter,Cocktail,Twisted Tea,September 13,,,,,
7799,Maxim,Cocktail,Twisted Tea,September 13,,,,,
7798,Miggy,Beer,Bud Light,September 13,,,,,
7797,Miggy,Beer,Bud Light,September 13,,,,,
7796,Jacob,Seltzer,Downeast,September 13,,,,,
7795,Joseph,Seltzer,Downeast,September 13,,,,,
7794,Jacob,Seltzer,Downeast,September 13,,,,,
7793,Hunter,Beer,Bud Light,September 13,,,,,
7792,Marek,Seltzer,Downeast,September 13,,,,,
7791,Lucas,Beer,Bud Light,September 13,,,,,
7790,Maxim,Beer,Bud Light,September 13,,,,,
7789,Miggy,Beer,Michelob Ultra,September 13,,,,,
7788,Avi,Seltzer,491 Hard Cider,September 13,,,,,
7787,Liam,Beer,,September 13,,,,,
7786,Hunter,Beer,Bud Light,September 13,,,,,
7785,Lucas,Cocktail,Campari Spritz,September 13,,,,,
7784,Joseph,Cocktail,Campari Spritz,September 13,,,,,
7783,Marek,Cocktail,Campari Spritz,September 13,,,,,
7782,Miggy,Cocktail,Campari Spritz,September 13,,,,,
7781,Liam,Beer,,September 13,,,,,
7780,Hunter,Beer,Bud Light,September 13,,,,,
7779,Jacob,Cocktail,Buzz Ball,September 13,,,,,
7778,Hunter,Beer,Modelo,September 13,,,,,
7777,Joseph,Beer,Modelo,September 13,,,,,
7776,Hunter,Shot,Pink Whitney,September 14,,,,,
7775,Joseph,Cocktail,Tequila Pineapple,September 14,,,,,
7774,Lucas,Cocktail,Vodka Redbull,September 14,,,,,
7773,Owen,Cocktail,Mezcal Ilegal,September 14,,,,,
7772,Avi,Cocktail,Rum and Coke,September 14,,,,,
7771,Lucas,Beer,Guinness,September 14,,,,,
7770,Maxim,Beer,Guinness,September 14,,,,,
7769,Hunter,Beer,Guinness,September 14,,,,,
7768,Joseph,Beer,Guinness,September 14,,,,,
7767,Lucas,Beer,Guinness,September 14,,,,,
7766,Hunter,Beer,Guinness,September 14,,,,,
7765,Joseph,Beer,Guinness,September 14,,,,,
7764,Maxim,Beer,Guinness,September 14,,,,,
7763,Joseph,Beer,Guinness,September 14,,,,,
7762,Hunter,Beer,Guinness,September 14,,,,,
7761,Marek,Beer,Guinness,September 14,,,,,
7760,Jacob,Shot,Tequila,September 13,,,,,
7759,Hunter,Shot,Tequila,September 13,,,,,
7758,Joseph,Shot,Tequila,September 13,,,,,
7757,Marek,Shot,Tequila,September 13,,,,,
7756,Miggy,Shot,Tequila,September 13,,,,,
7755,Miggy,Shot,Tequila,September 13,,,,,
7754,Jacob,Shot,Tequila,September 13,,,,,
7753,Hunter,Shot,Tequila,September 13,,,,,
7752,Joseph,Shot,Tequila,September 13,,,,,
7751,Marek,Shot,Tequila,September 13,,,,,
7750,Maxim,Shot,Tequila,September 13,,,,,
7749,Miggy,Shot,Tequila,September 13,,,,,
7748,Jacob,Shot,Tequila,September 13,,,,,
7747,Hunter,Shot,Tequila,September 13,,,,,
7746,Joseph,Shot,Tequila,September 13,,,,,
7745,Miggy,Shot,Tequila,September 13,,,,,
7744,Miggy,Shot,Tequila,September 13,,,,,
7743,Hunter,Shot,Tequila,September 13,,,,,
7742,Marek,Shot,Tequila,September 13,,,,,
7741,Hunter,Shot,Tequila,September 13,,,,,
7740,Lucas,Beer,Sam Hazy IPA,September 14,,,,,
7739,Marek,Beer,Michelob Ultra,September 14,,,,,
7738,Hunter,Beer,New Glarus,September 14,,,,,
7737,Marek,Beer,Michelob Ultra,September 14,,,,,
7736,Jacob,Beer,New Glarus,September 15,,,,,
7735,Marek,Beer,New Glarus,September 15,,,,,
7734,Maxim,Beer,New Glarus,September 15,,,,,
7733,Hunter,Wine,Red,September 15,,,,,
7732,Hunter,Wine,Red,September 15,,,,,
7731,Hunter,Wine,White,September 16,,,,,
7730,Joseph,Wine,White,September 16,,,,,
7729,Hunter,Seltzer,High Noon,September 16,,,,,
7728,Joseph,Seltzer,High Noon,September 16,,,,,
7727,Hunter,Beer,Michelob Ultra,September 16,,,,,
7726,Joseph,Seltzer,Angry Orchard,September 16,,,,,
7725,Joseph,Beer,,September 17,,,,,
7724,Jacob,Wine,White,September 17,,,,,
7723,Jacob,Wine,White,September 17,,,,,
7722,Maxim,Beer,Corona,September 17,,,,,
7721,Joseph,Beer,Bud Light,September 17,,,,,
7720,Cole,Beer,,September 17,,,,,
7719,Liam,Beer,,September 17,,,,,
7718,Liam,Beer,,September 17,,,,,
7717,Kacper,Beer,Local Buzz,September 17,,,,,
7716,Hunter,Beer,Coors Light,September 18,,,,,
7715,Hunter,Beer,Busch Light,September 18,,,,,
7714,Jacob,Wine,Red,September 18,,,,,
7713,Miggy,Wine,Red,September 18,,,,,
7712,Jacob,Wine,Red,September 18,,,,,
7711,Miggy,Wine,Red,September 18,,,,,
7710,Hunter,Beer,Busch Light,September 18,,,,,
7709,Cole,Beer,Mountain Bold Rock,September 18,,,,,
7708,Hunter,Beer,Busch Light,September 18,,,,,
7707,Miggy,Wine,White,September 18,,,,,
7706,Jacob,Wine,White,September 18,,,,,
7705,Jacob,Wine,White,September 18,,,,,
7704,Marek,Beer,,September 18,,,,,
7703,Maxim,Cocktail,Beatbox,September 18,,,,,
7702,Jacob,Shot,Jack Daniels,September 18,,,,,
7701,Maxim,Other,Soju,September 18,,,,,
7700,Lucas,Beer,Stoicks Ale,September 19,,,,,
7699,Hunter,Beer,Coors Light,September 19,,,,,
7698,Hunter,Beer,Coors Light,September 19,,,,,
7697,Maxim,Beer,Tsingtao,September 19,,,,,
7696,Liam,Beer,,September 19,,,,,
7695,Liam,Cocktail,Martini,September 19,,,,,
7694,Cole,Beer,Bold Rock,September 19,,,,,
7693,Liam,Beer,,September 19,,,,,
7692,Miggy,Wine,White,September 19,,,,,
7691,Lucas,Cocktail,Avocado Margarita,September 20,,,,,
7690,Lucas,Cocktail,Rum Mango Lassi,September 20,,,,,
7689,Lucas,Cocktail,,September 20,,,,,
7688,Jacob,Beer,Bud Light,September 20,,,,,
7687,Jacob,Beer,Bud Light,September 20,,,,,
7686,Hunter,Beer,Michelob Ultra,September 20,,,,,
7685,Jacob,Beer,Coors Light,September 20,,,,,
7684,Lucas,Cocktail,Limoncello Spritz,September 20,,,,,
7683,Lucas,Cocktail,Frozen Caipirinha,September 20,,,,,
7682,Kacper,Beer,Modelo,September 20,,,,,
7681,Lucas,Beer,Guinness,September 20,,,,,
7680,Kacper,Beer,Modelo,September 20,,,,,
7679,Cole,Shot,Tequila,September 20,,,,,
7678,Hunter,Beer,Bud Light,September 20,,,,,
7677,Jacob,Seltzer,White Claw,September 20,,,,,
7676,Maxim,Beer,Modelo,September 20,,,,,
7675,Cole,Beer,Bold Rock,September 20,,,,,
7674,Kacper,Beer,,September 20,,,,,
7673,Hunter,Beer,Coors Light,September 20,,,,,
7672,Hunter,Seltzer,High Noon,September 20,,,,,
7671,Maxim,Cocktail,,September 20,,,,,
7670,Cole,Beer,Bold Rock,September 20,,,,,
7669,Hunter,Beer,Coors Light,September 20,,,,,
7668,Jacob,Wine,White,September 20,,,,,
7667,Miggy,Wine,White,September 20,,,,,
7666,Hunter,Beer,Coors Light,September 20,,,,,
7665,Jacob,Wine,White,September 20,,,,,
7664,Miggy,Wine,White,September 20,,,,,
7663,Liam,Wine,White,September 20,,,,,
7662,Avi,Beer,Michelob Ultra,September 20,,,,,
7661,Miggy,Cocktail,Hugo Spritz,September 20,,,,,
7660,Jacob,Cocktail,Hugo Spritz,September 20,,,,,
7659,Hunter,Wine,White,September 21,,,,,
7658,Hunter,Seltzer,High Noon,September 21,,,,,
7657,Hunter,Seltzer,High Noon,September 21,,,,,
7656,Maxim,Beer,Voodoo IPA,September 21,,,,,
7655,Maxim,Beer,Voodoo IPA,September 21,,,,,
7654,Maxim,Beer,Voodoo IPA,September 21,,,,,
7653,Hunter,Seltzer,High Noon,September 22,,,,,
7652,Joseph,Beer,Corona,September 23,,,,,
7651,Joseph,Beer,Corona,September 23,,,,,
7650,Hunter,Beer,Yuengling Lager,September 24,,,,,
7649,Jacob,Wine,White,September 24,,,,,
7648,Jacob,Wine,White,September 24,,,,,
7647,Hunter,Beer,Coors Light,September 24,,,,,
7646,Hunter,Seltzer,High Noon,September 25,,,,,
7645,Hunter,Beer,Pabst Blue Ribbon,September 25,,,,,
7644,Hunter,Beer,Pabst Blue Ribbon,September 25,,,,,
7643,Hunter,Beer,Corona,September 26,,,,,
7642,Hunter,Shot,Jack Daniels,September 26,,,,,
7641,Avi,Beer,,September 26,,,,,
7640,Hunter,Beer,Corona,September 26,,,,,
7639,Cole,Beer,,September 26,,,,,
7638,Liam,Beer,,September 27,,,,,
7637,Maxim,Seltzer,Seattle Cider,September 27,,,,,
7636,Avi,Beer,Michelob Ultra,September 27,,,,,
7635,Avi,Beer,Michelob Ultra,September 27,,,,,
7634,Hunter,Beer,Corona,September 27,,,,,
7633,Hunter,Beer,Coors Light,September 27,,,,,
7632,Hunter,Beer,Coors Light,September 27,,,,,
7631,Hunter,Beer,Coors Light,September 27,,,,,
7630,Liam,Beer,Modelo,September 27,,,,,
7629,Hunter,Beer,,September 27,,,,,
7628,Jacob,Seltzer,Angry Orchard,September 27,,,,,
7627,Jacob,Seltzer,Angry Orchard,September 27,,,,,
7626,Jacob,Seltzer,Angry Orchard,September 27,,,,,
7625,Avi,Beer,Michelob Ultra,September 27,,,,,
7624,Owen,Shot,Fireball,September 28,,,,,
7623,Owen,Beer,,September 28,,,,,
7622,Hunter,Beer,Peroni,September 28,,,,,
7621,Hunter,Beer,Pabst Blue Ribbon,September 29,,,,,
7620,Lucas,Beer,,September 29,,,,,
7619,Hunter,Beer,,September 29,,,,,
7618,Joseph,Beer,,September 29,,,,,
7617,Joseph,Beer,Guinness,September 29,,,,,
7616,Lucas,Beer,Guinness,September 29,,,,,
7615,Joseph,Beer,Guinness,September 29,,,,,
7614,Lucas,Beer,Guinness,September 29,,,,,
7613,Cole,Beer,Bold Rock,September 29,,,,,
7612,Cole,Beer,Bold Rock,September 29,,,,,
7611,Joseph,Seltzer,Downeast,September 30,,,,,
7610,Hunter,Beer,Michelob Ultra,September 30,,,,,
7609,Joseph,Beer,Michelob Ultra,September 30,,,,,
7608,Lucas,Beer,Michelob Ultra,September 30,,,,,
7607,Hunter,Beer,Coors Light,September 30,,,,,
7606,Lucas,Seltzer,Downeast,September 30,,,,,
7605,Jacob,Beer,Bud Light,September 30,,,,,
7604,Lucas,Seltzer,Downeast,September 30,,,,,
7603,Lucas,Beer,Coors Light,September 30,,,,,
7602,Joseph,Seltzer,Downeast,September 30,,,,,
7601,Jacob,Wine,White,September 30,,,,,
7600,Hunter,Beer,Pabst Blue Ribbon,October 1,,,,,
7599,Jacob,Wine,White,October 1,,,,,
7598,Hunter,Beer,Bud Light,October 1,,,,,
7597,Cole,Cocktail,Sangria,October 1,,,,,
7596,Cole,Cocktail,Sangria,October 1,,,,,
7595,Hunter,Beer,Pabst Blue Ribbon,October 2,,,,,
7594,Jacob,Beer,Bud Light,October 2,,,,,
7593,Hunter,Beer,Pabst Blue Ribbon,October 2,,,,,
7592,Cole,Beer,Bold Rock,October 2,,,,,
7591,Hunter,Beer,Michelob Ultra,October 2,,,,,
7590,Hunter,Beer,Natural Light,October 3,,,,,
7589,Joseph,Cocktail,Peach Whiskey Sour,October 3,,,,,
7588,Hunter,Beer,Natural Light,October 3,,,,,
7587,Joseph,Seltzer,Downeast,October 3,,,,,
7586,Cole,Beer,Bold Rock,October 3,,,,,
7585,Jacob,Beer,Corona,October 4,,,,,
7584,Kacper,Beer,,October 4,,,,,
7583,Avi,Beer,Michelob Ultra,October 4,,,,,
7582,Cole,Cocktail,Margarita,October 4,,,,,
7581,Cole,Cocktail,Margarita,October 4,,,,,
7580,Avi,Beer,Michelob Ultra,October 4,,,,,
7579,Hunter,Beer,Bud Light,October 4,,,,,
7578,Joseph,Seltzer,Downeast,October 4,,,,,
7577,Jacob,Beer,Sour Monkey,October 4,,,,,
7576,Joseph,Beer,Corona,October 4,,,,,
7575,Jacob,Cocktail,Vodka Redbull,October 4,,,,,
7574,Jacob,Other,Soju,October 4,,,,,
7573,Joseph,Cocktail,Jungle Juice,October 4,,,,,
7572,Jacob,Cocktail,Vodka Redbull,October 4,,,,,
7571,Jacob,Cocktail,Vodka Redbull,October 4,,,,,
7570,Miggy,Beer,,October 4,,,,,
7569,Miggy,Beer,,October 4,,,,,
7568,Kacper,Beer,Pumpkin Beer,October 4,,,,,
7567,Joseph,Beer,Corona,October 4,,,,,
7566,Joseph,Shot,Tequila,October 4,,,,,
7565,Miggy,Beer,,October 4,,,,,
7564,Jacob,Shot,Fireball,October 4,,,,,
7563,Jacob,Shot,Fireball,October 4,,,,,
7562,Kacper,Beer,,October 4,,,,,
7561,Hunter,Beer,,October 5,,,,,
7560,Hunter,Beer,Bud Light,October 5,,,,,
7559,Avi,Beer,Michelob Ultra,October 5,,,,,
7558,Hunter,Wine,White,October 5,,,,,
7557,Maxim,Beer,White Russian,October 5,,,,,
7556,Hunter,Beer,Coors Light,October 6,,,,,
7555,Lucas,Beer,Coors Light,October 6,,,,,
7554,Hunter,Beer,Coors Light,October 6,,,,,
7553,Lucas,Beer,Coors Light,October 6,,,,,
7552,Maxim,Beer,Guinness,October 7,,,,,
7551,Hunter,Shot,Jack Daniels,October 7,,,,,
7550,Jacob,Beer,Guinness,October 7,,,,,
7549,Jacob,Beer,Corona,October 7,,,,,
7548,Jacob,Beer,Corona,October 7,,,,,
7547,Miggy,Wine,White,October 7,,,,,
7546,Jacob,Beer,Corona,October 7,,,,,
7545,Maxim,Beer,,October 7,,,,,
7544,Joseph,Cocktail,,October 7,,,,,
7543,Joseph,Cocktail,,October 7,,,,,
7542,Hunter,Beer,Michelob Ultra,October 8,,,,,
7541,Jacob,Seltzer,Angry Orchard,October 8,,,,,
7540,Miggy,Seltzer,Angry Orchard,October 8,,,,,
7539,Joseph,Beer,Dog Fish,October 8,,,,,
7538,Jacob,Seltzer,Angry Orchard,October 8,,,,,
7537,Avi,Beer,Corona,October 8,,,,,
7536,Liam,Cocktail,Irish Coffee,October 9,,,,,
7535,Joseph,Cocktail,Irish Coffee,October 9,,,,,
7534,Hunter,Shot,Moonshine,October 9,,,,,
7533,Liam,Beer,Corona,October 9,,,,,
7532,Joseph,Beer,Corona,October 9,,,,,
7531,Hunter,Beer,Bud Light,October 10,,,,,
7530,Jacob,Beer,Corona,October 10,,,,,
7529,Joseph,Beer,Corona,October 10,,,,,
7528,Owen,Beer,Corona,October 10,,,,,
7527,Liam,Beer,Corona,October 10,,,,,
7526,Hunter,Beer,,October 10,,,,,
7525,Hunter,Beer,Busch Light,October 10,,,,,
7524,Hunter,Beer,Busch Light,October 10,,,,,
7523,Joseph,Beer,Corona,October 10,,,,,
7522,Liam,Beer,Corona,October 10,,,,,
7521,Jacob,Beer,Corona,October 10,,,,,
7520,Hunter,Beer,Busch Light,October 10,,,,,
7519,Jacob,Beer,Corona,October 10,,,,,
7518,Owen,Beer,Corona,October 10,,,,,
7517,Joseph,Beer,Corona,October 10,,,,,
7516,Liam,Beer,Corona,October 10,,,,,
7515,Hunter,Beer,Busch Light,October 10,,,,,
7514,Jacob,Beer,Michelob Ultra,October 10,,,,,
7513,Joseph,Beer,Michelob Ultra,October 10,,,,,
7512,Hunter,Beer,Busch Light,October 10,,,,,
7511,Joseph,Beer,Corona,October 10,,,,,
7510,Joseph,Beer,Corona,October 10,,,,,
7509,Joseph,Beer,Corona,October 10,,,,,
7508,Joseph,Beer,Corona,October 10,,,,,
7507,Liam,Beer,Corona,October 10,,,,,
7506,Liam,Beer,Corona,October 10,,,,,
7505,Liam,Beer,Corona,October 10,,,,,
7504,Liam,Beer,Corona,October 10,,,,,
7503,Owen,Shot,Whiskey,October 10,,,,,
7502,Owen,Shot,Whiskey,October 10,,,,,
7501,Owen,Shot,Whiskey,October 10,,,,,
7500,Jacob,Shot,Whiskey,October 10,,,,,
7499,Liam,Beer,Corona,October 10,,,,,
7498,Owen,Shot,Whiskey,October 10,,,,,
7497,Joseph,Beer,Corona,October 10,,,,,
7496,Joseph,Beer,Corona,October 10,,,,,
7495,Hunter,Wine,White,October 10,,,,,
7494,Jacob,Beer,,October 10,,,,,
7493,Liam,Beer,,October 10,,,,,
7492,Owen,Beer,,October 10,,,,,
7491,Joseph,Beer,,October 10,,,,,
7490,Jacob,Seltzer,Maple Seltzer,October 10,,,,,
7489,Joseph,Seltzer,Maple Seltzer,October 10,,,,,
7488,Owen,Beer,Guinness,October 10,,,,,
7487,Liam,Beer,,October 10,,,,,
7486,Maxim,Wine,Barefoot,October 10,,,,,
7485,Jacob,Beer,,October 10,,,,,
7484,Liam,Beer,,October 10,,,,,
7483,Owen,Beer,,October 10,,,,,
7482,Maxim,Wine,Barefoot,October 10,,,,,
7481,Owen,Shot,Vodka,October 10,,,,,
7480,Joseph,Shot,Vodka,October 10,,,,,
7479,Jacob,Shot,Vodka,October 10,,,,,
7478,Maxim,Cocktail,,October 10,,,,,
7477,Miggy,Beer,Michelob Ultra,October 11,,,,,
7476,Miggy,Beer,Michelob Ultra,October 11,,,,,
7475,Liam,Beer,,October 11,,,,,
7474,Joseph,Beer,,October 11,,,,,
7473,Jacob,Cocktail,Vodka Soda,October 11,,,,,
7472,Miggy,Cocktail,Vodka Soda,October 11,,,,,
7471,Jacob,Shot,Green Tea,October 11,,,,,
7470,Miggy,Shot,Green Tea,October 11,,,,,
7469,Owen,Shot,Green Tea,October 11,,,,,
7468,Joseph,Shot,Green Tea,October 11,,,,,
7467,Maxim,Cocktail,,October 11,,,,,
7466,Joseph,Beer,Corona,October 11,,,,,
7465,Maxim,Shot,Vodka,October 11,,,,,
7464,Maxim,Shot,Vodka,October 11,,,,,
7463,Maxim,Shot,Vodka,October 11,,,,,
7462,Jacob,Cocktail,Vodka Soda,October 11,,,,,
7461,Jacob,Cocktail,Vodka Soda,October 11,,,,,
7460,Liam,Beer,,October 11,,,,,
7459,Hunter,Wine,Prosecco,October 11,,,,,
7458,Hunter,Cocktail,Espresso Martini,October 11,,,,,
7457,Hunter,Beer,Miller Lite,October 11,,,,,
7456,Hunter,Wine,Prosecco,October 11,,,,,
7455,Hunter,Shot,Tequila,October 11,,,,,
7454,Hunter,Cocktail,Lemon Tequila,October 11,,,,,
7453,Hunter,Cocktail,Lemon Tequila,October 11,,,,,
7452,Hunter,Cocktail,Lemon Tequila,October 11,,,,,
7451,Hunter,Cocktail,Lemon Tequila,October 11,,,,,
7450,Joseph,Beer,Michelob Ultra,October 11,,,,,
7449,Hunter,Beer,Michelob Ultra,October 11,,,,,
7448,Hunter,Beer,Michelob Ultra,October 11,,,,,
7447,Lucas,Beer,Little Trillium,October 11,,,,,
7446,Hunter,Beer,Michelob Ultra,October 11,,,,,
7445,Jacob,Beer,Michelob Ultra,October 11,,,,,
7444,Joseph,Beer,Michelob Ultra,October 11,,,,,
7443,Joseph,Beer,,October 11,,,,,
7442,Hunter,Beer,Millter Lite,October 11,,,,,
7441,Jacob,Wine,Rose,October 11,,,,,
7440,Joseph,Beer,Corona,October 11,,,,,
7439,Jacob,Wine,Rose,October 11,,,,,
7438,Jacob,Wine,Rose,October 11,,,,,
7437,Miggy,Wine,White,October 11,,,,,
7436,Owen,Shot,Whiskey,October 11,,,,,
7435,Miggy,Wine,White,October 11,,,,,
7434,Owen,Shot,Whiskey,October 11,,,,,
7433,Joseph,Beer,Corona,October 11,,,,,
7432,Jacob,Wine,Rose,October 11,,,,,
7431,Miggy,Wine,White,October 11,,,,,
7430,Liam,Beer,Michelob Ultra,October 11,,,,,
7429,Joseph,Beer,Michelob Ultra,October 11,,,,,
7428,Owen,Shot,Whiskey,October 11,,,,,
7427,Jacob,Beer,,October 11,,,,,
7426,Owen,Beer,,October 11,,,,,
7425,Miggy,Beer,,October 11,,,,,
7424,Joseph,Beer,,October 11,,,,,
7423,Liam,Beer,,October 11,,,,,
7422,Miggy,Beer,,October 11,,,,,
7421,Hunter,Beer,Miller Lite,October 11,,,,,
7420,Hunter,Beer,Busch Lite,October 11,,,,,
7419,Joseph,Cocktail,,October 11,,,,,
7418,Hunter,Beer,Miller Lite,October 11,,,,,
7417,Joseph,Beer,,October 12,,,,,
7416,Miggy,Shot,Vodka,October 12,,,,,
7415,Owen,Shot,Vodka,October 12,,,,,
7414,Liam,Beer,Michelob Ultra,October 12,,,,,
7413,Joseph,Beer,Michelob Ultra,October 12,,,,,
7412,Joseph,Beer,,October 12,,,,,
7411,Miggy,Shot,Vodka,October 12,,,,,
7410,Miggy,Shot,Vodka,October 12,,,,,
7409,Liam,Shot,Vodka,October 12,,,,,
7408,Owen,Shot,Vodka,October 12,,,,,
7407,Joseph,Beer,Corona,October 12,,,,,
7406,Joseph,Beer,Corona,October 12,,,,,
7405,Lucas,Beer,Coors Light,October 12,,,,,
7404,Avi,Beer,,October 12,,,,,
7403,Cole,Beer,,October 12,,,,,
7402,Kacper,Beer,,October 12,,,,,
7401,Lucas,Seltzer,Downeast,October 12,,,,,
7400,Lucas,Beer,,October 12,,,,,
7399,Hunter,Beer,Bud Light,October 13,,,,,
7398,Hunter,Wine,Red,October 13,,,,,
7397,Lucas,Cocktail,Long Drink,October 13,,,,,
7396,Lucas,Cocktail,Long Drink,October 13,,,,,
7395,Hunter,Beer,Corona,October 13,,,,,
7394,Cole,Beer,Corona,October 13,,,,,
7393,Hunter,Beer,Corona,October 13,,,,,
7392,Jacob,Beer,Singha,October 14,,,,,
7391,Lucas,Beer,,October 14,,,,,
7390,Hunter,Beer,Natural Light,October 15,,,,,
7389,Hunter,Beer,Pabst Blue Ribbon,October 15,,,,,
7388,Miggy,Shot,Jello Shot,October 15,,,,,
7387,Miggy,Shot,Jello Shot,October 15,,,,,
7386,Miggy,Wine,Rose,October 15,,,,,
7385,Maxim,Wine,Rose,October 15,,,,,
7384,Hunter,Beer,Peroni,October 15,,,,,
7383,Hunter,Wine,Red,October 16,,,,,
7382,Hunter,Beer,,October 16,,,,,
7381,Hunter,Beer,Bud Light,October 17,,,,,
7380,Hunter,Wine,Red,October 17,,,,,
7379,Jacob,Beer,Guinness,October 17,,,,,
7378,Jacob,Beer,Guinness,October 17,,,,,
7377,Jacob,Wine,Sangria,October 17,,,,,
7376,Jacob,Wine,Sangria,October 17,,,,,
7375,Jacob,Wine,Sangria,October 17,,,,,
7374,Jacob,Shot,Vodka,October 17,,,,,
7373,Miggy,Shot,Vodka,October 17,,,,,
7372,Jacob,Shot,Vodka,October 17,,,,,
7371,Kacper,Beer,Modelo,October 18,,,,,
7370,Kacper,Beer,Modelo,October 18,,,,,
7369,Cole,Beer,Bold Rock,October 18,,,,,
7368,Hunter,Beer,Bud Light,October 18,,,,,
7367,Cole,Beer,Bold Rock,October 18,,,,,
7366,Cole,Beer,Bold Rock,October 18,,,,,
7365,Cole,Beer,Bold Rock,October 18,,,,,
7364,Kacper,Cocktail,Margarita,October 18,,,,,
7363,Kacper,Wine,Sake,October 18,,,,,
7362,Hunter,Wine,Red,October 18,,,,,
7361,Cole,Shot,Tequila,October 18,,,,,
7360,Avi,Beer,Michelob Ultra,October 18,,,,,
7359,Avi,Seltzer,,October 18,,,,,
7358,Hunter,Wine,Red,October 18,,,,,
7357,Joseph,Cocktail,Cantarito,October 18,,,,,
7356,Joseph,Beer,Corona,October 18,,,,,
7355,Joseph,Beer,Pabst Blue RIbbon,October 19,,,,,
7354,Hunter,Beer,Pabst Blue RIbbon,October 19,,,,,
7353,Hunter,Beer,Pabst Blue RIbbon,October 19,,,,,
7352,Hunter,Beer,Pabst Blue RIbbon,October 19,,,,,
7351,Kacper,Beer,,October 19,,,,,
7350,Kacper,Beer,,October 19,,,,,
7349,Jacob,Wine,White,October 19,,,,,
7348,Maxim,Beer,,October 19,,,,,
7347,Joseph,Shot,Tequila,October 19,,,,,
7346,Hunter,Beer,,October 19,,,,,
7345,Joseph,Cocktail,,October 19,,,,,
7344,Joseph,Beer,Corona,October 20,,,,,
7343,Lucas,Beer,Coors Light,October 20,,,,,
7342,Liam,Shot,Whiskey,October 20,,,,,
7341,Jacob,Beer,Singha,October 20,,,,,
7340,Hunter,Wine,Red,October 20,,,,,
7339,Joseph,Cocktail,Mai Tai,October 20,,,,,
7338,Maxim,Seltzer,Strong Zero,October 20,,,,,
7337,Joseph,Cocktail,Espresso Martini,October 21,,,,,
7336,Lucas,Cocktail,Espresso Martini,October 21,,,,,
7335,Lucas,Beer,Guinness,October 21,,,,,
7334,Jacob,Wine,White,October 21,,,,,
7333,Hunter,Shot,Jack Daniels,October 21,,,,,
7332,Lucas,Beer,Modelo,October 21,,,,,
7331,Joseph,Beer,Modelo,October 21,,,,,
7330,Hunter,Wine,White,October 21,,,,,
7329,Lucas,Beer,Modelo,October 21,,,,,
7328,Lucas,Beer,Modelo,October 21,,,,,
7327,Lucas,Beer,Modelo,October 21,,,,,
7326,Joseph,Beer,Modelo,October 21,,,,,
7325,Joseph,Beer,Modelo,October 21,,,,,
7324,Joseph,Beer,Modelo,October 21,,,,,
7323,Hunter,Beer,Guinness,October 22,,,,,
7322,Hunter,Beer,Guinness,October 22,,,,,
7321,Hunter,Beer,Corona,October 22,,,,,
7320,Hunter,Beer,Kona,October 22,,,,,
7319,Hunter,Wine,Red,October 22,,,,,
7318,Jacob,Wine,Red,October 24,,,,,
7317,Hunter,Beer,Pabst Blue Ribbon,October 24,,,,,
7316,Hunter,Shot,Jack Daniels,October 24,,,,,
7315,Joseph,Beer,Bud Light,October 24,,,,,
7314,Cole,Beer,Bold Rock,October 24,,,,,
7313,Joseph,Beer,Bud Light,October 24,,,,,
7312,Hunter,Beer,Bud Light,October 24,,,,,
7311,Hunter,Beer,Bud Light,October 24,,,,,
7310,Hunter,Beer,Bud Light,October 24,,,,,
7309,Joseph,Seltzer,Downeast,October 24,,,,,
7308,Joseph,Seltzer,Angry Orchard,October 24,,,,,
7307,Joseph,Shot,Vodka,October 24,,,,,
7306,Hunter,Shot,Vodka,October 24,,,,,
7305,Joseph,Seltzer,Angry Orchard,October 24,,,,,
7304,Hunter,Beer,,October 24,,,,,
7303,Cole,Beer,Voodoo Ranger,October 24,,,,,
7302,Cole,Beer,Modelo,October 24,,,,,
7301,Joseph,Shot,Vodka,October 24,,,,,
7300,Joseph,Shot,Vodka,October 24,,,,,
7299,Maxim,Cocktail,,October 24,,,,,
7298,Marek,Beer,Guinness,October 25,,,,,
7297,Jacob,Seltzer,Apple Cider,October 25,,,,,
7296,Jacob,Seltzer,Apple Cider,October 25,,,,,
7295,Hunter,Seltzer,Apple Cider,October 25,,,,,
7294,Hunter,Seltzer,Apple Cider,October 25,,,,,
7293,Miggy,Seltzer,Apple Cider,October 25,,,,,
7292,Miggy,Seltzer,Apple Cider,October 25,,,,,
7291,Joseph,Seltzer,Downeast,October 25,,,,,
7290,Jacob,Seltzer,Downeast,October 25,,,,,
7289,Hunter,Shot,Vodka,October 25,,,,,
7288,Jacob,Shot,Vodka,October 25,,,,,
7287,Joseph,Shot,Vodka,October 25,,,,,
7286,Hunter,Shot,Vodka,October 25,,,,,
7285,Jacob,Shot,Vodka,October 25,,,,,
7284,Hunter,Beer,Coors Light,October 25,,,,,
7283,Jacob,Seltzer,Downeast,October 25,,,,,
7282,Kacper,Wine,Sangria,October 25,,,,,
7281,Hunter,Beer,Coors Light,October 25,,,,,
7280,Jacob,Seltzer,Downeast,October 25,,,,,
7279,Avi,Beer,,October 25,,,,,
7278,Hunter,Beer,Coors Light,October 25,,,,,
7277,Jacob,Seltzer,Downeast,October 25,,,,,
7276,Hunter,Beer,Coors Light,October 25,,,,,
7275,Joseph,Seltzer,Downeast,October 25,,,,,
7274,Hunter,Shot,Vodka,October 25,,,,,
7273,Lucas,Beer,Corona,October 26,,,,,
7272,Joseph,Beer,Corona,October 26,,,,,
7271,Joseph,Beer,Corona,October 26,,,,,
7270,Lucas,Beer,Corona,October 26,,,,,
7269,Joseph,Beer,Corona,October 26,,,,,
7268,Hunter,Beer,Kona,October 27,,,,,
7267,Lucas,Beer,Guinness,October 28,,,,,
7266,Lucas,Beer,Guinness,October 28,,,,,
7265,Hunter,Beer,Coors Light,October 29,,,,,
7264,Hunter,Cocktail,Gin and Tonic,October 29,,,,,
7263,Joseph,Seltzer,Downeast,October 29,,,,,
7262,Lucas,Seltzer,Downeast,October 29,,,,,
7261,Joseph,Seltzer,Downeast,October 29,,,,,
7260,Lucas,Seltzer,Downeast,October 29,,,,,
7259,Joseph,Seltzer,Downeast,October 29,,,,,
7258,Hunter,Seltzer,Downeast,October 29,,,,,
7257,Lucas,Seltzer,Downeast,October 29,,,,,
7256,Hunter,Cocktail,Panda Punch,October 30,,,,,
7255,Hunter,Beer,Coors Light,October 30,,,,,
7254,Jacob,Wine,White,October 30,,,,,
7253,Jacob,Wine,White,October 30,,,,,
7252,Miggy,Other,Soju,October 30,,,,,
7251,Hunter,Beer,Coors Light,October 30,,,,,
7250,Jacob,Wine,White,October 30,,,,,
7249,Cole,Seltzer,Bold Rock,October 30,,,,,
7248,Hunter,Beer,Kona,October 31,,,,,
7247,Hunter,Beer,Bud Light,October 31,,,,,
7246,Hunter,Wine,Rose,October 31,,,,,
7245,Jacob,Beer,Sapporo,October 31,,,,,
7244,Owen,Beer,Michelob Ultra,October 31,,,,,
7243,Hunter,Beer,,October 31,,,,,
7242,Hunter,Wine,Rose,October 31,,,,,
7241,Jacob,Beer,,October 31,,,,,
7240,Jacob,Shot,Tequila,October 31,,,,,
7239,Miggy,Shot,Tequila,October 31,,,,,
7238,Owen,Shot,Tequila,October 31,,,,,
7237,Jacob,Shot,Tequila,October 31,,,,,
7236,Miggy,Shot,Tequila,October 31,,,,,
7235,Owen,Shot,Tequila,October 31,,,,,
7234,Avi,Beer,Coors Light,October 31,,,,,
7233,Maxim,Beer,,October 31,,,,,
7232,Maxim,Other,Soju,October 31,,,,,
7231,Jacob,Shot,Tequila,October 31,,,,,
7230,Miggy,Shot,Tequila,October 31,,,,,
7229,Owen,Shot,Tequila,October 31,,,,,
7228,Jacob,Shot,Tequila,October 31,,,,,
7227,Miggy,Shot,Tequila,October 31,,,,,
7226,Owen,Shot,Tequila,October 31,,,,,
7225,Owen,Shot,Jager,October 31,,,,,
7224,Jacob,Shot,Tequila,October 31,,,,,
7223,Miggy,Shot,Tequila,October 31,,,,,
7222,Owen,Shot,Tequila,October 31,,,,,
7221,Avi,Cocktail,Surfside,October 31,,,,,
7220,Hunter,Cocktail,Aperol Spritz,October 31,,,,,
7219,Kacper,Beer,,October 31,,,,,
7218,Hunter,Beer,Kona,October 31,,,,,
7217,Kacper,Beer,,October 31,,,,,
7216,Kacper,Beer,,October 31,,,,,
7215,Avi,Seltzer,High Noon,October 31,,,,,
7214,Hunter,Seltzer,Angry Orchard,October 31,,,,,
7213,Kacper,Beer,,October 31,,,,,
7212,Hunter,Beer,Coors Light,October 31,,,,,
7211,Kacper,Beer,,October 31,,,,,
7210,Cole,Shot,Tequila,October 31,,,,,
7209,Hunter,Beer,Coors Light,October 31,,,,,
7208,Avi,Seltzer,High Noon,October 31,,,,,
7207,Joseph,Shot,Tequila,October 31,,,,,
7206,Cole,Shot,Tequila,October 31,,,,,
7205,Avi,Beer,Coors Light,October 31,,,,,
7204,Miggy,Beer,Michelob Ultra,October 31,,,,,
7203,Cole,Shot,Tequila,October 31,,,,,
7202,Joseph,Beer,Miller Lite,October 31,,,,,
7201,Kacper,Beer,,October 31,,,,,
7200,Jacob,Beer,Michelob Ultra,October 31,,,,,
7199,Hunter,Beer,Guinness,October 31,,,,,
7198,Kacper,Shot,,October 31,,,,,
7197,Jacob,Seltzer,High Noon,October 31,,,,,
7196,Jacob,Seltzer,High Noon,October 31,,,,,
7195,Hunter,Beer,,October 31,,,,,
7194,Liam,Wine,Mimosa,November 1,,,,,
7193,Liam,Wine,Mimosa,November 1,,,,,
7192,Joseph,Beer,Coors Light,November 1,,,,,
7191,Jacob,Beer,Stella Artois,November 1,,,,,
7190,Cole,Beer,Stella Artois,November 1,,,,,
7189,Joseph,Beer,Pabst Blue Ribbon,November 1,,,,,
7188,Jacob,Beer,Pabst Blue Ribbon,November 1,,,,,
7187,Cole,Beer,Pabst Blue Ribbon,November 1,,,,,
7186,Jacob,Beer,Pabst Blue Ribbon,November 1,,,,,
7185,Jacob,Beer,Pabst Blue Ribbon,November 1,,,,,
7184,Joseph,Beer,Pabst Blue Ribbon,November 1,,,,,
7183,Miggy,Beer,Guinness,November 1,,,,,
7182,Owen,Beer,Guinness,November 1,,,,,
7181,Joseph,Beer,Guinness,November 1,,,,,
7180,Jacob,Seltzer,Downeast,November 1,,,,,
7179,Cole,Seltzer,Downeast,November 1,,,,,
7178,Miggy,Beer,Guinness,November 1,,,,,
7177,Joseph,Beer,Corona,November 1,,,,,
7176,Joseph,Seltzer,Downeast,November 1,,,,,
7175,Cole,Seltzer,Downeast,November 1,,,,,
7174,Joseph,Beer,Corona,November 1,,,,,
7173,Joseph,Seltzer,Downeast,November 1,,,,,
7172,Cole,Seltzer,Downeast,November 1,,,,,
7171,Joseph,Beer,Kona,November 1,,,,,
7170,Jacob,Beer,Bud Light,November 2,,,,,
7169,Miggy,Beer,Bud Light,November 2,,,,,
7168,Joseph,Beer,Bud Light,November 2,,,,,
7167,Jacob,Beer,Bud Light,November 2,,,,,
7166,Miggy,Beer,Bud Light,November 2,,,,,
7165,Joseph,Beer,Bud Light,November 2,,,,,
7164,Joseph,Beer,Bud Light,November 2,,,,,
7163,Hunter,Beer,Imperial,November 2,,,,,
7162,Hunter,Beer,Imperial,November 2,,,,,
7161,Hunter,Beer,Imperial,November 2,,,,,
7160,Hunter,Wine,Red,November 2,,,,,
7159,Joseph,Beer,Guinness,November 3,,,,,
7158,Lucas,Beer,Guinness,November 3,,,,,
7157,Hunter,Beer,Imperial,November 3,,,,,
7156,Hunter,Beer,Imperial,November 3,,,,,
7155,Lucas,Beer,Guinness,November 3,,,,,
7154,Hunter,Beer,Imperial,November 3,,,,,
7153,Hunter,Beer,Imperial,November 4,,,,,
7152,Hunter,Beer,Imperial,November 4,,,,,
7151,Hunter,Beer,Imperial,November 4,,,,,
7150,Hunter,Beer,Imperial,November 4,,,,,
7149,Hunter,Beer,Imperial,November 4,,,,,
7148,Hunter,Cocktail,Espresso Martini,November 4,,,,,
7147,Lucas,Beer,Jack Abbey Pumpkin,November 4,,,,,
7146,Lucas,Beer,Jack Abbey Pumpkin,November 4,,,,,
7145,Hunter,Beer,Imperial,November 5,,,,,
7144,Hunter,Cocktail,,November 5,,,,,
7143,Avi,Beer,Michelob Ultra,November 5,,,,,
7142,Hunter,Beer,Imperial,November 6,,,,,
7141,Hunter,Beer,Imperial,November 6,,,,,
7140,Jacob,Wine,White,November 6,,,,,
7139,Hunter,Beer,Imperial,November 7,,,,,
7138,Maxim,Beer,Especial,November 7,,,,,
7137,Miggy,Beer,,November 7,,,,,
7136,Miggy,Beer,,November 7,,,,,
7135,Jacob,Wine,White,November 7,,,,,
7134,Jacob,Wine,White,November 7,,,,,
7133,Jacob,Wine,White,November 7,,,,,
7132,Jacob,Wine,White,November 7,,,,,
7131,Miggy,Wine,Red,November 7,,,,,
7130,Jacob,Wine,White,November 7,,,,,
7129,Cole,Cocktail,Margarita,November 7,,,,,
7128,Jacob,Wine,White,November 7,,,,,
7127,Jacob,Wine,White,November 7,,,,,
7126,Hunter,Beer,Imperial,November 8,,,,,
7125,Liam,Beer,Michelob Ultra,November 8,,,,,
7124,Kacper,Shot,Fireball,November 8,,,,,
7123,Kacper,Beer,Modelo,November 8,,,,,
7122,Cole,Cocktail,Margarita,November 8,,,,,
7121,Cole,Shot,Tequila,November 8,,,,,
7120,Avi,Beer,Michelob Ultra,November 8,,,,,
7119,Kacper,Beer,,November 8,,,,,
7118,Kacper,Beer,Corona,November 8,,,,,
7117,Marek,Cocktail,Espresso martini,November 8,,,,,
7116,Cole,Shot,Tequila,November 9,,,,,
7115,Lucas,Cocktail,Moscow Mule,November 9,,,,,
7114,Jacob,Beer,Modelo,November 9,,,,,
7113,Miggy,Beer,Modelo,November 9,,,,,
7112,Jacob,Wine,Mimosa,November 9,,,,,
7111,Miggy,Wine,Mimosa,November 9,,,,,
7110,Lucas,Beer,Guinness,November 9,,,,,
7109,Lucas,Beer,Guinness,November 9,,,,,
7108,Hunter,Beer,Bud Light,November 9,,,,,
7107,Joseph,Beer,Coors Light,November 10,,,,,
7106,Lucas,Beer,Coors Light,November 10,,,,,
7105,Lucas,Beer,,November 10,,,,,
7104,Owen,Beer,,November 10,,,,,
7103,Joseph,Beer,,November 10,,,,,
7102,Hunter,Beer,Bud Light,November 10,,,,,
7101,Joseph,Beer,Sour Monkey,November 10,,,,,
7100,Lucas,Beer,,November 10,,,,,
7099,Joseph,Beer,Guinness,November 10,,,,,
7098,Lucas,Beer,Guinness,November 10,,,,,
7097,Joseph,Beer,Corona,November 11,,,,,
7096,Owen,Beer,Corona,November 11,,,,,
7095,Lucas,Beer,Corona,November 11,,,,,
7094,Hunter,Wine,Red,November 11,,,,,
7093,Jacob,Beer,Corona,November 11,,,,,
7092,Joseph,Wine,Red,November 11,,,,,
7091,Lucas,Wine,Red,November 11,,,,,
7090,Hunter,Wine,Red,November 11,,,,,
7089,Owen,Wine,Red,November 11,,,,,
7088,Jacob,Beer,Blue Moon,November 11,,,,,
7087,Jacob,Beer,Blue Moon,November 11,,,,,
7086,Owen,Wine,Red,November 11,,,,,
7085,Owen,Wine,APA,November 11,,,,,
7084,Hunter,Beer,Bud Light,November 12,,,,,
7083,Owen,Beer,Modelo,November 12,,,,,
7082,Lucas,Beer,Modelo,November 12,,,,,
7081,Joseph,Beer,Modelo,November 12,,,,,
7080,Hunter,Beer,Coors Light,November 12,,,,,
7079,Hunter,Beer,Modelo,November 12,,,,,
7078,Owen,Beer,Modelo,November 12,,,,,
7077,Maxim,Wine,Sangria,November 12,,,,,
7076,Owen,Seltzer,Downeast,November 12,,,,,
7075,Hunter,Seltzer,Downeast,November 12,,,,,
7074,Lucas,Seltzer,Downeast,November 12,,,,,
7073,Maxim,Beer,Depserado,November 12,,,,,
7072,Maxim,Shot,Barcelo,November 12,,,,,
7071,Lucas,Beer,Corona,November 12,,,,,
7070,Joseph,Beer,Corona,November 12,,,,,
7069,Hunter,Beer,Corona,November 12,,,,,
7068,Joseph,Beer,Corona,November 12,,,,,
7067,Lucas,Beer,Corona,November 12,,,,,
7066,Hunter,Beer,Sapporo,November 12,,,,,
7065,Hunter,Beer,Corona,November 14,,,,,
7064,Miggy,Beer,Corona,November 14,,,,,
7063,Jacob,Beer,Corona,November 14,,,,,
7062,Avi,Beer,Michelob Ultra,November 14,,,,,
7061,Jacob,Wine,Red,November 14,,,,,
7060,Hunter,Beer,Stella Artois,November 14,,,,,
7059,Miggy,Beer,Corona,November 14,,,,,
7058,Jacob,Beer,Corona,November 14,,,,,
7057,Avi,Beer,Michelob Ultra,November 14,,,,,
7056,Joseph,Beer,Modelo,November 14,,,,,
7055,Joseph,Beer,Modelo,November 14,,,,,
7054,Avi,Cocktail,Coke and Hennessey,November 14,,,,,
7053,Hunter,Wine,Red,November 14,,,,,
7052,Jacob,Wine,Red,November 14,,,,,
7051,Miggy,Wine,Red,November 14,,,,,
7050,Jacob,Cocktail,Cutwater,November 14,,,,,
7049,Miggy,Cocktail,Cutwater,November 14,,,,,
7048,Hunter,Cocktail,Cutwater,November 14,,,,,
7047,Avi,Cocktail,Tequila Soda,November 14,,,,,
7046,Cole,Shot,Tequila,November 14,,,,,
7045,Jacob,Cocktail,Cutwater,November 14,,,,,
7044,Hunter,Cocktail,Cutwater,November 14,,,,,
7043,Miggy,Cocktail,Cutwater,November 14,,,,,
7042,Hunter,Beer,Corona,November 14,,,,,
7041,Hunter,Beer,Kona,November 14,,,,,
7040,Miggy,Beer,Kona,November 14,,,,,
7039,Jacob,Beer,Kona,November 14,,,,,
7038,Joseph,Cocktail,Cutwater,November 15,,,,,
7037,Joseph,Cocktail,Cutwater,November 15,,,,,
7036,Jacob,Beer,Michelob Ultra,November 15,,,,,
7035,Miggy,Beer,Michelob Ultra,November 15,,,,,
7034,Owen,Cocktail,Dirty Martini,November 15,,,,,
7033,Joseph,Shot,Tequila,November 15,,,,,
7032,Liam,Beer,,November 15,,,,,
7031,Liam,Beer,,November 15,,,,,
7030,Joseph,Beer,Corona,November 15,,,,,
7029,Joseph,Beer,Corona,November 15,,,,,
7028,Joseph,Seltzer,Angry Orchard,November 16,,,,,
7027,Avi,Beer,,November 16,,,,,
7026,Joseph,Beer,,November 16,,,,,
7025,Owen,Wine,White,November 16,,,,,
7024,Owen,Shot,Disaronno,November 16,,,,,
7023,Hunter,Wine,Red,November 16,,,,,
7022,Lucas,Beer,Kona,November 16,,,,,
7021,Joseph,Seltzer,Downeast,November 17,,,,,
7020,Jacob,Beer,Sam Adams,November 17,,,,,
7019,Miggy,Beer,Sam Adams,November 17,,,,,
7018,Jacob,Beer,Sam Adams,November 17,,,,,
7017,Lucas,Beer,Kona,November 17,,,,,
7016,Lucas,Beer,Kona,November 17,,,,,
7015,Maxim,Wine,Sangria,November 18,,,,,
7014,Joseph,Seltzer,Angry Orchard,November 18,,,,,
7013,Lucas,Seltzer,Angry Orchard,November 18,,,,,
7012,Hunter,Beer,Modelo,November 18,,,,,
7011,Hunter,Beer,Bud Light,November 18,,,,,
7010,Miggy,Beer,,November 18,,,,,
7009,Jacob,Beer,,November 18,,,,,
7008,Jacob,Beer,,November 18,,,,,
7007,Joseph,Seltzer,Downeast,November 18,,,,,
7006,Jacob,Beer,,November 18,,,,,
7005,Hunter,Beer,Bud Light,November 19,,,,,
7004,Hunter,Beer,Bud Light,November 19,,,,,
7003,Jacob,Wine,Sangria,November 19,,,,,
7002,Hunter,Beer,Bud Light,November 19,,,,,
7001,Kacper,Cocktail,Tequila Soda,November 19,,,,,
7000,Hunter,Beer,Bud Light,November 20,,,,,
6999,Hunter,Beer,Bud Light,November 20,,,,,
6998,Hunter,Shot,Bourbon,November 21,,,,,
6997,Hunter,Beer,Bud Light,November 21,,,,,
6996,Joseph,Seltzer,High Noon,November 21,,,,,
6995,Miggy,Beer,Sapporo,November 21,,,,,
6994,Hunter,Shot,Bourbon,November 21,,,,,
6993,Jacob,Beer,Sapporo,November 21,,,,,
6992,Joseph,Seltzer,Downeast,November 21,,,,,
6991,Joseph,Seltzer,Downeast,November 21,,,,,
6990,Miggy,Cocktail,Cutwater,November 21,,,,,
6989,Jacob,Cocktail,Cutwater,November 21,,,,,
6988,Joseph,Cocktail,Smirnoff Ice,November 21,,,,,
6987,Jacob,Cocktail,Cutwater,November 21,,,,,
6986,Joseph,Beer,Bud Light,November 21,,,,,
6985,Hunter,Beer,Bud Light,November 21,,,,,
6984,Joseph,Shot,,November 21,,,,,
6983,Maxim,Beer,Sapporo,November 21,,,,,
6982,Maxim,Beer,Sapporo,November 21,,,,,
6981,Miggy,Cocktail,Cutwater,November 21,,,,,
6980,Hunter,Beer,Bud Light,November 21,,,,,
6979,Jacob,Shot,Tequila,November 21,,,,,
6978,Miggy,Shot,Tequila,November 21,,,,,
6977,Maxim,Beer,Sapporo,November 21,,,,,
6976,Maxim,Beer,Sapporo,November 21,,,,,
6975,Jacob,Shot,Tequila,November 21,,,,,
6974,Jacob,Other,Soju,November 21,,,,,
6973,Miggy,Beer,,November 22,,,,,
6972,Hunter,Beer,Blue Moon,November 22,,,,,
6971,Jacob,Wine,White,November 22,,,,,
6970,Miggy,Wine,White,November 22,,,,,
6969,Jacob,Wine,White,November 22,,,,,
6968,Hunter,Wine,White,November 22,,,,,
6967,Jacob,Cocktail,Cutwater,November 22,,,,,
6966,Jacob,Cocktail,Cutwater,November 22,,,,,
6965,Hunter,Beer,Guinness,November 22,,,,,
6964,Jacob,Shot,Tequila,November 22,,,,,
6963,Jacob,Shot,Tequila,November 22,,,,,
6962,Miggy,Shot,Tequila,November 22,,,,,
6961,Kacper,Beer,Modelo,November 23,,,,,
6960,Lucas,Beer,Kona,November 23,,,,,
6959,Lucas,Beer,Corona,November 23,,,,,
6958,Lucas,Beer,Corona,November 23,,,,,
6957,Lucas,Beer,Channel Market IPA,November 23,,,,,
6956,Lucas,Beer,Corona,November 23,,,,,
6955,Hunter,Beer,Blue Moon,November 23,,,,,
6954,Joseph,Cocktail,Tequila Soda,November 23,,,,,
6953,Lucas,Beer,Coors Light,November 23,,,,,
6952,Owen,Other,,November 23,,,,,
6951,Lucas,Cocktail,Captains and Coke,November 23,,,,,
6950,Lucas,Cocktail,Rum on Rocks,November 23,,,,,
6949,Lucas,Cocktail,Gin and Tonic,November 23,,,,,
6948,Lucas,Cocktail,Bloody Mary,November 24,,,,,
6947,Lucas,Cocktail,Tequila Lemonade,November 24,,,,,
6946,Lucas,Cocktail,Tequila Lemonade,November 24,,,,,
6945,Lucas,Cocktail,Rum and Coke,November 24,,,,,
6944,Hunter,Beer,Bud Light,November 24,,,,,
6943,Lucas,Cocktail,Vodka Cucumber,November 24,,,,,
6942,Lucas,Cocktail,Vodka Cucumber,November 24,,,,,
6941,Lucas,Cocktail,Rum on Rocks,November 24,,,,,
6940,Lucas,Cocktail,Captains and Ginger,November 24,,,,,
6939,Lucas,Cocktail,Jerry's and Ginger,November 24,,,,,
6938,Lucas,Cocktail,Bloody Mary,November 25,,,,,
6937,Lucas,Beer,Coors Light,November 25,,,,,
6936,Lucas,Beer,Coors Light,November 25,,,,,
6935,Lucas,Cocktail,Rum and Coke,November 25,,,,,
6934,Lucas,Cocktail,Rum and Coke,November 25,,,,,
6933,Lucas,Cocktail,Rum and Coke,November 25,,,,,
6932,Hunter,Cocktail,Irish Coffee,November 25,,,,,
6931,Hunter,Cocktail,Irish Coffee,November 25,,,,,
6930,Lucas,Cocktail,Tequila Fresca,November 25,,,,,
6929,Hunter,Cocktail,Spiked Hot Chocolate,November 25,,,,,
6928,Hunter,Beer,Miller Lite,November 25,,,,,
6927,Lucas,Beer,Coors Light,November 25,,,,,
6926,Hunter,Wine,White,November 25,,,,,
6925,Lucas,Cocktail,Mojito,November 25,,,,,
6924,Lucas,Cocktail,Mojito,November 25,,,,,
6923,Hunter,Wine,White,November 25,,,,,
6922,Maxim,Seltzer,Downeast,November 25,,,,,
6921,Lucas,Beer,Coors Light,November 25,,,,,
6920,Lucas,Beer,Coors Light,November 25,,,,,
6919,Lucas,Beer,Coors Light,November 25,,,,,
6918,Maxim,Cocktail,,November 25,,,,,
6917,Lucas,Beer,Coors Light,November 25,,,,,
6916,Lucas,Beer,Coors Light,November 26,,,,,
6915,Lucas,Beer,Coors Light,November 26,,,,,
6914,Jacob,Wine,Moscato,November 26,,,,,
6913,Jacob,Wine,White,November 26,,,,,
6912,Lucas,Wine,Red,November 26,,,,,
6911,Hunter,Beer,Bud Light,November 27,,,,,
6910,Jacob,Beer,La Fine du Monde,November 27,,,,,
6909,Hunter,Beer,Pabst Blue Ribbon,November 27,,,,,
6908,Hunter,Shot,Whiskey,November 27,,,,,
6907,Joseph,Seltzer,Downeast,November 27,,,,,
6906,Joseph,Wine,Red,November 27,,,,,
6905,Miggy,Wine,Red,November 27,,,,,
6904,Hunter,Beer,Sam Adams,November 27,,,,,
6903,Joseph,Wine,Red,November 27,,,,,
6902,Hunter,Wine,Red,November 27,,,,,
6901,Joseph,Seltzer,Downeast,November 27,,,,,
6900,Hunter,Beer,Guinness,November 27,,,,,
6899,Cole,Cocktail,Eggnog,November 27,,,,,
6898,Joseph,Seltzer,Downeast,November 27,,,,,
6897,Hunter,Beer,Corona,November 27,,,,,
6896,Joseph,Beer,Guiness,November 27,,,,,
6895,Miggy,Beer,Sam Adams,November 27,,,,,
6894,Miggy,Beer,Corona,November 27,,,,,
6893,Hunter,Beer,Sam Adams,November 27,,,,,
6892,Joseph,Wine,White,November 27,,,,,
6891,Joseph,Seltzer,Downeast,November 27,,,,,
6890,Miggy,Beer,Sam Adams,November 27,,,,,
6889,Miggy,Beer,Sam Adams,November 27,,,,,
6888,Miggy,Beer,Corona,November 27,,,,,
6887,Miggy,Beer,Corona,November 27,,,,,
6886,Joseph,Seltzer,Downeast,November 27,,,,,
6885,Jacob,Cocktail,Transfusion,November 28,,,,,
6884,Hunter,Shot,Bourbon,November 29,,,,,
6883,Joseph,Wine,White,November 29,,,,,
6882,Joseph,Wine,White,November 29,,,,,
6881,Joseph,Beer,Budweiser,November 29,,,,,
6880,Miggy,Beer,Guinness,November 29,,,,,
6879,Miggy,Beer,Guinness,November 29,,,,,
6878,Avi,Cocktail,Concoction,November 30,,,,,
6877,Avi,Cocktail,Rum and Coke,November 30,,,,,
6876,Avi,Cocktail,Vodka Soda,November 30,,,,,
6875,Hunter,Beer,,November 30,,,,,
6874,Kacper,Beer,,November 30,,,,,
6873,Lucas,Beer,Winter Ale,November 30,,,,,
6872,Hunter,Wine,Red,November 30,,,,,
6871,Hunter,Wine,Red,November 30,,,,,
6870,Hunter,Cocktail,Raspberry Saison,December 1,,,,,
6869,Hunter,Beer,Pabst Blue Ribbon,December 1,,,,,
6868,Hunter,Beer,Bud Light,December 1,,,,,
6867,Hunter,Beer,Bud Light,December 1,,,,,
6866,Hunter,Beer,Bud Light,December 1,,,,,
6865,Hunter,Beer,Bud Light,December 1,,,,,
6864,Hunter,Beer,Michelob Ultra,December 1,,,,,
6863,Hunter,Beer,,December 1,,,,,
6862,Joseph,Beer,Coors Light,December 1,,,,,
6861,Liam,Beer,Michelob Ultra,December 1,,,,,
6860,Jacob,Cocktail,Espresso Martini,December 2,,,,,
6859,Hunter,Beer,Bud Light,December 2,,,,,
6858,Hunter,Shot,Bourbon,December 2,,,,,
6857,Hunter,Shot,Bourbon,December 2,,,,,
6856,Hunter,Wine,White,December 3,,,,,
6855,Joseph,Beer,Guinness,December 3,,,,,
6854,Maxim,Beer,,December 3,,,,,
6853,Maxim,Beer,,December 3,,,,,
6852,Miggy,Beer,Guinness,December 3,,,,,
6851,Jacob,Beer,Guinness,December 3,,,,,
6850,Hunter,Wine,White,December 3,,,,,
6849,Jacob,Beer,Guinness,December 3,,,,,
6848,Kacper,Beer,,December 3,,,,,
6847,Jacob,Beer,,December 5,,,,,
6846,Hunter,Beer,Miller Lite,December 5,,,,,
6845,Hunter,Beer,Miller Lite,December 5,,,,,
6844,Jacob,Beer,Carlsberg,December 5,,,,,
6843,Hunter,Cocktail,Cutwater,December 5,,,,,
6842,Miggy,Beer,Tsingtao,December 5,,,,,
6841,Jacob,Wine,Red,December 5,,,,,
6840,Kacper,Shot,Tequila,December 5,,,,,
6839,Joseph,Beer,Carlsberg,December 5,,,,,
6838,Hunter,Wine,Red,December 5,,,,,
6837,Joseph,Beer,Carlsberg,December 5,,,,,
6836,Joseph,Shot,Whiskey,December 5,,,,,
6835,Hunter,Shot,Whiskey,December 5,,,,,
6834,Jacob,Shot,Whiskey,December 5,,,,,
6833,Miggy,Shot,Whiskey,December 5,,,,,
6832,Joseph,Shot,Whiskey,December 5,,,,,
6831,Hunter,Shot,Whiskey,December 5,,,,,
6830,Jacob,Shot,Whiskey,December 5,,,,,
6829,Miggy,Shot,Whiskey,December 5,,,,,
6828,Joseph,Beer,Carlsberg,December 5,,,,,
6827,Joseph,Beer,Guinness,December 6,,,,,
6826,Miggy,Beer,Guinness,December 6,,,,,
6825,Joseph,Beer,Tsingtao,December 6,,,,,
6824,Jacob,Beer,Tsingtao,December 6,,,,,
6823,Hunter,Beer,Tsingtao,December 6,,,,,
6822,Hunter,Cocktail,Negroni,December 6,,,,,
6821,Hunter,Cocktail,Cutwater,December 6,,,,,
6820,Jacob,Cocktail,Cutwater,December 6,,,,,
6819,Hunter,Cocktail,Cutwater,December 6,,,,,
6818,Joseph,Cocktail,Cutwater,December 6,,,,,
6817,Joseph,Cocktail,Cutwater,December 6,,,,,
6816,Joseph,Seltzer,Strong Zero,December 6,,,,,
6815,Joseph,Seltzer,Strong Zero,December 6,,,,,
6814,Jacob,Seltzer,Strong Zero,December 6,,,,,
6813,Hunter,Cocktail,Cutwater,December 6,,,,,
6812,Miggy,Cocktail,Cutwater,December 6,,,,,
6811,Hunter,Beer,Blue Moon,December 6,,,,,
6810,Jacob,Cocktail,Cutwater,December 6,,,,,
6809,Jacob,Cocktail,Cutwater,December 6,,,,,
6808,Jacob,Shot,Whiskey,December 6,,,,,
6807,Hunter,Shot,Whiskey,December 6,,,,,
6806,Joseph,Shot,Whiskey,December 6,,,,,
6805,Jacob,Shot,Whiskey,December 6,,,,,
6804,Hunter,Shot,Whiskey,December 6,,,,,
6803,Joseph,Shot,Whiskey,December 6,,,,,
6802,Lucas,Beer,Tsingtao,December 8,,,,,
6801,Lucas,Cocktail,,December 8,,,,,
6800,Lucas,Cocktail,,December 8,,,,,
6799,Lucas,Cocktail,,December 8,,,,,
6798,Joseph,Seltzer,Downeast,December 8,,,,,
6797,Lucas,Cocktail,,December 8,,,,,
6796,Lucas,Beer,,December 10,,,,,
6795,Jacob,Beer,Sapporo,December 10,,,,,
6794,Hunter,Beer,Bud Light,December 10,,,,,
6793,Hunter,Beer,Coors Light,December 10,,,,,
6792,Lucas,Beer,Coors Light,December 10,,,,,
6791,Joseph,Beer,Coors Light,December 10,,,,,
6790,Hunter,Beer,Coors Light,December 10,,,,,
6789,Lucas,Beer,Coors Light,December 10,,,,,
6788,Joseph,Beer,Coors Light,December 10,,,,,
6787,Cole,Shot,Tequila,December 10,,,,,
6786,Hunter,Wine,Red,December 11,,,,,
6785,Hunter,Wine,Red,December 11,,,,,
6784,Jacob,Beer,Roli,December 12,,,,,
6783,Jacob,Shot,Brennivin,December 12,,,,,
6782,Hunter,Cocktail,Irish Coffee,December 12,,,,,
6781,Jacob,Beer,Roli,December 12,,,,,
6780,Jacob,Beer,Roli,December 12,,,,,
6779,Hunter,Beer,Von Trapp,December 12,,,,,
6778,Hunter,Beer,,December 12,,,,,
6777,Hunter,Beer,,December 12,,,,,
6776,Hunter,Beer,,December 12,,,,,
6775,Miggy,Wine,White,December 12,,,,,
6774,Miggy,Cocktail,Gin and Tonic,December 12,,,,,
6773,Hunter,Cocktail,,December 12,,,,,
6772,Miggy,Cocktail,Moscow Mule,December 12,,,,,
6771,Jacob,Beer,Roli,December 13,,,,,
6770,Hunter,Cocktail,Jack and Coke,December 13,,,,,
6769,Hunter,Cocktail,Jack and Coke,December 13,,,,,
6768,Miggy,Beer,,December 13,,,,,
6767,Miggy,Shot,Tequila,December 13,,,,,
6766,Miggy,Beer,Pabst Blue Ribbon,December 13,,,,,
6765,Miggy,Shot,Tequila,December 13,,,,,
6764,Miggy,Beer,Pabst Blue Ribbon,December 13,,,,,
6763,Miggy,Shot,Tequila,December 13,,,,,
6762,Hunter,Beer,Michelob Ultra,December 13,,,,,
6761,Jacob,Shot,Brennivin,December 13,,,,,
6760,Jacob,Shot,Brennivin,December 13,,,,,
6759,Avi,Cocktail,,December 13,,,,,
6758,Miggy,Beer,,December 13,,,,,
6757,Hunter,Beer,,December 13,,,,,
6756,Joseph,Beer,Corona,December 13,,,,,
6755,Liam,Beer,Michelob Ultra,December 13,,,,,
6754,Hunter,Cocktail,Irish Coffee,December 13,,,,,
6753,Hunter,Beer,Corona,December 13,,,,,
6752,Miggy,Beer,,December 13,,,,,
6751,Hunter,Cocktail,Martini,December 13,,,,,
6750,Joseph,Beer,Corona,December 13,,,,,
6749,Joseph,Seltzer,Downeast,December 13,,,,,
6748,Miggy,Seltzer,High Noon,December 13,,,,,
6747,Miggy,Seltzer,High Noon,December 13,,,,,
6746,Joseph,Cocktail,Espresso Martini,December 13,,,,,
6745,Joseph,Cocktail,Espresso Martini,December 13,,,,,
6744,Joseph,Shot,Tequila,December 14,,,,,
6743,Joseph,Cocktail,Tequila Pineapple,December 14,,,,,
6742,Joseph,Shot,Tequila,December 14,,,,,
6741,Joseph,Cocktail,Tequila Pineapple,December 14,,,,,
6740,Joseph,Cocktail,,December 14,,,,,
6739,Hunter,Cocktail,Irish Coffee,December 14,,,,,
6738,Hunter,Beer,Pabst Blue Ribbon,December 14,,,,,
6737,Hunter,Beer,Pabst Blue Ribbon,December 14,,,,,
6736,Hunter,Beer,Pabst Blue Ribbon,December 14,,,,,
6735,Joseph,Seltzer,,December 14,,,,,
6734,Joseph,Seltzer,,December 14,,,,,
6733,Joseph,Seltzer,,December 14,,,,,
6732,Lucas,Wine,Red,December 14,,,,,
6731,Lucas,Cocktail,Hugo Spritz,December 15,,,,,
6730,Jacob,Seltzer,Angry Orchard,December 15,,,,,
6729,Lucas,Wine,White,December 15,,,,,
6728,Jacob,Seltzer,Angry Orchard,December 15,,,,,
6727,Lucas,Wine,Red,December 15,,,,,
6726,Lucas,Wine,Red,December 15,,,,,
6725,Jacob,Wine,Sake,December 16,,,,,
6724,Jacob,Wine,Sake,December 16,,,,,
6723,Hunter,Wine,White,December 16,,,,,
6722,Hunter,Seltzer,Downeast,December 17,,,,,
6721,Jacob,Shot,Rum,December 18,,,,,
6720,Jacob,Seltzer,Angry Orchard,December 18,,,,,
6719,Hunter,Wine,Red,December 19,,,,,
6718,Hunter,Wine,Red,December 19,,,,,
6717,Hunter,Shot,Jello Shot,December 19,,,,,
6716,Lucas,Beer,Kona,December 19,,,,,
6715,Hunter,Shot,Jello Shot,December 19,,,,,
6714,Lucas,Shot,Jello Shot,December 19,,,,,
6713,Hunter,Shot,Jello Shot,December 19,,,,,
6712,Lucas,Shot,Jello Shot,December 19,,,,,
6711,Lucas,Beer,,December 19,,,,,
6710,Hunter,Beer,Michelob Ultra,December 19,,,,,
6709,Hunter,Beer,Modelo,December 19,,,,,
6708,Jacob,Shot,Rum,December 19,,,,,
6707,Jacob,Cocktail,Cutwater,December 19,,,,,
6706,Miggy,Cocktail,Cutwater,December 19,,,,,
6705,Lucas,Beer,Kona,December 19,,,,,
6704,Lucas,Beer,Coors Light,December 19,,,,,
6703,Joseph,Cocktail,Vodka Cran,December 19,,,,,
6702,Jacob,Shot,Vodka,December 19,,,,,
6701,Hunter,Beer,Coors Light,December 19,,,,,
6700,Miggy,Shot,Tequila,December 19,,,,,
6699,Jacob,Cocktail,Cutwater,December 19,,,,,
6698,Joseph,Cocktail,Rum and Coke,December 19,,,,,
6697,Miggy,Shot,Whiskey,December 19,,,,,
6696,Jacob,Shot,Vodka,December 19,,,,,
6695,Miggy,Shot,Jager,December 19,,,,,
6694,Jacob,Shot,Jager,December 19,,,,,
6693,Lucas,Beer,Coors Light,December 19,,,,,
6692,Avi,Beer,Michelob Ultra,December 19,,,,,
6691,Miggy,Cocktail,Cutwater,December 19,,,,,
6690,Hunter,Beer,Coors Light,December 19,,,,,
6689,Joseph,Beer,Coors Light,December 19,,,,,
6688,Lucas,Shot,Jello Shot,December 19,,,,,
6687,Joseph,Beer,Coors Light,December 19,,,,,
6686,Jacob,Shot,Eggnog,December 19,,,,,
6685,Hunter,Shot,Jello Shot,December 19,,,,,
6684,Joseph,Wine,Red,December 19,,,,,
6683,Jacob,Shot,Eggnog,December 19,,,,,
6682,Joseph,Wine,Red,December 19,,,,,
6681,Liam,Seltzer,High Noon,December 19,,,,,
6680,Hunter,Beer,Coors Light,December 19,,,,,
6679,Lucas,Shot,Jello Shot,December 19,,,,,
6678,Joseph,Shot,Jello Shot,December 19,,,,,
6677,Jacob,Shot,Whiskey,December 19,,,,,
6676,Miggy,Shot,Whiskey,December 19,,,,,
6675,Miggy,Shot,Whiskey,December 19,,,,,
6674,Joseph,Wine,Red,December 19,,,,,
6673,Hunter,Shot,Jello Shot,December 19,,,,,
6672,Hunter,Shot,Jello Shot,December 19,,,,,
6671,Lucas,Shot,Jello Shot,December 19,,,,,
6670,Joseph,Shot,Jello Shot,December 19,,,,,
6669,Miggy,Wine,White,December 19,,,,,
6668,Hunter,Shot,Jello Shot,December 19,,,,,
6667,Lucas,Shot,Jello Shot,December 19,,,,,
6666,Joseph,Shot,Jello Shot,December 19,,,,,
6665,Jacob,Cocktail,Jagerbomb,December 19,,,,,
6664,Joseph,Wine,Red,December 19,,,,,
6663,Miggy,Beer,Guinness,December 19,,,,,
6662,Hunter,Beer,Coors Light,December 19,,,,,
6661,Jacob,Wine,White,December 20,,,,,
6660,Jacob,Wine,White,December 20,,,,,
6659,Miggy,Wine,White,December 20,,,,,
6658,Jacob,Wine,White,December 20,,,,,
6657,Joseph,Beer,,December 20,,,,,
6656,Joseph,Beer,,December 20,,,,,
6655,Jacob,Beer,Guinness,December 20,,,,,
6654,Marek,Cocktail,,December 20,,,,,
6653,Hunter,Beer,Miller Lite,December 21,,,,,
6652,Maxim,Beer,,December 21,,,,,
6651,Joseph,Beer,,December 21,,,,,
6650,Hunter,Beer,Tsingtao,December 21,,,,,
6649,Lucas,Wine,Red,December 21,,,,,
6648,Lucas,Wine,Red,December 21,,,,,
6647,Lucas,Wine,Red,December 21,,,,,
6646,Hunter,Wine,Red,December 23,,,,,
6645,Joseph,Beer,Guinness,December 23,,,,,
6644,Hunter,Beer,Guinness,December 24,,,,,
6643,Lucas,Beer,Sam Adams,December 24,,,,,
6642,Lucas,Beer,Sam Adams,December 24,,,,,
6641,Lucas,Beer,Guinness,December 24,,,,,
6640,Hunter,Beer,Guinness,December 24,,,,,
6639,Hunter,Beer,Peroni,December 24,,,,,
6638,Hunter,Shot,Whiskey,December 24,,,,,
6637,Lucas,Cocktail,Toastd Almond,December 24,,,,,
6636,Lucas,Beer,Miller Lite,December 24,,,,,
6635,Lucas,Beer,Michelob Ultra,December 24,,,,,
6634,Joseph,Wine,Red,December 24,,,,,
6633,Joseph,Wine,Red,December 24,,,,,
6632,Joseph,Beer,Michelob Ultra,December 25,,,,,
6631,Joseph,Wine,Red,December 25,,,,,
6630,Miggy,Beer,,December 25,,,,,
6629,Liam,Cocktail,,December 25,,,,,
6628,Liam,Cocktail,,December 25,,,,,
6627,Hunter,Beer,Bud Light,December 27,,,,,
6626,Miggy,Beer,Bud Light,December 27,,,,,
6625,Hunter,Beer,Guinness,December 27,,,,,
6624,Hunter,Beer,Guinness,December 27,,,,,
6623,Joseph,Beer,Corona,December 27,,,,,
6622,Avi,Wine,Sangria,December 28,,,,,
6621,Hunter,Beer,Budweiser,December 28,,,,,
6620,Maxim,Cocktail,Caipirinha,December 28,,,,,
6619,Liam,Beer,Bud Light,December 28,,,,,
6618,Jacob,Seltzer,Downeast,December 28,,,,,
6617,Joseph,Seltzer,Downeast,December 28,,,,,
6616,Hunter,Seltzer,Downeast,December 28,,,,,
6615,Jacob,Beer,Corona,December 28,,,,,
6614,Joseph,Beer,Corona,December 28,,,,,
6613,Hunter,Beer,Corona,December 28,,,,,
6612,Jacob,Seltzer,Downeast,December 28,,,,,
6611,Joseph,Seltzer,Downeast,December 28,,,,,
6610,Hunter,Seltzer,Downeast,December 28,,,,,
6609,Maxim,Wine,White,December 28,,,,,
6608,Maxim,Wine,White,December 28,,,,,
6607,Maxim,Wine,White,December 28,,,,,
6606,Liam,Cocktail,Bourbon and Ginger,December 28,,,,,
6605,Maxim,Cocktail,Mai Tai,December 28,,,,,
6604,Miggy,Beer,Preisdente,December 28,,,,,
6603,Jacob,Beer,Corona,December 28,,,,,
6602,Joseph,Beer,Coors Light,December 28,,,,,
6601,Joseph,Beer,Coors Light,December 28,,,,,
6600,Hunter,Beer,Coors Light,December 28,,,,,
6599,Jacob,Beer,Coors Light,December 28,,,,,
6598,Joseph,Beer,Coors Light,December 28,,,,,
6597,Hunter,Beer,Coors Light,December 28,,,,,
6596,Joseph,Beer,Coors Light,December 28,,,,,
6595,Hunter,Beer,Coors Light,December 28,,,,,
6594,Jacob,Beer,Coors Light,December 28,,,,,
6593,Joseph,Beer,Coors Light,December 28,,,,,
6592,Hunter,Beer,Coors Light,December 28,,,,,
6591,Joseph,Beer,Coors Light,December 28,,,,,
6590,Hunter,Beer,Coors Light,December 28,,,,,
6589,Jacob,Beer,Coors Light,December 28,,,,,
6588,Joseph,Beer,Coors Light,December 28,,,,,
6587,Hunter,Beer,Coors Light,December 28,,,,,
6586,Hunter,Beer,Coors Light,December 28,,,,,
6585,Hunter,Beer,Coors Light,December 28,,,,,
6584,Hunter,Shot,Fireball,December 29,,,,,
6583,Jacob,Shot,Fireball,December 29,,,,,
6582,Hunter,Shot,Fireball,December 29,,,,,
6581,Jacob,Shot,Fireball,December 29,,,,,
6580,Hunter,Shot,Fireball,December 29,,,,,
6579,Jacob,Shot,Fireball,December 29,,,,,
6578,Avi,Beer,,December 29,,,,,
6577,Jacob,Shot,Fireball,December 29,,,,,
6576,Hunter,Shot,Fireball,December 29,,,,,
6575,Liam,Wine,Red,December 29,,,,,
6574,Liam,Wine,Prosecco,December 29,,,,,
6573,Jacob,Seltzer,,December 29,,,,,
6572,Hunter,Seltzer,,December 29,,,,,
6571,Lucas,Cocktail,,December 29,,,,,
6570,Joseph,Seltzer,,December 29,,,,,
6569,Hunter,Seltzer,,December 29,,,,,
6568,Lucas,Cocktail,,December 29,,,,,
6567,Cole,Shot,Whiskey,December 29,,,,,
6566,Miggy,Beer,Corona,December 29,,,,,
6565,Hunter,Seltzer,,December 29,,,,,
6564,Joseph,Seltzer,,December 29,,,,,
6563,Joseph,Seltzer,Downeast,December 29,,,,,
6562,Jacob,Seltzer,,December 29,,,,,
6561,Jacob,Seltzer,Downeast,December 29,,,,,
6560,Hunter,Beer,Coors Light,December 29,,,,,
6559,Joseph,Beer,Bud Light,December 29,,,,,
6558,Hunter,Beer,Bud Light,December 29,,,,,
6557,Hunter,Shot,Fireball,December 30,,,,,
6556,Joseph,Cocktail,Cutwater,December 30,,,,,
6555,Hunter,Cocktail,Cutwater,December 30,,,,,
6554,Joseph,Cocktail,Cutwater,December 30,,,,,
6553,Hunter,Cocktail,Cutwater,December 30,,,,,
6552,Joseph,Shot,Fireball,December 30,,,,,
6551,Hunter,Shot,Fireball,December 30,,,,,
6550,Joseph,Beer,Bud Light,December 30,,,,,
6549,Hunter,Seltzer,,December 30,,,,,
6548,Joseph,Beer,Corona,December 30,,,,,
6547,Jacob,Seltzer,,December 30,,,,,
6546,Hunter,Beer,Bud Light,December 30,,,,,
6545,Jacob,Seltzer,Downeast,December 30,,,,,
6544,Miggy,Shot,Mamajuana,December 30,,,,,
6543,Miggy,Cocktail,Margarita,December 30,,,,,
6542,Jacob,Shot,Fireball,December 30,,,,,
6541,Joseph,Beer,Coors Light,December 30,,,,,
6540,Hunter,Beer,Bud Light,December 30,,,,,
6539,Maxim,Cocktail,Rum and Coke,December 30,,,,,
6538,Maxim,Cocktail,Rum and Coke,December 30,,,,,
6537,Maxim,Cocktail,Rum and Coke,December 30,,,,,
6536,Maxim,Cocktail,Rum and Coke,December 30,,,,,
6535,Maxim,Wine,White,December 30,,,,,
6534,Joseph,Cocktail,Cutwater,December 30,,,,,
6533,Hunter,Cocktail,Cutwater,December 30,,,,,
6532,Joseph,Cocktail,Cutwater,December 30,,,,,
6531,Maxim,Wine,Red,December 30,,,,,
6530,Hunter,Beer,Bud Light,December 30,,,,,
6529,Jacob,Shot,Vodka,December 30,,,,,
6528,Hunter,Shot,Vodka,December 30,,,,,
6527,Joseph,Shot,Vodka,December 30,,,,,
6526,Jacob,Shot,Vodka,December 30,,,,,
6525,Hunter,Shot,Vodka,December 30,,,,,
6524,Joseph,Shot,Vodka,December 30,,,,,
6523,Jacob,Cocktail,Cutwater,December 30,,,,,
6522,Joseph,Beer,Bud Light,December 30,,,,,
6521,Hunter,Beer,Coors Light,December 30,,,,,
6520,Joseph,Beer,Bud Light,December 30,,,,,
6519,Lucas,Cocktail,Mojito,December 30,,,,,
6518,Lucas,Cocktail,Espresso Martini,December 30,,,,,
6517,Jacob,Shot,Vodka,December 30,,,,,
6516,Hunter,Shot,Vodka,December 30,,,,,
6515,Joseph,Shot,Vodka,December 30,,,,,
6514,Jacob,Shot,Vodka,December 30,,,,,
6513,Avi,Cocktail,Aperol Spritz,December 31,,,,,
6512,Liam,Cocktail,,December 31,,,,,
6511,Cole,Cocktail,Tequila,December 31,,,,,
6510,Liam,Cocktail,,December 31,,,,,
6509,Maxim,Wine,White,December 31,,,,,
6508,Maxim,Wine,White,December 31,,,,,
6507,Cole,Shot,Bourbon,December 31,,,,,
6506,Liam,Wine,Champagne,December 31,,,,,
6505,Liam,Wine,Champagne,December 31,,,,,
6504,Miggy,Wine,White,December 31,,,,,
6503,Miggy,Wine,White,December 31,,,,,
6502,Miggy,Cocktail,Vodka Soda,December 31,,,,,
6501,Miggy,Cocktail,Vodka Soda,December 31,,,,,
6500,Miggy,Cocktail,Vodka Soda,December 31,,,,,
6499,Cole,Cocktail,Tequila,December 31,,,,,
6498,Maxim,Wine,White,December 31,,,,,
6497,Lucas,Cocktail,Moscow Mule,December 31,,,,,
6496,Miggy,Cocktail,Vodka Soda,December 31,,,,,
6495,Maxim,Wine,White,December 31,,,,,
6494,Liam,Cocktail,Espresso Martini,December 31,,,,,
6493,Cole,Shot,Bourbon,December 31,,,,,
6492,Maxim,Wine,White,December 31,,,,,
6491,Maxim,Wine,White,December 31,,,,,
6490,Liam,Shot,Tequila,December 31,,,,,
6489,Marek,Wine,White,January 1,,,,,
6488,Liam,Wine,White,January 1,,,,,
6487,Maxim,Wine,White,January 1,,,,,
6486,Liam,Beer,,January 1,,,,,
6485,Lucas,Cocktail,Mojito,January 2,,,,,
6484,Cole,Shot,,January 2,,,,,
6483,Cole,Shot,,January 2,,,,,
6482,Joseph,Seltzer,Downeast,January 2,,,,,
6481,Hunter,Cocktail,Eggnog,January 3,,,,,
6480,Avi,Beer,Michelob,January 4,,,,,
6479,Joseph,Beer,Coors Light,January 4,,,,,
6478,Joseph,Cocktail,Mai Tai,January 4,,,,,
6477,Joseph,Cocktail,Mai Tai,January 4,,,,,
6476,Cole,Cocktail,Margarita,January 5,,,,,
6475,Cole,Cocktail,Margarita,January 5,,,,,
6474,Lucas,Cocktail,Moscow Mule,January 5,,,,,
6473,Lucas,Cocktail,Moscow Mule,January 5,,,,,
6472,Lucas,Cocktail,Japanese Whiskey,January 5,,,,,
6471,Cole,Cocktail,Margarita,January 5,,,,,
6470,Cole,Seltzer,Austin Eastsiders,January 6,,,,,
6469,Cole,Seltzer,Austin Eastsiders,January 6,,,,,
6468,Lucas,Beer,Guinness,January 7,,,,,
6467,Joseph,Beer,Guinness,January 7,,,,,
6466,Lucas,Beer,Guinness,January 7,,,,,
6465,Joseph,Beer,Guinness,January 7,,,,,
6464,Maxim,Beer,Singha,January 8,,,,,
6463,Hunter,Beer,Budweiser,January 9,,,,,
6462,Hunter,Cocktail,Vodka Redbull,January 9,,,,,
6461,Maxim,Seltzer,Angry Orchard,January 10,,,,,
6460,Maxim,Seltzer,Angry Orchard,January 10,,,,,
6459,Joseph,Seltzer,Downeast,January 10,,,,,
6458,Joseph,Cocktail,Cutwater,January 10,,,,,
6457,Hunter,Cocktail,Cutwater,January 10,,,,,
6456,Cole,Seltzer,,January 10,,,,,
6455,Joseph,Cocktail,Cutwater,January 10,,,,,
6454,Cole,Cocktail,Mikes Lemonade,January 10,,,,,
6453,Hunter,Cocktail,Cutwater,January 10,,,,,
6452,Joseph,Cocktail,Cutwater,January 10,,,,,
6451,Hunter,Cocktail,Cutwater,January 10,,,,,
6450,Joseph,Beer,Corona,January 10,,,,,
6449,Joseph,Cocktail,,January 10,,,,,
6448,Joseph,Cocktail,,January 10,,,,,
6447,Maxim,Cocktail,,January 11,,,,,
6446,Maxim,Cocktail,,January 11,,,,,
6445,Cole,Cocktail,Margarita,January 14,,,,,
6444,Joseph,Beer,,January 14,,,,,
6443,Cole,Seltzer,Bold Rock,January 16,,,,,
6442,Hunter,Cocktail,Martini,January 16,,,,,
6441,Jacob,Shot,Whiskey,January 16,,,,,
6440,Jacob,Beer,Miller Lite,January 17,,,,,
6439,Joseph,Cocktail,TSL,January 17,,,,,
6438,Cole,Seltzer,Bold Rock,January 17,,,,,
6437,Joseph,Cocktail,Rum and Coke,January 17,,,,,
6436,Jacob,Shot,Tequila,January 17,,,,,
6435,Jacob,Shot,Tequila,January 17,,,,,
6434,Maxim,Wine,Red,January 17,,,,,
6433,Maxim,Wine,Red,January 17,,,,,
6432,Hunter,Beer,Bud Light,January 17,,,,,
6431,Jacob,Cocktail,Tequila Soda,January 17,,,,,
6430,Liam,Beer,Bud Light,January 17,,,,,
6429,Maxim,Shot,Pink Whitney,January 17,,,,,
6428,Maxim,Shot,Fireball,January 17,,,,,
6427,Maxim,Beer,Hecate,January 17,,,,,
6426,Hunter,Beer,,January 17,,,,,
6425,Hunter,Beer,Guinness,January 17,,,,,
6424,Joseph,Beer,Guinness,January 17,,,,,
6423,Jacob,Beer,Lager,January 17,,,,,
6422,Cole,Seltzer,Bold Rock,January 17,,,,,
6421,Jacob,Wine,White,January 17,,,,,
6420,Jacob,Wine,White,January 17,,,,,
6419,Hunter,Beer,Modelo,January 17,,,,,
6418,Jacob,Wine,White,January 17,,,,,
6417,Hunter,Beer,,January 18,,,,,
6416,Lucas,Beer,,January 18,,,,,
6415,Avi,Beer,Michelob,January 18,,,,,
6414,Hunter,Beer,Bud Light,January 18,,,,,
6413,Hunter,Beer,Bud Light,January 18,,,,,
6412,Avi,Beer,,January 18,,,,,
6411,Hunter,Beer,Bud Light,January 18,,,,,
6410,Avi,Beer,,January 18,,,,,
6409,Lucas,Beer,,January 18,,,,,
6408,Cole,Seltzer,Bold Rock,January 19,,,,,
6407,Cole,Seltzer,Bold Rock,January 19,,,,,
6406,Lucas,Beer,Monument IPA,January 20,,,,,
6405,Lucas,Beer,Monument IPA,January 20,,,,,
6404,Hunter,Beer,Guinness,January 20,,,,,
6403,Lucas,Beer,Coors Light,January 21,,,,,
6402,Joseph,Beer,Coors Light,January 21,,,,,
6401,Lucas,Seltzer,,January 21,,,,,
6400,Joseph,Beer,,January 21,,,,,
6399,Maxim,Shot,Old Fashioned,January 21,,,,,
6398,Jacob,Beer,,January 21,,,,,
6397,Jacob,Beer,,January 21,,,,,
6396,Jacob,Shot,Tequila,January 21,,,,,
6395,Lucas,Beer,,January 22,,,,,
6394,Lucas,Beer,,January 22,,,,,
6393,Maxim,Shot,Gin,January 22,,,,,
6392,Maxim,Beer,,January 22,,,,,
6391,Maxim,Beer,,January 22,,,,,
6390,Hunter,Beer,Millter Lite,January 22,,,,,
6389,Joseph,Cocktail,,January 22,,,,,
6388,Joseph,Beer,Corona,January 22,,,,,
6387,Joseph,Beer,Corona,January 23,,,,,
6386,Kacper,Beer,Corona,January 23,,,,,
6385,Hunter,Wine,White,January 23,,,,,
6384,Joseph,Beer,Corona,January 23,,,,,
6383,Kacper,Beer,Corona,January 23,,,,,
6382,Joseph,Cocktail,,January 23,,,,,
6381,Kacper,Cocktail,Corona,January 23,,,,,
6380,Joseph,Cocktail,,January 23,,,,,
6379,Kacper,Cocktail,Corona,January 23,,,,,
6378,Joseph,Cocktail,,January 23,,,,,
6377,Kacper,Cocktail,Corona,January 23,,,,,
6376,Hunter,Beer,,January 23,,,,,
6375,Cole,Seltzer,Bold Rock,January 23,,,,,
6374,Kacper,Shot,Tequila,January 23,,,,,
6373,Joseph,Shot,Tequila,January 23,,,,,
6372,Kacper,Beer,Corona,January 23,,,,,
6371,Joseph,Beer,Corona,January 23,,,,,
6370,Liam,Beer,Modelo,January 24,,,,,
6369,Liam,Beer,Modelo,January 24,,,,,
6368,Kacper,Beer,Modelo,January 24,,,,,
6367,Joseph,Beer,Modelo,January 24,,,,,
6366,Hunter,Beer,Coors Light,January 24,,,,,
6365,Jacob,Wine,Red,January 24,,,,,
6364,Hunter,Cocktail,,January 24,,,,,
6363,Avi,Cocktail,,January 24,,,,,
6362,Hunter,Beer,Bud Light,January 24,,,,,
6361,Hunter,Beer,Bud Light,January 24,,,,,
6360,Avi,Beer,Michelob Ultra,January 24,,,,,
6359,Hunter,Beer,Bud Light,January 26,,,,,
6358,Hunter,Beer,Bud Light,January 26,,,,,
6357,Hunter,Beer,Guinness,January 26,,,,,
6356,Lucas,Beer,Guinness,January 26,,,,,
6355,Hunter,Cocktail,Redbull Vodka,January 26,,,,,
6354,Lucas,Cocktail,Redbull Vodka,January 26,,,,,
6353,Joseph,Beer,Modelo,January 26,,,,,
6352,Lucas,Beer,Sun Cruiser,January 26,,,,,
6351,Lucas,Beer,Kona,January 26,,,,,
6350,Joseph,Beer,,January 27,,,,,
6349,Lucas,Wine,Red,January 27,,,,,
6348,Lucas,Wine,Red,January 27,,,,,
6347,Lucas,Wine,Red,January 27,,,,,
6346,Marek,Beer,,January 27,,,,,
6345,Joseph,Shot,,January 27,,,,,
6344,Joseph,Beer,,January 28,,,,,
6343,Joseph,Beer,,January 28,,,,,
6342,Hunter,Beer,Guinness,January 28,,,,,
6341,Joseph,Beer,,January 28,,,,,
6340,Joseph,Beer,,January 28,,,,,
6339,Hunter,Beer,Michelob Ultra,January 29,,,,,
6338,Maxim,Cocktail,,January 29,,,,,
6337,Hunter,Cocktail,,January 29,,,,,
6336,Joseph,Cocktail,,January 29,,,,,
6335,Maxim,Beer,,January 29,,,,,
6334,Hunter,Wine,White,January 30,,,,,
6333,Jacob,Wine,White,January 30,,,,,
6332,Hunter,Wine,White,January 30,,,,,
6331,Jacob,Wine,White,January 30,,,,,
6330,Jacob,Other,Soju,January 30,,,,,
6329,Jacob,Shot,Tequila,January 30,,,,,
6328,Hunter,Beer,Michelob,January 30,,,,,
6327,Jacob,Shot,,January 30,,,,,
6326,Joseph,Cocktail,Rum and Coke,January 30,,,,,
6325,Jacob,Beer,Narragansett,January 30,,,,,
6324,Hunter,Cocktail,,January 30,,,,,
6323,Hunter,Cocktail,High Noon,January 30,,,,,
6322,Jacob,Shot,Tequila,January 30,,,,,
6321,Jacob,Beer,Modelo,January 30,,,,,
6320,Marek,Beer,,January 30,,,,,
6319,Joseph,Seltzer,Angry Orchard,January 30,,,,,
6318,Joseph,Seltzer,Angry Orchard,January 30,,,,,
6317,Joseph,Shot,Rum,January 30,,,,,
6316,Joseph,Cocktail,,January 30,,,,,
6315,Joseph,Cocktail,,January 30,,,,,
6314,Joseph,Beer,Modelo,January 30,,,,,
6313,Joseph,Beer,Modelo,January 30,,,,,
6312,Joseph,Beer,Modelo,January 30,,,,,
6311,Joseph,Beer,Modelo,January 30,,,,,
6310,Joseph,Shot,Tequila,January 30,,,,,
6309,Joseph,Beer,Modelo,January 30,,,,,
6308,Owen,Beer,Pacifico,January 31,,,,,
6307,Owen,Beer,Pacifico,January 31,,,,,
6306,Marek,Beer,Guinness,January 31,,,,,
6305,Joseph,Beer,Guinness,January 31,,,,,
6304,Liam,Beer,Guinness,January 31,,,,,
6303,Joseph,Cocktail,,January 31,,,,,
6302,Joseph,Beer,Modelo,January 31,,,,,
6301,Joseph,Cocktail,,January 31,,,,,
6300,Joseph,Cocktail,Espresso Martini,January 31,,,,,
6299,Marek,Cocktail,Espresso Martini,January 31,,,,,
6298,Hunter,Shot,,February 1,,,,,
6297,Lucas,Shot,,February 1,,,,,
6296,Lucas,Shot,,February 1,,,,,
6295,Hunter,Beer,Coors Light,February 1,,,,,
6294,Lucas,Beer,Coors Light,February 1,,,,,
6293,Jacob,Beer,Sam Adams,February 1,,,,,
6292,Marek,Seltzer,Angry Orchard,February 1,,,,,
6291,Joseph,Seltzer,Angry Orchard,February 1,,,,,
6290,Lucas,Beer,Coors Light,February 1,,,,,
6289,Hunter,Beer,,February 2,,,,,
6288,Hunter,Wine,White,February 2,,,,,
6287,Hunter,Cocktail,,February 3,,,,,
6286,Hunter,Beer,Bud Light,February 4,,,,,
6285,Hunter,Cocktail,Redbull Vodka,February 4,,,,,
6284,Hunter,Cocktail,Margarita,February 5,,,,,
6283,Hunter,Beer,Guinness,February 5,,,,,
6282,Maxim,Cocktail,Aperol Spritz,February 5,,,,,
6281,Hunter,Beer,Guinness,February 5,,,,,
6280,Jacob,Wine,White,February 5,,,,,
6279,Hunter,Beer,Guinness,February 5,,,,,
6278,Jacob,Wine,White,February 5,,,,,
6277,Cole,Cocktail,Whiskey and Coke,February 5,,,,,
6276,Hunter,Shot,Fireball,February 6,,,,,
6275,Hunter,Wine,Red,February 6,,,,,
6274,Jacob,Beer,,February 6,,,,,
6273,Hunter,Cocktail,,February 7,,,,,
6272,Hunter,Cocktail,Irish Coffee,February 7,,,,,
6271,Hunter,Beer,Millter Lite,February 7,,,,,
6270,Cole,Seltzer,Bold Rock,February 7,,,,,
6269,Avi,Beer,,February 7,,,,,
6268,Cole,Seltzer,Bold Rock,February 7,,,,,
6267,Cole,Seltzer,Bold Rock,February 7,,,,,
6266,Avi,Wine,White,February 7,,,,,
6265,Hunter,Beer,Miller Lite,February 8,,,,,
6264,Avi,Beer,Michelob Ultra,February 8,,,,,
6263,Hunter,Beer,Bud Light,February 8,,,,,
6262,Cole,Seltzer,Bold Rock,February 8,,,,,
6261,Joseph,Beer,Corona,February 8,,,,,
6260,Hunter,Beer,Coors Light,February 8,,,,,
6259,Joseph,Beer,Corona,February 8,,,,,
6258,Cole,Seltzer,Bold Rock,February 8,,,,,
6257,Avi,Beer,Coors Light,February 8,,,,,
6256,Lucas,Beer,Coors Light,February 8,,,,,
6255,Lucas,Beer,Coors Light,February 8,,,,,
6254,Lucas,Beer,Coors Light,February 8,,,,,
6253,Joseph,Beer,Corona,February 8,,,,,
6252,Hunter,Beer,Coors Light,February 8,,,,,
6251,Hunter,Beer,Medalla,February 8,,,,,
6250,Lucas,Beer,Medalla,February 8,,,,,
6249,Lucas,Beer,Medalla,February 8,,,,,
6248,Cole,Seltzer,Bold Rock,February 8,,,,,
6247,Joseph,Beer,Corona,February 8,,,,,
6246,Cole,Seltzer,Bold Rock,February 8,,,,,
6245,Lucas,Beer,Coors Light,February 8,,,,,
6244,Lucas,Beer,Coors Light,February 8,,,,,
6243,Lucas,Beer,Coors Light,February 8,,,,,
6242,Kacper,Beer,Modelo,February 8,,,,,
6241,Hunter,Beer,Medalla,February 8,,,,,
6240,Cole,Seltzer,Bold Rock,February 8,,,,,
6239,Joseph,Cocktail,Vodka Cran,February 9,,,,,
6238,Lucas,Cocktail,Vodka Cran,February 9,,,,,
6237,Hunter,Cocktail,Vodka Cran,February 9,,,,,
6236,Joseph,Cocktail,Vodka Redbull,February 9,,,,,
6235,Lucas,Cocktail,Vodka Redbull,February 9,,,,,
6234,Hunter,Cocktail,Vodka Redbull,February 9,,,,,
6233,Joseph,Cocktail,Vodka Cran,February 9,,,,,
6232,Lucas,Cocktail,Vodka Cran,February 9,,,,,
6231,Hunter,Cocktail,Vodka Cran,February 9,,,,,
6230,Kacper,Beer,,February 9,,,,,
6229,Joseph,Cocktail,,February 12,,,,,
6228,Cole,Seltzer,Bold Rock,February 12,,,,,
6227,Joseph,Seltzer,Angry Orchard,February 12,,,,,
6226,Kacper,Beer,,February 12,,,,,
6225,Joseph,Seltzer,Angry Orchard,February 12,,,,,
6224,Jacob,Cocktail,,February 13,,,,,
6223,Joseph,Beer,Corona,February 13,,,,,
6222,Lucas,Seltzer,Downeast,February 13,,,,,
6221,Lucas,Beer,Coors Light,February 13,,,,,
6220,Marek,Beer,,February 14,,,,,
6219,Avi,Beer,,February 14,,,,,
6218,Hunter,Shot,Whiskey,February 14,,,,,
6217,Hunter,Cocktail,Espresso Martini,February 14,,,,,
6216,Hunter,Cocktail,Negroni,February 14,,,,,
6215,Hunter,Cocktail,Negroni,February 14,,,,,
6214,Jacob,Cocktail,Jagertee,February 15,,,,,
6213,Jacob,Beer,Zillertal Radler,February 15,,,,,
6212,Lucas,Beer,Coors Light,February 15,,,,,
6211,Joseph,Wine,Red,February 15,,,,,
6210,Lucas,Beer,Coors Light,February 15,,,,,
6209,Lucas,Beer,Coors Light,February 15,,,,,
6208,Lucas,Beer,Coors Light,February 15,,,,,
6207,Avi,Beer,Michelob Ultra,February 15,,,,,
6206,Lucas,Beer,Maine Lunch,February 15,,,,,
6205,Lucas,Cocktail,Jamo and Ginger,February 15,,,,,
6204,Lucas,Cocktail,Jamo and Ginger,February 15,,,,,
6203,Lucas,Cocktail,Jamo and Ginger,February 15,,,,,
6202,Lucas,Cocktail,Jamo and Ginger,February 15,,,,,
6201,Lucas,Beer,Coors Light,February 16,,,,,
6200,Jacob,Cocktail,Jagertee,February 16,,,,,
6199,Jacob,Wine,White,February 16,,,,,
6198,Joseph,Beer,Coors Light,February 16,,,,,
6197,Hunter,Beer,Coors Light,February 16,,,,,
6196,Lucas,Beer,Coors Light,February 16,,,,,
6195,Joseph,Beer,Tsingtao,February 16,,,,,
6194,Hunter,Beer,Tsingtao,February 16,,,,,
6193,Lucas,Beer,Tsingtao,February 16,,,,,
6192,Maxim,Wine,White,February 16,,,,,
6191,Jacob,Cocktail,Jagertee,February 17,,,,,
6190,Hunter,Beer,Asahi,February 17,,,,,
6189,Jacob,Cocktail,Jagertee,February 18,,,,,
6188,Jacob,Beer,Erdinger Dunkel,February 18,,,,,
6187,Jacob,Wine,White,February 18,,,,,
6186,Maxim,Shot,,February 18,,,,,
6185,Jacob,Wine,Red,February 19,,,,,
6184,Jacob,Beer,Erdinger Dunkel,February 19,,,,,
6183,Jacob,Shot,Whiskey,February 19,,,,,
6182,Lucas,Beer,Maine Lunch,February 19,,,,,
6181,Lucas,Beer,Whale Cove,February 19,,,,,
6180,Liam,Beer,Michelob Ultra,February 19,,,,,
6179,Liam,Cocktail,Margarita,February 19,,,,,
6178,Liam,Cocktail,Margarita,February 19,,,,,
6177,Liam,Cocktail,Margarita,February 19,,,,,
6176,Liam,Beer,,February 19,,,,,
6175,Liam,Beer,Miller Lite,February 19,,,,,
6174,Liam,Beer,Miller Lite,February 19,,,,,
6173,Liam,Beer,Miller Lite,February 19,,,,,
6172,Jacob,Beer,,February 20,,,,,
6171,Jacob,Shot,Brandy,February 20,,,,,
6170,Jacob,Beer,,February 20,,,,,
6169,Liam,Beer,,February 20,,,,,
6168,Liam,Beer,,February 20,,,,,
6167,Liam,Beer,,February 20,,,,,
6166,Liam,Beer,,February 20,,,,,
6165,Owen,Beer,Sam Adams,February 20,,,,,
6164,Liam,Beer,Michelob Ultra,February 20,,,,,
6163,Liam,Beer,Coors Light,February 20,,,,,
6162,Hunter,Cocktail,Vodka Redbull,February 20,,,,,
6161,Liam,Beer,Michelob Ultra,February 20,,,,,
6160,Hunter,Beer,Guinness,February 20,,,,,
6159,Liam,Beer,Coors Light,February 20,,,,,
6158,Liam,Beer,High Life,February 20,,,,,
6157,Liam,Beer,High Life,February 20,,,,,
6156,Liam,Beer,High Life,February 20,,,,,
6155,Liam,Beer,Coors Light,February 20,,,,,
6154,Liam,Beer,Coors Light,February 20,,,,,
6153,Liam,Beer,Bud Light,February 20,,,,,
6152,Liam,Beer,Coors Light,February 20,,,,,
6151,Liam,Beer,,February 21,,,,,
6150,Joseph,Seltzer,Downeast,February 21,,,,,
6149,Liam,Beer,,February 21,,,,,
6148,Liam,Beer,,February 21,,,,,
6147,Hunter,Beer,Sam Adams,February 21,,,,,
6146,Liam,Beer,,February 21,,,,,
6145,Liam,Beer,,February 21,,,,,
6144,Hunter,Beer,,February 21,,,,,
6143,Liam,Beer,,February 21,,,,,
6142,Hunter,Beer,Guinness,February 21,,,,,
6141,Liam,Beer,Michelob Ultra,February 21,,,,,
6140,Joseph,Beer,Guinness,February 21,,,,,
6139,Hunter,Cocktail,Margarita,February 21,,,,,
6138,Joseph,Cocktail,Margarita,February 21,,,,,
6137,Liam,Beer,Michelob Ultra,February 21,,,,,
6136,Liam,Beer,,February 21,,,,,
6135,Avi,Beer,High Life,February 21,,,,,
6134,Liam,Beer,,February 21,,,,,
6133,Avi,Beer,,February 21,,,,,
6132,Avi,Beer,,February 21,,,,,
6131,Jacob,Cocktail,Negroni,February 21,,,,,
6130,Hunter,Beer,Guinness,February 21,,,,,
6129,Kacper,Cocktail,Margarita,February 21,,,,,
6128,Hunter,Cocktail,,February 21,,,,,
6127,Joseph,Beer,,February 21,,,,,
6126,Joseph,Cocktail,,February 21,,,,,
6125,Hunter,Cocktail,,February 22,,,,,
6124,Liam,Beer,Coors Light,February 22,,,,,
6123,Jacob,Wine,Red,February 22,,,,,
6122,Hunter,Beer,Sam Adams,February 23,,,,,
6121,Hunter,Beer,High Life,February 23,,,,,
6120,Joseph,Seltzer,Downeast,February 23,,,,,
6119,Hunter,Seltzer,Downeast,February 23,,,,,
6118,Hunter,Wine,Red,February 23,,,,,
6117,Lucas,Wine,Red,February 23,,,,,
6116,Joseph,Wine,Red,February 23,,,,,
6115,Joseph,Wine,Red,February 23,,,,,
6114,Hunter,Seltzer,Downeast,February 23,,,,,
6113,Lucas,Wine,Red,February 23,,,,,
6112,Joseph,Seltzer,Downeast,February 23,,,,,
6111,Lucas,Seltzer,Downeast,February 23,,,,,
6110,Lucas,Beer,Kona,February 24,,,,,
6109,Joseph,Cocktail,Mai Thai,February 24,,,,,
6108,Cole,Seltzer,Bold Rock,February 24,,,,,
6107,Liam,Beer,Modelo,February 24,,,,,
6106,Hunter,Cocktail,Vodka Redbull,February 24,,,,,
6105,Liam,Beer,Michelob,February 24,,,,,
6104,Hunter,Shot,Jello Shot,February 24,,,,,
6103,Joseph,Beer,Narragansett,February 24,,,,,
6102,Joseph,Beer,,February 24,,,,,
6101,Joseph,Beer,Guinness,February 24,,,,,
6100,Hunter,Cocktail,Vodka Redbull,February 24,,,,,
6099,Joseph,Beer,Guinness,February 24,,,,,
6098,Liam,Beer,Michelob Ultra,February 24,,,,,
6097,Hunter,Beer,Modelo,February 24,,,,,
6096,Joseph,Cocktail,Rum Cider,February 24,,,,,
6095,Hunter,Beer,,February 25,,,,,
6094,Maxim,Seltzer,Angry Orchard,February 25,,,,,
6093,Jacob,Cocktail,Gin and Tonic,February 25,,,,,
6092,Jacob,Cocktail,Gin and Tonic,February 25,,,,,
6091,Liam,Beer,Michelob Ultra,February 25,,,,,
6090,Joseph,Beer,,February 25,,,,,
6089,Hunter,Beer,Sapporo,February 26,,,,,
6088,Hunter,Wine,Sake,February 26,,,,,
6087,Avi,Beer,,February 26,,,,,
6086,Owen,Beer,,February 26,,,,,
6085,Owen,Beer,Allagash,February 26,,,,,
6084,Joseph,Beer,Corona,February 26,,,,,
6083,Joseph,Wine,,February 27,,,,,
6082,Hunter,Beer,Pilsner,February 27,,,,,
6081,Hunter,Beer,Corona,February 27,,,,,
6080,Hunter,Beer,Corona,February 27,,,,,
6079,Joseph,Beer,Coors Light,February 27,,,,,
6078,Hunter,Beer,Coors Light,February 27,,,,,
6077,Hunter,Beer,Coors Light,February 27,,,,,
6076,Hunter,Beer,Coors Light,February 27,,,,,
6075,Cole,Seltzer,Bold Rock,February 27,,,,,
6074,Hunter,Beer,Coors Light,February 27,,,,,
6073,Joseph,Beer,Coors Light,February 27,,,,,
6072,Joseph,Beer,Coors Light,February 27,,,,,
6071,Hunter,Beer,Coors Light,February 27,,,,,
6070,Cole,Seltzer,Downeast,February 27,,,,,
6069,Cole,Beer,Miller Lite,February 28,,,,,
6068,Hunter,Beer,Coors Light,February 28,,,,,
6067,Hunter,Beer,Bud Light,February 28,,,,,
6066,Lucas,Beer,Bud Light,February 28,,,,,
6065,Owen,Beer,Bud Light,February 28,,,,,
6064,Joseph,Beer,Bud Light,February 28,,,,,
6063,Hunter,Beer,Bud Light,February 28,,,,,
6062,Lucas,Beer,Bud Light,February 28,,,,,
6061,Owen,Beer,Bud Light,February 28,,,,,
6060,Joseph,Beer,Bud Light,February 28,,,,,
6059,Jacob,Cocktail,Gin and Tonic,February 28,,,,,
6058,Lucas,Beer,Bud Light,February 28,,,,,
6057,Owen,Beer,Bud Light,February 28,,,,,
6056,Joseph,Seltzer,Downeast,February 28,,,,,
6055,Joseph,Cocktail,Gin and Tonic,February 28,,,,,
6054,Joseph,Wine,Red,February 28,,,,,
6053,Joseph,Cocktail,Rum and Coke,February 28,,,,,
6052,Hunter,Beer,Guinness,February 28,,,,,
6051,Lucas,Beer,Guinness,February 28,,,,,
6050,Joseph,Wine,White,February 28,,,,,
6049,Joseph,Beer,Corona,February 28,,,,,
6048,Joseph,Cocktail,,February 28,,,,,
6047,Joseph,Beer,Guinness,March 1,,,,,
6046,Jacob,Cocktail,Gin and Tonic,February 28,,,,,
6045,Jacob,Wine,White,February 28,,,,,
6044,Jacob,Wine,White,February 28,,,,,
6043,Jacob,Wine,White,February 28,,,,,
6042,Jacob,Wine,White,February 28,,,,,
6041,Jacob,Cocktail,Gin and Tonic,February 28,,,,,
6040,Joseph,Beer,Guinness,March 2,,,,,
6039,Jacob,Wine,Red,March 2,,,,,
6038,Joseph,Cocktail,Moscow Mule,March 2,,,,,
6037,Hunter,Wine,White,March 3,,,,,
6036,Hunter,Beer,Guinness,March 3,,,,,
6035,Hunter,Cocktail,Vodka Redbull,March 3,,,,,
6034,Hunter,Wine,Red,March 3,,,,,
6033,Hunter,Beer,Guinness,March 4,,,,,
6032,Lucas,Beer,Allagash,March 4,,,,,
6031,Lucas,Beer,Allagash,March 4,,,,,
6030,Lucas,Seltzer,Downeast,March 4,,,,,
6029,Joseph,Seltzer,Downeast,March 4,,,,,
6028,Hunter,Beer,Medalla,March 4,,,,,
6027,Hunter,Cocktail,,March 5,,,,,
6026,Hunter,Beer,Guinness,March 5,,,,,
6025,Avi,Beer,Michelob Ultra,March 5,,,,,
6024,Avi,Beer,Michelob Ultra,March 5,,,,,
6023,Avi,Beer,Michelob Ultra,March 6,,,,,
6022,Jacob,Cocktail,Gin and Tonic,March 6,,,,,
6021,Hunter,Wine,Red,March 6,,,,,
6020,Avi,Cocktail,,March 6,,,,,
6019,Jacob,Shot,Tequila,March 6,,,,,
6018,Jacob,Shot,Tequila,March 6,,,,,
6017,Hunter,Beer,,March 7,,,,,
6016,Hunter,Beer,,March 7,,,,,
6015,Avi,Cocktail,,March 7,,,,,
6014,Hunter,Beer,,March 8,,,,,
6013,Hunter,Beer,,March 8,,,,,
6012,Lucas,Beer,Guinness,March 8,,,,,
6011,Lucas,Beer,Guinness,March 8,,,,,
6010,Joseph,Beer,Guinness,March 8,,,,,
6009,Hunter,Beer,Pabst Blue Ribbon,March 9,,,,,
6008,Hunter,Beer,Pabst Blue Ribbon,March 9,,,,,
6007,Joseph,Beer,Pabst Blue Ribbon,March 9,,,,,
6006,Marek,Beer,Pilsner,March 9,,,,,
6005,Hunter,Beer,,March 10,,,,,
6004,Joseph,Beer,Pabst Blue Ribbon,March 10,,,,,
6003,Hunter,Beer,Pabst Blue Ribbon,March 10,,,,,
6002,Joseph,Beer,Allagash,March 10,,,,,
6001,Lucas,Wine,Red,March 11,,,,,
6000,Hunter,Beer,Pabst Blue Ribbon,March 11,,,,,
5999,Cole,Seltzer,,March 11,,,,,
5998,Hunter,Wine,Red,March 11,,,,,
5997,Joseph,Beer,Pabst Blue Ribbon,March 12,,,,,
5996,Lucas,Beer,Guinness,March 12,,,,,
5995,Lucas,Beer,Guinness,March 12,,,,,
5994,Lucas,Beer,Guinness,March 12,,,,,
5993,Hunter,Beer,,March 12,,,,,
5992,Joseph,Beer,Guinness,March 12,,,,,
5991,Jacob,Wine,Red,March 12,,,,,
5990,Jacob,Wine,Red,March 12,,,,,
5989,Joseph,Cocktail,,March 12,,,,,
5988,Jacob,Shot,Brennevin,March 12,,,,,
5987,Lucas,Cocktail,Jameson and Ginger,March 13,,,,,
5986,Hunter,Beer,Guinness,March 13,,,,,
5985,Jacob,Cocktail,Gin and Tonic,March 13,,,,,
5984,Lucas,Beer,,March 13,,,,,
5983,Lucas,Cocktail,Caipirina,March 13,,,,,
5982,Lucas,Cocktail,Caipirina,March 13,,,,,
5981,Lucas,Beer,Guinness,March 13,,,,,
5980,Joseph,Cocktail,,March 13,,,,,
5979,Avi,Beer,Michelob Ultra,March 13,,,,,
5978,Liam,Cocktail,Whiskey Ginger,March 13,,,,,
5977,Joseph,Shot,Tequila,March 13,,,,,
5976,Joseph,Shot,Tequila,March 13,,,,,
5975,Joseph,Cocktail,Mojito,March 13,,,,,
5974,Avi,Beer,Corona,March 13,,,,,
5973,Jacob,Other,Soju,March 13,,,,,
5972,Jacob,Shot,Tequila,March 13,,,,,
5971,Jacob,Cocktail,Gin and Tonic,March 13,,,,,
5970,Jacob,Other,Soju,March 13,,,,,
5969,Marek,Cocktail,Hot Toddy,March 13,,,,,
5968,Jacob,Beer,,March 13,,,,,
5967,Avi,Beer,Corona,March 13,,,,,
5966,Hunter,Cocktail,,March 13,,,,,
5965,Maxim,Cocktail,Beatbox,March 13,,,,,
5964,Jacob,Beer,Narragansett,March 13,,,,,
5963,Jacob,Beer,Modelo,March 13,,,,,
5962,Jacob,Shot,Tequila,March 13,,,,,
5961,Hunter,Cocktail,Cutwater,March 14,,,,,
5960,Joseph,Beer,Salvavida,March 14,,,,,
5959,Hunter,Beer,Guinness,March 14,,,,,
5958,Lucas,Beer,Heineken,March 14,,,,,
5957,Lucas,Beer,Heineken,March 14,,,,,
5956,Hunter,Beer,Guinness,March 14,,,,,
5955,Hunter,Shot,,March 14,,,,,
5954,Joseph,Beer,Guinness,March 14,,,,,
5953,Lucas,Beer,Irish Lager,March 14,,,,,
5952,Joseph,Cocktail,,March 14,,,,,
5951,Hunter,Cocktail,,March 14,,,,,
5950,Joseph,Cocktail,Vodka Redbull,March 14,,,,,
5949,Hunter,Cocktail,Vodka Redbull,March 14,,,,,
5948,Joseph,Cocktail,,March 14,,,,,
5947,Hunter,Cocktail,,March 14,,,,,
5946,Avi,Beer,,March 14,,,,,
5945,Hunter,Beer,,March 14,,,,,
5944,Joseph,Cocktail,,March 14,,,,,
5943,Hunter,Cocktail,,March 14,,,,,
5942,Hunter,Cocktail,,March 14,,,,,
5941,Cole,Shot,Fireball,March 14,,,,,
5940,Cole,Shot,Fireball,March 14,,,,,
5939,Maxim,Beer,Tsingtao,March 14,,,,,
5938,Cole,Seltzer,,March 14,,,,,
5937,Lucas,Cocktail,Jameson Mix,March 15,,,,,
5936,Lucas,Beer,San Miguel,March 15,,,,,
5935,Cole,Cider,Blue Toad,March 15,,,,,
5934,Lucas,Beer,Guinness,March 15,,,,,
5933,Lucas,Beer,Guinness,March 15,,,,,
5932,Joseph,Beer,,March 15,,,,,
5931,Lucas,Beer,Guinness,March 15,,,,,
5930,Lucas,Beer,Guinness,March 15,,,,,
5929,Jacob,Wine,Sake,March 15,,,,,
5928,Jacob,Wine,Sake,March 15,,,,,
5927,Jacob,Wine,Sake,March 15,,,,,
5926,Jacob,Wine,Sake,March 15,,,,,
5925,Jacob,Wine,Sake,March 15,,,,,
5924,Jacob,Wine,Sake,March 15,,,,,
5923,Jacob,Wine,Sake,March 15,,,,,
5922,Lucas,Cider,Bulmers,March 15,,,,,
5921,Lucas,Beer,Guinness,March 16,,,,,
5920,Lucas,Shot,Whiskey,March 16,,,,,
5919,Avi,Beer,Allagash,March 16,,,,,
5918,Joseph,Beer,Salvavida,March 16,,,,,
5917,Joseph,Beer,Corona,March 16,,,,,
5916,Lucas,Beer,Kinnegar,March 16,,,,,
5915,Lucas,Beer,Guinness,March 17,,,,,
5914,Lucas,Beer,Guinness,March 17,,,,,
5913,Lucas,Cocktail,Irish Coffee,March 17,,,,,
5912,Hunter,Beer,Michelob Ultra,March 18,,,,,
5911,Maxim,Beer,Guinness,March 18,,,,,
5910,Jacob,Cocktail,Gin and Tonic,March 18,,,,,
5909,Jacob,Beer,,March 19,,,,,
5908,Jacob,Wine,Sangria,March 19,,,,,
5907,Jacob,Wine,Sangria,March 19,,,,,
5906,Hunter,Beer,Guinness,March 19,,,,,
5905,Jacob,Wine,Sangria,March 19,,,,,
5904,Jacob,Shot,,March 19,,,,,
5903,Jacob,Cocktail,Gin and Tonic,March 19,,,,,
5902,Jacob,Beer,,March 19,,,,,
5901,Jacob,Shot,,March 19,,,,,
5900,Jacob,Cocktail,Vodka Water,March 19,,,,,
5899,Jacob,Shot,Tequila,March 19,,,,,
5898,Jacob,Shot,Tequila,March 19,,,,,
5897,Joseph,Beer,Corona,March 19,,,,,
5896,Jacob,Beer,,March 20,,,,,
5895,Jacob,Shot,Jager,March 20,,,,,
5894,Jacob,Shot,Jager,March 20,,,,,
5893,Jacob,Cocktail,Gin and Tonic,March 20,,,,,
5892,Jacob,Cocktail,Moscow Mule,March 20,,,,,
5891,Jacob,Beer,,March 20,,,,,
5890,Liam,Cocktail,Mikes,March 20,,,,,
5889,Liam,Cocktail,Mikes,March 20,,,,,
5888,Jacob,Cocktail,Gin and Tonic,March 20,,,,,
5887,Jacob,Beer,,March 20,,,,,
5886,Jacob,Shot,Tequila,March 20,,,,,
5885,Jacob,Cocktail,Jagerbomb,March 20,,,,,
5884,Jacob,Cocktail,Vodka Redbull,March 20,,,,,
5883,Jacob,Shot,Tequila,March 20,,,,,
5882,Jacob,Cocktail,Jagerbomb,March 20,,,,,
5881,Jacob,Cocktail,Vodka Redbull,March 20,,,,,
5880,Jacob,Cocktail,Vodka Redbull,March 20,,,,,
5879,Avi,Beer,,March 21,,,,,
5878,Avi,Cocktail,Mojito,March 21,,,,,
5877,Jacob,Beer,,March 21,,,,,
5876,Cole,Cider,Bold Rock,March 21,,,,,
5875,Jacob,Shot,Jager,March 21,,,,,
5874,Hunter,Beer,Sam Adams,March 21,,,,,
5873,Jacob,Shot,Tequila,March 21,,,,,
5872,Jacob,Shot,Tequila,March 21,,,,,
5871,Jacob,Shot,Tequila,March 21,,,,,
5870,Cole,Cider,Bold Rock,March 21,,,,,
5869,Jacob,Shot,,March 21,,,,,
5868,Joseph,Cocktail,Vodka Redbull,March 21,,,,,
5867,Hunter,Beer,Guinness,March 21,,,,,
5866,Hunter,Shot,,March 21,,,,,
5865,Joseph,Cocktail,,March 21,,,,,
5864,Joseph,Beer,Corona,March 21,,,,,
5863,Cole,Shot,Tequila,March 21,,,,,
5862,Cole,Shot,Tequila,March 21,,,,,
5861,Joseph,Cocktail,Vodka Redbull,March 21,,,,,
5860,Hunter,Cocktail,Vodka Redbull,March 21,,,,,
5859,Cole,Cocktail,,March 21,,,,,
5858,Hunter,Cocktail,,March 21,,,,,
5857,Avi,Beer,Guinness,March 21,,,,,
5856,Hunter,Beer,,March 21,,,,,
5855,Joseph,Beer,,March 21,,,,,
5854,Joseph,Cocktail,Vodka Redbull,March 21,,,,,
5853,Joseph,Cocktail,,March 21,,,,,
5852,Hunter,Wine,White,March 21,,,,,
5851,Cole,Cocktail,,March 22,,,,,
5850,Cole,Shot,Tequila,March 22,,,,,
5849,Cole,Beer,Miller Lite,March 22,,,,,
5848,Cole,Cocktail,Blueberry Hogdog,March 22,,,,,
5847,Jacob,Beer,Radler,March 22,,,,,
5846,Maxim,Wine,White,March 22,,,,,
5845,Jacob,Beer,Clara,March 22,,,,,
5844,Maxim,Beer,Berliner,March 22,,,,,
5843,Maxim,Beer,,March 22,,,,,
5842,Marek,Beer,Victoria,March 22,,,,,
5841,Jacob,Wine,Sangria,March 23,,,,,
5840,Jacob,Wine,Red,March 23,,,,,
5839,Jacob,Cocktail,Gin and Tonic,March 23,,,,,
5838,Jacob,Shot,Jager,March 23,,,,,
5837,Maxim,Cocktail,,March 23,,,,,
5836,Jacob,Wine,Red,March 23,,,,,
5835,Maxim,Beer,Heineken,March 25,,,,,
5834,Maxim,Beer,Heineken,March 25,,,,,
5833,Maxim,Beer,Heineken,March 25,,,,,
5832,Maxim,Beer,Heineken,March 25,,,,,
5831,Jacob,Beer,Coors Light,March 25,,,,,
5830,Lucas,Beer,Fiddlehead IPA,March 25,,,,,
5829,Maxim,Shot,,March 26,,,,,
5828,Hunter,Cocktail,,March 26,,,,,
5827,Maxim,Cocktail,,March 26,,,,,
5826,Maxim,Cocktail,,March 26,,,,,
5825,Hunter,Beer,Guinness,March 27,,,,,
5824,Hunter,Beer,Natural Light,March 27,,,,,
5823,Hunter,Beer,Natural Light,March 27,,,,,
5822,Hunter,Beer,Natural Light,March 27,,,,,
5821,Avi,Cocktail,Ice Tea Vodka,March 27,,,,,
5820,Cole,Cider,Bold Rock,March 27,,,,,
5819,Joseph,Beer,Corona,March 27,,,,,
5818,Hunter,Beer,Corona,March 27,,,,,
5817,Joseph,Shot,Tequila,March 27,,,,,
5816,Joseph,Shot,Tequila,March 27,,,,,
5815,Hunter,Shot,Tequila,March 27,,,,,
5814,Hunter,Shot,Tequila,March 27,,,,,
5813,Joseph,Beer,Corona,March 27,,,,,
5812,Hunter,Beer,,March 27,,,,,
5811,Joseph,Beer,Corona,March 27,,,,,
5810,Joseph,Beer,Bud Light,March 27,,,,,
5809,Joseph,Cocktail,,March 27,,,,,
5808,Joseph,Cocktail,,March 27,,,,,
5807,Joseph,Cocktail,,March 27,,,,,
5806,Joseph,Beer,Guinness,March 27,,,,,
5805,Hunter,Beer,Guinness,March 27,,,,,
5804,Liam,Beer,,March 28,,,,,
5803,Hunter,Beer,Guinness,March 28,,,,,
5802,Liam,Wine,Red,March 28,,,,,
5801,Cole,Beer,,March 28,,,,,
5800,Hunter,Beer,Guinness,March 28,,,,,
5799,Liam,Beer,Stella Artois,March 28,,,,,
5798,Jacob,Other,Soju,March 28,,,,,
5797,Liam,Beer,,March 28,,,,,
5796,Liam,Beer,,March 28,,,,,
5795,Kacper,Beer,Corona,March 28,,,,,
5794,Kacper,Seltzer,Topo Chico,March 28,,,,,
5793,Liam,Beer,,March 28,,,,,
5792,Kacper,Beer,Dos Equis,March 28,,,,,
5791,Liam,Beer,,March 28,,,,,
5790,Kacper,Beer,New Glarus,March 28,,,,,
5789,Hunter,Beer,Guinness,March 29,,,,,
5788,Cole,Cider,Bold Rock,March 29,,,,,
5787,Hunter,Cocktail,Long Drink,March 29,,,,,
5786,Avi,Beer,Guinness,March 29,,,,,
5785,Joseph,Beer,,March 29,,,,,
5784,Joseph,Cocktail,,March 29,,,,,
5783,Hunter,Beer,Coors Light,March 29,,,,,
5782,Joseph,Beer,,March 29,,,,,
5781,Hunter,Beer,Corona,March 30,,,,,
5780,Hunter,Beer,Corona,March 30,,,,,
5779,Hunter,Beer,Coors Light,March 30,,,,,
5778,Hunter,Beer,Coors Light,March 30,,,,,
5777,Lucas,Cocktail,Hugo Spritz,March 30,,,,,
5776,Lucas,Cocktail,Hugo Spritz,March 30,,,,,
5775,Hunter,Cocktail,,March 31,,,,,
5774,Lucas,Beer,Coors Light,March 31,,,,,
5773,Lucas,Beer,Coors Light,March 31,,,,,
5772,Lucas,Beer,,March 31,,,,,
5771,Joseph,Beer,,March 31,,,,,
5770,Joseph,Cocktail,Smirnoff Ice,March 31,,,,,
5769,Joseph,Wine,Sangria,March 31,,,,,
5768,Lucas,Cocktail,Smirnoff Ice,March 31,,,,,
5767,Lucas,Wine,Sangria,March 31,,,,,
5766,Lucas,Beer,Coors Light,March 31,,,,,
5765,Joseph,Beer,Coors Light,March 31,,,,,
5764,Joseph,Wine,Sangria,March 31,,,,,
5763,Avi,Beer,,March 31,,,,,
5762,Hunter,Cocktail,,April 1,,,,,
5761,Hunter,Beer,Guinness,April 1,,,,,
5760,Lucas,Beer,Guinness,April 1,,,,,
5759,Hunter,Cocktail,,April 1,,,,,
5758,Hunter,Cocktail,,April 1,,,,,
5757,Joseph,Beer,Allagash,April 2,,,,,
5756,Hunter,Beer,Jack Abbeys,April 2,,,,,
5755,Joseph,Beer,Allagash,April 2,,,,,
5754,Hunter,Cocktail,,April 2,,,,,
5753,Hunter,Cocktail,,April 2,,,,,
5752,Hunter,Cocktail,,April 2,,,,,
5751,Hunter,Beer,Guinness,April 3,,,,,
5750,Hunter,Cocktail,,April 3,,,,,
5749,Cole,Shot,Tequila,April 3,,,,,
5748,Cole,Shot,Tequila,April 3,,,,,
5747,Hunter,Beer,Guinness,April 3,,,,,
5746,Maxim,Wine,Red,April 3,,,,,
5745,Cole,Shot,Fireball,April 3,,,,,
5744,Cole,Shot,Fireball,April 3,,,,,
5743,Cole,Shot,Whiskey,April 3,,,,,
5742,Jacob,Wine,Red,April 3,,,,,
5741,Jacob,Wine,Red,April 3,,,,,
5740,Hunter,Cocktail,Espresso Martini,April 3,,,,,
5739,Jacob,Wine,Red,April 3,,,,,
5738,Cole,Beer,Blueberry Mead,April 3,,,,,
5737,Kacper,Beer,Modelo,April 3,,,,,
5736,Maxim,Beer,,April 3,,,,,
5735,Joseph,Cocktail,Espresso Martini,April 3,,,,,
5734,Liam,Cocktail,,April 3,,,,,
5733,Jacob,Shot,Fireball,April 3,,,,,
5732,Joseph,Cocktail,Espresso Martini,April 3,,,,,
5731,Hunter,Cocktail,Espresso Martini,April 3,,,,,
5730,Maxim,Beer,Bud Light,April 3,,,,,
5729,Avi,Wine,Moscato,April 3,,,,,
5728,Liam,Cocktail,,April 3,,,,,
5727,Joseph,Cocktail,Espresso Martini,April 3,,,,,
5726,Hunter,Cocktail,Espresso Martini,April 3,,,,,
5725,Jacob,Shot,Fireball,April 3,,,,,
5724,Joseph,Cocktail,Espresso Martini,April 3,,,,,
5723,Hunter,Cocktail,Espresso Martini,April 3,,,,,
5722,Liam,Beer,Guinness,April 3,,,,,
5721,Hunter,Cocktail,Espresso Martini,April 3,,,,,
5720,Joseph,Cocktail,Espresso Martini,April 3,,,,,
5719,Maxim,Shot,Fireball,April 3,,,,,
5718,Maxim,Beer,Corona,April 3,,,,,
5717,Hunter,Beer,,April 3,,,,,
5716,Hunter,Beer,,April 3,,,,,
5715,Maxim,Beer,Corona,April 3,,,,,
5714,Joseph,Cocktail,,April 4,,,,,
5713,Jacob,Beer,Tsingtao,April 4,,,,,
5712,Joseph,Beer,,April 4,,,,,
5711,Joseph,Beer,,April 4,,,,,
5710,Hunter,Beer,,April 4,,,,,
5709,Jacob,Cocktail,,April 4,,,Pivot,,
5708,Joseph,Beer,Guinness,April 4,,,,,
5707,Jacob,Cocktail,Jaipur Sling,April 4,,,,,
5706,Joseph,Beer,Corona,April 4,,,,,
5705,Jacob,Cocktail,Negroni,April 4,,,,,
5704,Jacob,Other,Soju,April 4,,,,,
5703,Joseph,Cocktail,Redbull Vodka,April 4,,,,,
5702,Kacper,Beer,Truck Yard,April 5,,,,,
5701,Maxim,Wine,Redbull Vodka,April 6,,,,,
5700,Avi,Cider,,April 6,,,,,
5699,Joseph,Cocktail,,April 8,,,,,
5698,Joseph,Cider,Angry Orchard,April 8,,,,,
5697,Jacob,Other,Soju,April 8,,,,,
5696,Miggy,Other,Soju,April 8,,,,,
5695,Miggy,Beer,Guinness,April 8,,,,,
5694,Jacob,Beer,Guinness,April 8,,,,,
5693,Hunter,Beer,Dallas Blonde,April 8,,,,,
5692,Hunter,Cocktail,,April 9,,,,,
5691,Hunter,Beer,Modelo,April 9,,,,,
5690,Hunter,Cocktail,Rum and Coke,April 9,,,,,
5689,Hunter,Cocktail,,April 9,,,,,
5688,Hunter,Cocktail,,April 9,,,,,
5687,Hunter,Beer,Miller Lite,April 9,,,,,
5686,Hunter,Shot,Jello Shot,April 9,,,,,
5685,Jacob,Beer,Corona,April 10,,,,,
5684,Hunter,Beer,,April 10,,,,,
5683,Maxim,Beer,Corona,April 10,,,,,
5682,Joseph,Beer,Corona,April 10,,,,,
5681,Hunter,Cocktail,Margarita,April 10,,,,,
5680,Jacob,Wine,Red,April 10,,,,,
5679,Jacob,Beer,Coors Light,April 10,,,,,
5678,Miggy,Wine,Red,April 10,,,,,
5677,Miggy,Beer,Miller Lite,April 10,,,,,
5676,Liam,Beer,Coors Light,April 10,,,,,
5675,Jacob,Cocktail,Cutwater,April 10,,,,,
5674,Jacob,Shot,Whiskey,April 10,,,,,
5673,Maxim,Shot,Whiskey,April 10,,,,,
5672,Joseph,Shot,Whiskey,April 10,,,,,
5671,Miggy,Shot,Whiskey,April 10,,,,,
5670,Miggy,Cocktail,Cutwater,April 10,,,,,
5669,Maxim,Beer,Modelo,April 10,,,,,
5668,Jacob,Cocktail,Cutwater,April 10,,,,,
5667,Liam,Beer,Miller Lite,April 10,,,,,
5666,Hunter,Beer,,April 10,,,,,
5665,Hunter,Cocktail,,April 10,,,,,
5664,Maxim,Cocktail,Cutwater,April 10,,,,,
5663,Avi,Cocktail,Cutwater,April 10,,,,,
5662,Jacob,Other,Soju,April 10,,,,,
5661,Joseph,Cocktail,Cutwater,April 10,,,,,
5660,Miggy,Cocktail,Cutwater,April 10,,,,,
5659,Jacob,Cocktail,Margarita,April 10,,,,,
5658,Joseph,Cocktail,Strong Zero,April 10,,,,,
5657,Maxim,Cocktail,Cutwater,April 10,,,,,
5656,Maxim,Cocktail,Cutwater,April 10,,,,,
5655,Miggy,Beer,,April 10,,,,,
5654,Miggy,Cocktail,Cutwater,April 10,,,,,
5653,Joseph,Cocktail,Jack and Coke,April 10,,,,,
5652,Liam,Beer,,April 10,,,,,
5651,Liam,Beer,,April 10,,,,,
5650,Liam,Beer,,April 11,,,,,
5649,Liam,Beer,,April 11,,,,,
5648,Miggy,Beer,,April 11,,,,,
5647,Avi,Seltzer,High Noon,April 11,,,,,
5646,Joseph,Cocktail,Strong Zero,April 11,,,,,
5645,Hunter,Beer,,April 11,,,,,
5644,Hunter,Beer,Michelob Ultra,April 11,,,,,
5643,Liam,Beer,Michelob Ultra,April 11,,,,,
5642,Liam,Beer,Michelob Ultra,April 11,,,,,
5641,Hunter,Cocktail,Redbull Rum,April 11,,,,,
5640,Hunter,Shot,,April 11,,,,,
5639,Hunter,Shot,,April 11,,,,,
5638,Joseph,Beer,,April 11,,,,,
5637,Liam,Beer,,April 11,,,,,
5636,Liam,Beer,,April 11,,,,,
5635,Hunter,Beer,,April 11,,,,,
5634,Joseph,Cocktail,Rum and Coke,April 11,,,,,
5633,Miggy,Cocktail,Rum and Coke,April 11,,,,,
5632,Joseph,Beer,Tsingtato,April 11,,,,,
5631,Miggy,Beer,Tsingtato,April 11,,,,,
5630,Liam,Beer,,April 11,,,,,
5629,Miggy,Beer,Guinness,April 11,,,,,
5628,Joseph,Beer,Guinness,April 11,,,,,
5627,Hunter,Beer,,April 12,,,,,
5626,Hunter,Cocktail,,April 12,,,,,
5625,Hunter,Beer,Michelob Ultra,April 12,,,,,
5624,Hunter,Cocktail,,April 12,,,,,
5623,Hunter,Beer,,April 14,,,,,
5622,Hunter,Cocktail,,April 14,,,,,
5621,Hunter,Cocktail,,April 15,,,,,
5620,Cole,Shot,Fireball,April 15,,,,,
5619,Hunter,Beer,Guinness,April 16,BY MAXIM please review,,,,
5618,Cole,Shot,Fireball,April 16,,,,,
5617,Cole,Shot,Fireball,April 16,,,,,
5616,Cole,Cider,?,April 16,,,,,
5615,Cole,Cider,?,April 16,,,,,
5614,Hunter,Cocktail,?,April 16,,,,,
5613,Hunter,Beer,Michelob Ultra,April 16,,,,,
5612,Hunter,Beer,?,April 17,,,,,
5611,Hunter,Beer,?,April 17,,,,,
5610,Hunter,Beer,?,April 17,,,,,
5609,Joseph,Beer,?,April 17,,,,,
5608,Avi,Beer,Allagash,April 17,,,,,
5607,Joseph,Cocktail,?,April 17,,,,,
5606,Joseph,Beer,Corona,April 17,,,,,
5605,Hunter,Beer,Busch,April 17,,,,,
5604,Joseph,Cocktail,Red Bull Vodka,April 17,,,,,
5603,Miggy,Beer,Guiness,April 17,,,,,
5602,Joseph,Beer,Red Stripe,April 17,,,,,
5601,Marek,Shot,Jagermeister,April 18,,,,,
5600,Marek,Shot,?,April 18,,,,,
5599,Marek,Shot,?,April 18,,,,,
5598,Jacob,Shot,?,April 18,,,,,
5597,Jacob,Shot,?,April 18,,,,,
5596,Jacob,Shot,Ciroc,April 18,,,,,
5595,Miggy,Shot,Hennessy,April 18,,,,,
5594,Miggy,Shot,?,April 18,,,,,
5593,Miggy,Shot,?,April 18,,,,,
5592,Miggy,Beer,bitch cup,April 18,,,,,
5591,Cole,Cider,Bold Rock,April 18,,,,,
5590,Liam,Beer,?,April 18,,,,,
5589,Liam,Beer,Bud Light,April 18,,,,,
5588,Liam,Beer,Bud Light,April 18,,,,,
5587,Liam,Beer,Bud Light,April 18,,,,,
5586,Liam,Beer,Bud Light,April 18,,,,,
5585,Liam,Beer,Bud Light,April 18,,,,,
5584,Liam,Beer,Bud LIght,April 19,,,,,
5583,Kacper,Beer,Modelo,April 19,,,,,
5582,Lucas,Cocktail,Espresso Martini,April 19,,,,,
5581,Hunter,Beer,Corona,April 19,,,,,
5580,Lucas,Beer,Corona,April 19,,,,,
5579,Joseph,Beer,Corona,April 19,,,,,
5578,Lucas,Beer,Corona,April 19,,,,,
5577,Joseph,Beer,Corona,April 19,,,,,
5576,Hunter,Beer,Miller Lite,April 20,,,,,
5575,Hunter,Cocktail,Espresso Martini,April 20,,,,,
5574,Joseph,Beer,Corona,April 20,,,,,
5573,Lucas,Beer,Corona,April 20,,,,,
5572,Joseph,Beer,Corona,April 20,,,,,
5571,Hunter,Beer,Corona,April 20,,,,,
5570,Joseph,Other,Bitch cup,April 20,,,,,
5569,Hunter,Beer,Smirnoff Ice,April 20,,,,,
5568,Joseph,Beer,Corona,April 20,,,,,
5567,Lucas,Beer,?,April 20,,,,,
5566,Lucas,Cocktail,?,April 20,,,,,
5565,Joseph,Beer,Corona,April 20,,,,,
5564,Hunter,Beer,Corona,April 20,,,,,
5563,Lucas,Beer,Corona,April 20,,,,,
5562,Hunter,Beer,Corona,April 20,,,,,
5561,Joseph,Beer,Corona,April 20,,,,,
5560,Lucas,Cocktail,?,April 20,,,,,
5559,Joseph,Cocktail,?,April 20,,,,,
5558,Liam,Beer,?,April 21,,,,,
5557,Liam,Beer,Modelo,April 22,,,,,
5556,Jacob,Beer,Modelo,April 22,,,,,
5555,Jacob,Beer,Modelo,April 22,,,,,
5554,Liam,Beer,Modelo,April 22,,,,,
5553,Hunter,Beer,Michelob Ultra,April 23,,,,,
5552,Lucas,Cocktail,Mango Marg,April 23,,,,,
5551,Jacob,Other,June Shine,April 23,,,,,
5550,Liam,Beer,?,April 23,,,,,
5549,Liam,Beer,?,April 23,,,,,
5548,Liam,Beer,?,April 23,,,,,
5547,Liam,Beer,Guinness,April 23,,,,,
5546,Hunter,Beer,Guinness,April 24,,,,,
5545,Joseph,Beer,Bapple,April 24,,,,,
5544,Maxim,Beer,Bapple,April 24,,,,,
5543,Joseph,Beer,Bapple,April 24,,,,,
5542,Maxim,Beer,Bapple,April 24,,,,,
5541,Liam,Beer,,April 24,,,,,
5540,Joseph,Beer,Bapple,April 24,,,,,
5539,Maxim,Beer,Bapple,April 24,,,,,
5538,Joseph,Beer,Bapple,April 24,,,,,
5537,Maxim,Beer,Bapple,April 24,,,,,
5536,Liam,Beer,Bapple,April 24,,,,,
5535,Liam,Beer,Bapple,April 24,,,,,
5534,Liam,Beer,Bapple,April 24,,,,,
5533,Joseph,Cocktail,Cutwater,April 24,,,,,
5532,Maxim,Beer,Bapple,April 24,,,,,
5531,Maxim,Beer,Bapple,April 24,,,,,
5530,Joseph,Beer,Bapple,April 24,,,,,
5529,Joseph,Beer,Bapple,April 24,,,,,
5528,Liam,Beer,Bapple,April 24,,,,,
5527,Liam,Beer,Bapple,April 24,,,,,
5526,Jacob,Beer,Bapple,April 24,,,,,
5525,Jacob,Beer,Bapple,April 24,,,,,
5524,Miggy,Beer,Bapple,April 24,,,,,
5523,Liam,Beer,Bapple,April 24,,,,,
5522,Cole,Beer,Bold Rock,April 24,,,,,
5521,Cole,Shot,Fireball,April 24,,,,,
5520,Liam,Beer,Bapple,April 24,,,,,
5519,Joseph,Beer,Bapple,April 24,,,,,
5518,Maxim,Seltzer,Surfside,April 24,,,,,
5517,Miggy,Beer,Bapple,April 25,,,,,
5516,Liam,Beer,Bapple,April 25,,,,,
5515,Joseph,Beer,Bapple,April 25,,,,,
5514,Liam,Cocktail,Margarita,April 25,,,,,
5513,Joseph,Cocktail,Margarita,April 25,,,,,
5512,Liam,Cocktail,Margarita,April 25,,,,,
5511,Liam,Cocktail,Margarita,April 25,,,,,
5510,Cole,Cocktail,Margarita,April 25,,,,,
5509,Cole,Beer,Corona,April 25,,,,,
5508,Cole,Beer,?,April 25,,,,,
5507,Cole,Beer,Blue Moon Ale,April 25,,,,,
5506,Cole,Cocktail,?,April 25,,,,,
5505,Joseph,Cocktail,Margarita,April 25,,,,,
5504,Joseph,Cocktail,Margarita,April 25,,,,,
5503,Liam,Cocktail,Margarita,April 25,,,,,
5502,Liam,Cocktail,Margarita,April 25,,,,,
5501,Liam,Cocktail,Margarita,April 25,,,,,
5500,Maxim,Cocktail,Margarita,April 25,,,,,
5499,Joseph,Cocktail,Margarita,April 25,,,,,
5498,Liam,Cocktail,Margarita,April 25,,,,,
5497,Liam,Cocktail,Margarita,April 25,,,,,
5496,Liam,Cocktail,Margarita,April 25,,,,,
5495,Kacper,Beer,?,April 25,,,,,
5494,Jacob,Wine,Red,April 25,,,,,
5493,Maxim,Beer,Corona,April 25,,,,,
5492,Miggy,Beer,Guinness,April 25,,,,,
5491,Jacob,Cocktail,Margarita,April 25,,,,,
5490,Liam,Beer,Miller Lite,April 25,,,,,
5489,Maxim,Beer,Miller Lite,April 25,,,,,
5488,Joseph,Beer,Miller Lite,April 25,,,,,
5487,Miggy,Beer,Miller Lite,April 25,,,,,
5486,Joseph,Beer,Miller Lite,April 25,,,,,
5485,Miggy,Beer,Miller Lite,April 25,,,,,
5484,Miggy,Beer,Guinness,April 25,,,,,
5483,Miggy,Beer,Guinness,April 25,,,,,
5482,Miggy,Beer,Guinness,April 25,,,,,
5481,Joseph,Beer,Guinness,April 25,,,,,
5480,Jacob,Wine,White,April 26,,,,,
5479,Jacob,Cocktail,?,April 26,,,,,
5478,Jacob,Wine,Red,April 26,,,,,
5477,Lucas,Beer,Guinness,April 26,,,,,
5476,Lucas,Cocktail,?,April 26,,,,,
5475,Jacob,Wine,Red,April 26,,,,,
5474,Jacob,Cocktail,?,April 26,,,,,
5473,Avi,Beer,?,April 26,,,,,
5472,Maxim,Cider,Golden State Cider,April 27,,,,,
5471,Cole,Cocktail,?,April 28,,,,,
5470,Liam,Beer,?,April 28,,,,,
5469,Liam,Beer,?,April 28,,,,,
5468,Jacob,Cocktail,?,April 30,,,,,
5467,Jacob,Cocktail,?,April 30,,,,,
5466,Jacob,Cocktail,?,April 30,,,,,
5465,Liam,Beer,?,April 30,,,,,
5464,Hunter,Cocktail,?,May 1,,,,,
5463,Hunter,Cocktail,?,May 1,,,,,
5462,Maxim,Shot,Jello shot,May 1,,,,,
5461,Cole,Cocktail,?,May 1,,,,,
5460,Hunter,Cocktail,?,May 1,,,,,
5459,Maxim,Shot,Hennessy,May 1,,,,,
5458,Hunter,Beer,Guinness,May 1,,,,,
5457,Hunter,Shot,?,May 1,,,,,
5456,Joseph,Beer,Bapple,May 2,,,,,
5455,Joseph,Beer,Bapple,May 2,,,,,
5454,Joseph,Beer,Bapple,May 2,,,,,
5453,Hunter,Cocktail,?,May 2,,,,,
5452,Joseph,Beer,Bapple,May 2,,,,,
5451,Joseph,Beer,Bapple,May 2,,,,,
5450,Joseph,Beer,Bapple,May 2,,,,,
5449,Miggy,Beer,?,May 2,,,,,
5448,Miggy,Beer,?,May 2,,,,,
5447,Joseph,Beer,Bapple,May 2,,,,,
5446,Hunter,Wine,White,May 2,,,,,
5445,Joseph,Beer,Bapple,May 2,,,,,
5444,Hunter,Seltzer,High Noon,May 2,,,,,
5443,Hunter,Cocktail,?,May 2,,,,,
5442,Hunter,Cocktail,?,May 2,,,,,
5441,Hunter,Cocktail,?,May 2,,,,,
5440,Hunter,Cocktail,?,May 2,,,,,
5439,Marek,Cocktail,Espresso Martini,May 2,,,,,
5438,Hunter,Cocktail,?,May 2,,,,,
5437,Jacob,Cocktail,?,May 3,,,,,
5436,Jacob,Cocktail,?,May 3,,,,,
5435,Jacob,Shot,?,May 3,,,,,
5434,Jacob,Shot,?,May 3,,,,,
5433,Jacob,Cocktail,?,May 3,,,,,
5432,Lucas,Beer,Bud Light,May 3,,,,,
5431,Avi,Beer,Guinness,May 3,,,,,
5430,Lucas,Beer,Bapple,May 5,,,,,
5429,Lucas,Beer,Bapple,May 5,,,,,
5428,Lucas,Beer,Bapple,May 5,,,,,
5427,Joseph,Beer,Bapple,May 5,,,,,
5426,Joseph,Beer,Bapple,May 5,,,,,
5425,Hunter,Cocktail,?,May 5,,,,,
5424,Hunter,Cocktail,?,May 5,,,,,
5423,Hunter,Cocktail,?,May 5,,,,,
5422,Hunter,Beer,Downeast,May 5,,,,,
5421,Maxim,Wine,White,May 6,,,,,
5420,Joseph,Beer,?,May 6,,,,,
5419,Marek,Beer,Terra,May 6,,,,,
5418,Hunter,Beer,Guinness,May 6,,,,,
5417,Hunter,Cocktail,?,May 6,,,,,
5416,Jacob,Beer,Corona,May 7,,,,,
5415,Jacob,Beer,Corona,May 7,,,,,
5414,Miggy,Beer,?,May 7,,,,,
5413,Hunter,Beer,Corona,May 8,,,,,
5412,Cole,Beer,?,May 8,,,,,
5411,Cole,Beer,Downeast,May 8,,,,,
5410,Hunter,Beer,Coors Light,May 8,,,,,
5409,Miggy,Cider,Angry Orchard,May 8,,,,,
5408,Hunter,Beer,Coors Light,May 8,,,,,
5407,Hunter,Beer,Coors Light,May 8,,,,,
5406,Marek,Beer,?,May 9,,,,,
5405,Marek,Beer,?,May 9,"""5508""",,,,
5404,Hunter,Beer,Natural Light,May 9,,,,,
5403,Hunter,Beer,Natural Light,May 9,,,,,
5402,Jacob,Shot,Sazerac,May 9,,,,,
5401,Jacob,Cocktail,Martini,May 9,,,,,
5400,Miggy,Shot,Whiskey,May 9,,,,,
5399,Miggy,Shot,Whiskey,May 9,,,,,
5398,Hunter,Beer,Heineken,May 9,,,,,
5397,Liam,Beer,?,May 9,,,,,
5396,Liam,Beer,?,May 9,"""5550""",,,,
5395,Joseph,Beer,Corona,May 9,,,,,
5394,Joseph,Beer,Corona,May 9,,,,,
5393,Joseph,Beer,Bapple,May 9,,,,,
5392,Hunter,Beer,Bapple,May 9,,,,,
5391,Joseph,Beer,Bapple,May 9,,,,,
5390,Joseph,Beer,Long Drink,May 9,5494,,,,
5389,Joseph,Beer,Bapple,May 9,5493,,,,
5388,Joseph,Cocktail,?,May 9,5492,,,,
5387,Hunter,Cocktail,?,May 9,5491,,,,
5386,Joseph,Shot,?,May 9,5490,,,,
5385,Joseph,Cocktail,?,May 9,5489,,,,
5384,Hunter,Cocktail,?,May 9,5488,,,,
5383,Joseph,Cocktail,?,May 9,5487,,,,
5382,Hunter,Cocktail,?,May 9,5486,,,,
5381,Hunter,Beer,Michelob Ultra,May 9,5485,,,,
5380,Joseph,Beer,Michelob Ultra,May 9,5484,,,,
5379,Maxim,Beer,2M,May 10,5483,,,,
5378,Marek,Wine,Red,May 10,5482,,,,
5377,Maxim,Beer,2M,May 11,5481,,,,
5376,Maxim,Beer,2M,May 11,,,,,
5375,Joseph,Beer,Wachusett Blueberry Ale,May 11,,,,,
5374,Joseph,Beer,Wachusett Blueberry Ale,May 11,,,,,
5373,Joseph,Beer,Allagash,May 11,,,,,
5372,Joseph,Beer,Allagash,May 11,,,,,
5371,Maxim,Wine,Red,May 12,,,,,
5370,Hunter,Seltzer,High Noon,May 12,,,,,
5369,Joseph,Beer,Wachusett Blueberry Ale,May 12,,,,,
5368,Joseph,Beer,Wachusett Blueberry Ale,May 12,,,,,
5367,Joseph,Seltzer,High Noon,May 12,,,,,
5366,Joseph,Beer,Coors Lite,May 12,,,,,
5365,Joseph,Beer,Coors Lite,May 12,,,,,
5364,Hunter,Cocktail,Long Island,May 12,,,,,
5363,Hunter,Cocktail,?,May 12,,,,,
5362,Lucas,Cocktail,?,May 12,,,,,
5361,Lucas,Beer,?,May 12,,,,,
5360,Liam,Wine,Red,May 12,,,,,
5359,Joseph,Seltzer,High Noon,May 12,,,,,
5358,Hunter,Beer,?,May 13,,,,,
5357,Hunter,Shot,Whisky,May 13,,,,,
5356,Hunter,Beer,Asahi,May 13,,,,,
5355,Jacob,Cocktail,?,May 13,,,,,
5354,Jacob,Cocktail,?,May 13,,,,,
5353,Joseph,Beer,Corona,May 13,,,,,
5352,Joseph,Beer,Corona,May 13,,,,,
5351,Hunter,Seltzer,Surfside,May 13,,,,,
5350,Lucas,Beer,?,May 13,,,,,
5349,Lucas,Cocktail,?,May 13,,,,,
5348,Lucas,Beer,?,May 13,,,,,
5347,Lucas,Cocktail,Espresso Martini,May 13,,,,,
5346,Miggy,Shot,Jello Shot,May 15,,,,,
5345,Miggy,Shot,Vodka,May 15,,,,,
5344,Miggy,Shot,Vodka,May 15,,,,,
5343,Miggy,Cocktail,Negroni,May 15,,,,,
5342,Miggy,Cocktail,Rum and Coke,May 15,,,,,
5341,Miggy,Wine,Champagne,May 15,,,,,
5340,Miggy,Cocktail,Perroni,May 15,,,,,
5339,Miggy,Shot,Macallan 20,May 15,,,,,
5338,Miggy,Cocktail,Rum and Coke,May 15,,,,,
5337,Miggy,Cocktail,?,May 15,,,,,
5336,Miggy,Cocktail,Negroni,May 15,,,,,
5335,Miggy,Cocktail,Rum and Coke,May 15,,,,,
5334,Miggy,Shot,Jello Shot,May 15,,,,,
5333,Miggy,Shot,?,May 15,,,,,
5332,Miggy,Beer,Guinness,May 15,,,,,
5331,Miggy,Beer,Peroni,May 15,,,,,
5330,Miggy,Beer,Peroni,May 15,,,,,
5329,Miggy,Beer,Peroni,May 15,,,,,
5328,Miggy,Beer,Peroni,May 15,,,,,
5327,Miggy,Beer,Peroni,May 15,,,,,
5326,Jacob,Wine,Red,May 15,,,,,
5325,Joseph,Wine,Red,May 15,,,,,
5324,Jacob,Cocktail,Cutwater,May 15,,,,,
5323,Joseph,Cocktail,Cutwater,May 15,,,,,
5322,Cole,Cocktail,Rum and Coke,May 15,,,,,
5321,Jacob,Shot,Whisky,May 15,,,,,
5320,Joseph,Shot,Whisky,May 15,,,,,
5319,Marek,Beer,Sapparo,May 15,,,,,
5318,Hunter,Wine,Red,May 15,,,,,
5317,Jacob,Wine,Red,May 15,,,,,
5316,Joseph,Wine,Red,May 15,,,,,
5315,Hunter,Cider,?,May 15,,,,,
5314,Jacob,Cocktail,?,May 15,,,,,
5313,Joseph,Cocktail,?,May 15,,,,,
5312,Joseph,Cocktail,?,May 15,,,,,
5311,Jacob,Cocktail,Cutwater,May 15,,,,,
5310,Jacob,Cocktail,?,May 15,,,,,
5309,Joseph,Cocktail,?,May 15,"""5406""",,,,
5308,Cole,Shot,Vodka,May 15,,,,,
5307,Jacob,Shot,Vodka,May 15,,,,,
5306,Cole,Cocktail,?,May 15,,,,,
5305,Cole,Cocktail,?,May 15,,,,,
5304,Avi,Beer,Sapporo,May 15,,,,,
5303,Marek,Beer,Sapporo,May 15,5397,,,,
5302,Cole,Cocktail,Cutwater,May 15,5394,,,,
5301,Maxim,Cocktail,Long Island,May 16,5393,,,,
5300,Maxim,Beer,2M,May 16,5392,,,,
5299,Maxim,Beer,Txilar,May 16,5391,,,,
5298,Maxim,Beer,Castle,May 16,5390,,,,
5297,Jacob,Beer,Corona,May 16,5389,,,,
5296,Joseph,Beer,Wachusett Blueberry Ale,May 16,5388,,,,
5295,Joseph,Beer,Wachusett Blueberry Ale,May 16,5387,,,,
5294,Joseph,Beer,Wachusett Blueberry Ale,May 16,5386,,,,
5293,Joseph,Beer,Corona,May 16,5385,,,,
5292,Kacper,Beer,Modelo,May 16,5384,,,,
5291,Kacper,Cocktail,?,May 16,5383,,,,
5290,Joseph,Wine,Red,May 17,5382,,,,
5289,Joseph,Beer,IPA,May 17,5381,,,,
5288,Joseph,Beer,Red Stripe,May 17,5383,,,,
5287,Hunter,Beer,Red Stripe,May 17,5382,,,,
5286,Jacob,Beer,Red Stripe,May 17,5381,,,,
5285,Joseph,Beer,Bapple,May 17,5380,,,,
5284,Joseph,Wine,Red,May 17,5379,,,,
5283,Hunter,Beer,Michelob Ultra,May 18,5378,,,,
5282,Liam,Beer,Guinness,May 18,5377,,,,
5281,Hunter,Cider,?,May 18,5376,,,,
5280,Hunter,Beer,Bapple,May 18,5375,,,,
5279,Joseph,Cocktail,?,May 18,5374,,,,
5278,Lucas,Cocktail,?,May 18,5373,,,,
5277,Hunter,Cocktail,?,May 18,5372,,,,
5276,Hunter,Cocktail,?,May 18,5371,,,,
5275,Hunter,Cocktail,?,May 18,5370,,,,
5274,Hunter,Cocktail,?,May 18,5369,,,,
5273,Joseph,Cocktail,?,May 18,5368,,,,
5272,Hunter,Beer,Sapparo,May 18,5367,,,,
5271,Lucas,Cocktail,?,May 18,5366,,,,
5270,Hunter,Beer,Michelob Ultra,May 19,5365,,,,
5269,Lucas,Beer,Michelob Ultra,May 19,5364,,,,
5268,Miggy,Cocktail,Espresso Martini,May 19,5363,,,,
5267,Jacob,Cocktail,Espresso Martini,May 19,5362,,,,
5266,Miggy,Cocktail,Espresso Martini,May 19,5361,,,,
5265,Jacob,Cocktail,Espresso Martini,May 19,5360,,,,
5264,Miggy,Cocktail,Espresso Martini,May 19,5359,,,,
5263,Jacob,Cocktail,Espresso Martini,May 19,5358,,,,
5262,Liam,Beer,?,May 20,5357,,,,
5261,Marek,Beer,Michelob Ultra,May 20,5355,,,,
5260,Avi,Beer,Michelob Ultra,May 20,5354,,,,
5259,Joseph,Cocktail,Tequila,May 21,5353,,,,
5258,Joseph,Beer,Modelo,May 21,5352,,,,
5257,Joseph,Beer,Modelo,May 21,5351,,,,
5256,Joseph,Beer,Modelo,May 21,5350,,,,
5255,Avi,Shot,Vodka,May 21,5349,,,,
5254,Marek,Beer,Michelob Ultra,May 21,5348,,,,
5253,Maxim,Beer,Michelob Ultra,May 21,5347,,,,
5252,Avi,Shot,Vodka,May 21,5346,,,,
5251,Avi,Shot,Vodka,May 21,5345,,,,
5250,Cole,Seltzer,Surfside,May 21,5344,,,,
5249,Cole,Seltzer,Surfside,May 21,5343,,,,
5248,Cole,Seltzer,Surfside,May 21,5342,,,,
5247,Avi,Shot,Vodka,May 21,5341,,,,
5246,Avi,Beer,Michelob Ultra,May 21,5340,,,,
5245,Marek,Shot,Vodka,May 21,5339,,,,
5244,Marek,Shot,Vodka,May 21,5338,,,,
5243,Joseph,Beer,Modelo,May 21,5337,,,,
5242,Marek,Beer,Michelob Ultra,May 21,5336,,,,
5241,Maxim,Beer,Michelob Ultra,May 21,5335,,,,
5240,Joseph,Beer,?,May 21,5334,,,,
5239,Avi,Beer,?,May 21,5333,,,,
5238,Joseph,Beer,?,May 21,5332,,,,
5237,Marek,Beer,?,May 21,5331,,,,
5236,Maxim,Beer,?,May 21,5330,,,,
5235,Joseph,Beer,?,May 21,5329,,,,
5234,Avi,Beer,?,May 21,5328,,,,
5233,Marek,Beer,?,May 21,5327,,,,
5232,Joseph,Shot,?,May 21,5326,,,,
5231,Avi,Shot,?,May 21,5325,,,,
5230,Joseph,Beer,?,May 21,5324,,,,
5229,Joseph,Beer,Modelo,May 21,5323,,,,
5228,Hunter,Beer,Bapple,May 22,5322,,,,
5227,Joseph,Cider,?,May 22,5320,,,,
5226,Joseph,Cider,?,May 22,5319,,,,
5225,Hunter,Beer,Guinness,May 22,5318,,,,
5224,Owen,Beer,?,May 22,5317,,,,
5223,Miggy,Beer,?,May 22,5316,,,,
5222,Hunter,Beer,?,May 22,5315,,,,
5221,Liam,Beer,?,May 22,5314,,,,
5220,Owen,Beer,Modelo,May 22,5313,,,,
5219,Kacper,Beer,Modelo,May 22,5312,,,,
5218,Hunter,Beer,IPA,May 22,5311,,,,
5217,Miggy,Beer,IPA,May 22,5310,,,,
5216,Liam,Beer,Bapple,May 22,5309,,,,
5215,Kacper,Beer,Modelo,May 22,5308,,,,
5214,Liam,Beer,Bapple,May 22,5307,,,,
5213,Owen,Beer,Corona,May 22,5306,,,,
5212,Kacper,Other,Twisted Tea,May 22,5305,,,,
5211,Jacob,Beer,Bapple,May 22,5304,,,,
5210,Joseph,Beer,Bapple,May 22,5303,,,,
5209,Liam,Beer,Bapple,May 22,5302,,,,
5208,Maxim,Beer,Bapple,May 22,5301,,,,
5207,Avi,Beer,Bapple,May 22,5300,,,,
5206,Avi,Beer,Bapple,May 22,5299,,,,
5205,Kacper,Beer,Bapple,May 22,5298,,,,
5204,Joseph,Beer,Bapple,May 22,5297,,,,
5203,Cole,Beer,Bapple,May 22,5296,,,,
5202,Owen,Shot,Fireball,May 22,5295,,,,
5201,Cole,Shot,Fireball,May 22,5294,,,,
5200,Jacob,Shot,Fireball,May 22,5293,,,,
5199,Kacper,Shot,Fireball,May 22,5292,,,,
5198,Liam,Cocktail,Whisky Ginger,May 22,5291,,,,
5197,Joseph,Beer,Bapple,May 22,5290,,,,
5196,Avi,Beer,Michelob Ultra,May 22,5289,,,,
5195,Maxim,Beer,Bapple,May 22,5288,,,,
5194,Joseph,Beer,Modelo,May 22,5287,,,,
5193,Hunter,Beer,Michelob Ultra,May 22,5286,,,,
5192,Kacper,Beer,Bapple,May 22,5285,,,,
5191,Marek,Beer,Bapple,May 22,5284,,,,
5190,Joseph,Beer,Modelo,May 22,5283,,,,
5189,Maxim,Beer,Bapple,May 22,5282,,,,
5188,Cole,Beer,Bapple,May 22,5281,,,,
5187,Owen,Beer,Bapple,May 22,5280,,,,
5186,Hunter,Beer,Michelob Ultra,May 22,5279,,,,
5185,Avi,Other,Twisted Tea,May 22,5278,,,,
5184,Cole,Beer,?,May 22,5277,,,,
5183,Jacob,Beer,?,May 22,5276,,,,
5182,Miggy,Shot,Fireball,May 22,5275,,,,
5181,Marek,Shot,Fireball,May 22,5274,,,,
5180,Owen,Beer,?,May 22,5273,,,,
5179,Maxim,Beer,Bapple,May 22,5272,,,,
5178,Liam,Beer,Bapple,May 22,5271,,,,
5177,Kacper,Shot,Fireball,May 22,5270,,,,
5176,Joseph,Beer,Bapple,May 22,5269,,,,
5175,Hunter,Beer,Bapple,May 22,5268,,,,
5174,Avi,Beer,?,May 22,5267,,,,
5173,Joseph,Beer,Budweiser,May 22,5266,,,,
5172,Maxim,Beer,Corona,May 22,5265,,,,
5171,Jacob,Beer,Bapple,May 22,5264,,,,
5170,Marek,Beer,Bapple,May 22,5263,,,,
5169,Avi,Beer,Bapple,May 22,5262,,,,
5168,Cole,Beer,Bapple,May 22,5261,,,,
5167,Miggy,Beer,Bapple,May 22,5260,,,,
5166,Joseph,Beer,Bapple,May 23,5259,,,,
5165,Liam,Beer,Bapple,May 23,5258,,,,
5164,Joseph,Beer,Bapple,May 23,5257,,,,
5163,Hunter,Beer,Busch,May 23,5256,,,,
5162,Miggy,Other,Whisky,May 23,5255,,,,
5161,Jacob,Other,Whisky,May 23,5254,,,,
5160,Hunter,Other,Whisky,May 23,5253,,,,
5159,Joseph,Other,Whisky,May 23,5252,,,,
5158,Owen,Shot,Whisky,May 23,5251,,,,
5157,Owen,Beer,Budweiser,May 23,5250,,,,
5156,Hunter,Beer,Busch,May 23,5249,,,,
5155,Avi,Beer,Busch,May 23,5248,,,,
5154,Joseph,Beer,Busch,May 23,5247,,,,
5153,Miggy,Beer,Busch,May 23,5246,,,,
5152,Jacob,Beer,Bapple,May 23,5245,,,,
5151,Kacper,Beer,Busch,May 23,5244,,,,
5150,Hunter,Beer,Modelo,May 23,5243,,,,
5149,Marek,Beer,Busch,May 23,5242,,,,
5148,Joseph,Beer,Bapple,May 23,5241,,,,
5147,Cole,Beer,Bapple,May 23,5240,,,,
5146,Miggy,Beer,Busch,May 23,5239,,,,
5145,Hunter,Beer,Busch,May 23,5238,,,,
5144,Marek,Beer,Busch,May 23,5237,,,,
5143,Jacob,Beer,Busch,May 23,5236,,,,
5142,Miggy,Beer,Busch,May 23,5235,,,,
5141,Jacob,Beer,Busch,May 23,5234,,,,
5140,Marek,Beer,Busch,May 23,5233,,,,
5139,Kacper,Beer,Bapple,May 23,5232,,,,
5138,Joseph,Beer,Modelo,May 23,5231,,,,
5137,Kacper,Beer,Busch,May 23,5230,,,,
5136,Liam,Beer,Busch,May 23,5229,,,,
5135,Miggy,Beer,Busch,May 23,5228,,,,
5134,Hunter,Beer,Busch,May 23,5227,,,,
5133,Joseph,Beer,Busch,May 23,5226,,,,
5132,Owen,Beer,Busch,May 23,5225,,,,
5131,Avi,Beer,Busch,May 23,5224,,,,
5130,Hunter,Beer,Busch,May 23,5223,,,,
5129,Joseph,Beer,Busch,May 23,5222,,,,
5128,Kacper,Beer,Busch,May 23,5221,,,,
5127,Liam,Beer,Bapple,May 23,5220,,,,
5126,Maxim,Beer,Bapple,May 23,5219,,,,
5125,Owen,Beer,Modelo,May 23,5218,,,,
5124,Marek,Beer,Busch,May 23,5217,,,,
5123,Miggy,Beer,Busch,May 23,5216,,,,
5122,Jacob,Beer,Busch,May 23,5215,,,,
5121,Cole,Beer,Bapple,May 23,5214,,,,
5120,Kacper,Other,?,May 23,5213,,,,
5119,Cole,Beer,?,May 23,5212,,,,
5118,Miggy,Beer,Busch,May 23,5211,,,,
5117,Joseph,Beer,Corona,May 23,5210,,,,
5116,Avi,Beer,Corona,May 23,5209,,,,
5115,Marek,Beer,Busch,May 23,,,,,
5114,Cole,Shot,Malibu,May 23,5186,,,,
5113,Avi,Beer,Busch,May 23,,,,,
5112,Joseph,Beer,Busch,May 23,,,,,
5111,Miggy,Cocktail,?,May 23,,,,,
5110,Avi,Cocktail,?,May 23,,,,,
5109,Cole,Cocktail,?,May 23,,,,,
5108,Joseph,Cocktail,?,May 23,,,,,
5107,Kacper,Beer,Corona,May 23,,,,,
5106,Joseph,Beer,Bapple,May 23,5177,,,,
5105,Marek,Beer,Modelo,May 23,,,,,
5104,Kacper,Beer,Modelo,May 23,5175,,,,
5103,Cole,Cocktail,Buzzball,May 23,5174,,,,
5102,Owen,Beer,?,May 23,5173,,,,
5101,Cole,Beer,?,May 23,5172,,,,
5100,Joseph,Beer,?,May 23,5171,,,,
5099,Hunter,Other,Twisted Tea,May 23,5170,,,,
5098,Avi,Beer,?,May 23,5169,,,,
5097,Avi,Other,Twisted Tea,May 24,5168,boat group pic,,,
5096,Maxim,Other,Twisted Tea,May 24,5167,boat group pic,,,
5095,Cole,Beer,Busch,May 24,5166,boat group pic,,,
5094,Hunter,Other,Twisted Tea,May 24,5165,boat group pic,,,
5093,Marek,Other,Twisted Tea,May 24,5164,boat group pic,,,
5092,Liam,Other,Twisted Tea,May 24,5163,boat group pic,,,
5091,Owen,Other,Twisted Tea,May 24,5162,boat group pic,,,
5090,Joseph,Beer,Modelo,May 24,5161,,,,
5089,Joseph,Beer,Modelo,May 24,5160,,,,
5088,Cole,Beer,Bapple,May 24,5159,boat,,,
5087,Kacper,Beer,Busch,May 24,5158,boat,,,
5086,Hunter,Beer,Bapple,May 24,5157,tubing,,,
5085,Marek,Beer,Bapple,May 24,5156,tubing,,,
5084,Avi,Beer,Busch,May 24,5155,solo,,,
5083,Owen,Beer,Modelo,May 24,5154,everyone boat,,,
5082,Marek,Beer,Bapple,May 24,5153,everyone boat,,,
5081,Hunter,Beer,Michelob Ultra,May 24,5152,everyone boat,,,
5080,Hunter,Beer,Bapple,May 24,5151,everyone boat,,,
5079,Cole,Beer,?,May 24,5150,everyone boat,,,
5078,Jacob,Beer,Modelo,May 24,5149,everyone boat,,,
5077,Miggy,Beer,Busch,May 24,5148,everyone boat,,,
5076,Marek,Beer,Modelo,May 24,5147,everyone boat,,,
5075,Owen,Beer,Modelo,May 24,5146,everyone boat,,,
5074,Maxim,Beer,Bapple,May 24,5145,everyone boat,,,
5073,Liam,Beer,Modelo,May 24,5144,everyone boat,,,
5072,Kacper,Beer,Modelo,May 24,5143,everyone boat,,,
5071,Joseph,Beer,Modelo,May 24,5142,everyone boat,,,
5070,Avi,Beer,Modelo,May 24,5141,everyone boat,,,
5069,Hunter,Beer,Modelo,May 24,5140,everyone boat,,,
5068,Kacper,Cocktail,?,May 24,5139,lunch,,,
5067,Kacper,Shot,Fireball,May 24,5138,lunch,,,
5066,Hunter,Cocktail,?,May 24,5137,lunch,,,
5065,Hunter,Cocktail,?,May 24,5136,lunch,,,
5064,Marek,Cocktail,?,May 24,5135,lunch,,,
5063,Marek,Cocktail,?,May 24,5134,lunch,,,
5062,Owen,Beer,Modelo,May 24,5133,boat post lunch,,,
5061,Joseph,Beer,Modelo,May 24,5132,boat post lunch,,,
5060,Liam,Beer,Modelo,May 24,5131,boat post lunch,,,
5059,Hunter,Beer,Busch,May 24,5130,boat post lunch,,,
5058,Lucas,Beer,Guinness,May 24,5129,,,,
5057,Liam,Beer,Busch,May 24,5128,,,,
5056,Hunter,Beer,Modelo,May 24,5127,,,,
5055,Kacper,Shot,Whisky,May 24,5126,,,,
5054,Kacper,Beer,Bapple,May 24,5125,,,,
5053,Jacob,Shot,Fireball,May 24,5124,grill,,,
5052,Cole,Shot,Fireball,May 24,5123,grill,,,
5051,Owen,Shot,Fireball,May 24,5122,grill,,,
5050,Liam,Beer,?,May 24,5121,grill no photo,,,
5049,Avi,Beer,?,May 24,5120,grill no photo,,,
5048,Hunter,Beer,?,May 24,5119,grill no photo,,,
5047,Maxim,Beer,?,May 24,5118,grill no photo,,,
5046,Marek,Beer,?,May 24,5117,grill no photo,,,
5045,Cole,Beer,?,May 24,5116,grill no photo,,,
5044,Cole,Beer,Bapple,May 24,5115,hinge,,,
5043,Jacob,Beer,Bapple,May 24,5114,hinge,,,
5042,Owen,Beer,Budweiser,May 24,5113,hinge,,,
5041,Marek,Beer,Modelo,May 24,5112,hinge,,,
5040,Joseph,Beer,Bapple,May 24,5111,hinge,,,
5039,Hunter,Beer,Bapple,May 24,5110,hinge,,,
5038,Liam,Beer,Bapple,May 24,5109,,,,
5037,Kacper,Beer,Corona,May 24,5108,JACOB REVEALS JUMP,,,
5036,Jacob,Shot,Fireball,May 24,5011,,,,
5035,Owen,Beer,Corona,May 24,5010,,,,
5034,Hunter,Beer,Modelo,May 24,5009,,,,
5033,Jacob,Shot,Whisky,May 24,5008,countdown,,,
5032,Owen,Shot,Whisky,May 24,5007,countdown,,,
5031,Hunter,Shot,Whisky,May 24,5006,countdown,,,
5030,Kacper,Shot,Whisky,May 24,5004,countdown,,,
5029,Maxim,Shot,Whisky,May 24,5004,countdown,,,
5028,Joseph,Shot,Whisky,May 24,5004,countdown,,,
5027,Marek,Shot,Whisky,May 24,5002,countdown,,,
5026,Cole,Shot,Whisky,May 24,5001,countdown,,,
5025,Liam,Shot,Whisky,May 24,5000,countdown,,,
5024,Joseph,Beer,Bapple,May 24,,car ride to bar,,,
5023,Owen,Beer,Bapple,May 24,,car ride to bar,,,
5022,Maxim,Beer,Bapple,May 24,,car ride to bar,,,
5021,Lucas,Beer,Coors Light,May 24,,,,,
5020,Joseph,Cocktail,?,May 24,,bar,,,
5019,Liam,Cocktail,?,May 24,,bar,,,
5018,Cole,Cocktail,?,May 24,,bar,,,
5017,Lucas,Cocktail,?,May 24,,,,,
5016,Lucas,Beer,Bud Light,May 24,,,,,
5015,Lucas,Beer,Corona,May 24,,,,,
5014,Marek,Wine,White Wine,May 25,,airport,,,
5013,Hunter,Beer,Modelo Especial,May 25,,,,,
5012,Lucas,Cocktail,?,May 25,,,,,
5011,Joseph,Cider,Downeast,May 25,,,,,
5010,Liam,Other,Twisted Tea,May 25,,,,,
5009,Joseph,Cider,Downeast,May 25,,,,,
5008,Owen,Cocktail,?,May 25,,,,,
5007,Owen,Beer,Coors Light,May 27,,,,,
5006,Joseph,Beer,Allagash,May 27,,,,,
5005,Hunter,Beer,Guinness,May 27,,,,,
5004,Avi,Cider,Blueberry Cider,May 27,,,,,
5003,Owen,Cider,Blueberry Cider,May 27,,,,,
5002,Miggy,Cocktail,Frozen Yuzu,May 27,,,,,
5001,Lucas,Beer,Wachusett Blueberry Ale,May 27,,,,,
5000,Lucas,Beer,Corona Light,May 27,,,,,