INFO:     Started server process [78420]
INFO:     Waiting for application startup.
INFO:     Application startup complete.
INFO:     Uvicorn running on http://0.0.0.0:8000 (Press CTRL+C to quit)
INFO:     127.0.0.1:50264 - "GET /leaderboard/stream HTTP/1.1" 200 OK
INFO:     127.0.0.1:50415 - "GET /ui/leaderboard.html HTTP/1.1" 304 Not Modified
INFO:     127.0.0.1:50415 - "GET /leaderboard/stream HTTP/1.1" 200 OK
INFO:     127.0.0.1:50419 - "GET /ui/messages.html HTTP/1.1" 200 OK
INFO:     127.0.0.1:50419 - "GET /messages?limit=100&offset=0&show_reactions=false HTTP/1.1" 200 OK
INFO:     127.0.0.1:50419 - "GET /attachment/231474 HTTP/1.1" 200 OK
INFO:     127.0.0.1:50424 - "GET /attachment/231504 HTTP/1.1" 200 OK
INFO:     127.0.0.1:50423 - "GET /attachment/231501 HTTP/1.1" 200 OK
INFO:     127.0.0.1:50425 - "GET /attachment/231515 HTTP/1.1" 200 OK
INFO:     127.0.0.1:50424 - "GET /attachment/231520 HTTP/1.1" 200 OK
INFO:     127.0.0.1:50423 - "GET /attachment/231632 HTTP/1.1" 200 OK
INFO:     127.0.0.1:50419 - "GET /attachment/231530 HTTP/1.1" 200 OK
INFO:     127.0.0.1:50425 - "GET /attachment/231557 HTTP/1.1" 200 OK
INFO:     127.0.0.1:50424 - "GET /attachment/231523 HTTP/1.1" 200 OK
INFO:     127.0.0.1:50423 - "GET /attachment/231527 HTTP/1.1" 200 OK
INFO:     127.0.0.1:50419 - "GET /attachment/231631 HTTP/1.1" 200 OK
INFO:     127.0.0.1:50423 - "GET /attachment/231394 HTTP/1.1" 206 Partial Content
INFO:     127.0.0.1:50419 - "GET /attachment/231394 HTTP/1.1" 206 Partial Content
INFO:     127.0.0.1:50419 - "GET /attachment/231394 HTTP/1.1" 206 Partial Content
INFO:     2607:fb90:6881:1b92:8d8b:d17c:c473:2356:0 - "GET / HTTP/1.1" 404 Not Found
INFO:     2607:fb90:6881:1b92:8d8b:d17c:c473:2356:0 - "GET /favicon.ico HTTP/1.1" 404 Not Found
INFO:     2607:fb90:6881:1b92:8d8b:d17c:c473:2356:0 - "GET /ui/leaderboard.html HTTP/1.1" 200 OK
INFO:     2607:fb90:6881:1b92:8d8b:d17c:c473:2356:0 - "GET /ui/leaderboard.html HTTP/1.1" 304 Not Modified
INFO:     127.0.0.1:50538 - "GET /leaderboard/stream HTTP/1.1" 200 OK
INFO:     2607:fb90:6881:1b92:8d8b:d17c:c473:2356:0 - "GET /ui/leaderboard.html HTTP/1.1" 304 Not Modified
INFO:     127.0.0.1:50550 - "GET /leaderboard/stream HTTP/1.1" 200 OK
INFO:     2607:fb90:6881:1b92:8d8b:d17c:c473:2356:0 - "GET /ui/leaderboard.html HTTP/1.1" 304 Not Modified
INFO:     127.0.0.1:50557 - "GET /leaderboard/stream HTTP/1.1" 200 OK
INFO:     2607:fb90:6881:1b92:8d8b:d17c:c473:2356:0 - "GET /ui/leaderboard.html HTTP/1.1" 200 OK
ERROR:    ASGI callable returned without completing response.
ERROR:    ASGI callable returned without completing response.
ERROR:    ASGI callable returned without completing response.
INFO:     Shutting down
INFO:     Waiting for application shutdown.
INFO:     Application shutdown complete.
INFO:     Finished server process [78420]
INFO:     Started server process [80846]
INFO:     Waiting for application startup.
INFO:     Application startup complete.
INFO:     Uvicorn running on http://0.0.0.0:8000 (Press CTRL+C to quit)
INFO:     127.0.0.1:50619 - "GET /leaderboard/stream HTTP/1.1" 200 OK
INFO:     127.0.0.1:50620 - "GET /leaderboard/stream HTTP/1.1" 200 OK
INFO:     127.0.0.1:50633 - "GET /leaderboard/stream HTTP/1.1" 200 OK
INFO:     2607:fb90:6881:1b92:8d8b:d17c:c473:2356:0 - "GET /ui/leaderboard.html HTTP/1.1" 200 OK
INFO:     2607:fb90:6881:1b92:8d8b:d17c:c473:2356:0 - "GET /leaderboard/stream HTTP/1.1" 200 OK
INFO:     2607:fb90:6881:1b92:8d8b:d17c:c473:2356:0 - "GET /leaderboard/stream HTTP/1.1" 200 OK
INFO:     2607:fb90:6881:1b92:8d8b:d17c:c473:2356:0 - "GET /leaderboard/stream HTTP/1.1" 200 OK
INFO:     2607:fb90:6881:1b92:8d8b:d17c:c473:2356:0 - "GET /ui/leaderboard.html HTTP/1.1" 304 Not Modified
INFO:     2607:fb90:6881:1b92:8d8b:d17c:c473:2356:0 - "GET /leaderboard/stream HTTP/1.1" 200 OK
INFO:     127.0.0.1:50736 - "GET /leaderboard HTTP/1.1" 200 OK
INFO:     2607:fb90:6881:1b92:8d8b:d17c:c473:2356:0 - "GET /ui/leaderboard.html HTTP/1.1" 200 OK
INFO:     2607:fb90:6881:1b92:8d8b:d17c:c473:2356:0 - "GET /leaderboard HTTP/1.1" 200 OK
INFO:     2607:fb90:6881:1b92:8d8b:d17c:c473:2356:0 - "GET /leaderboard HTTP/1.1" 200 OK
INFO:     2607:fb90:6881:1b92:8d8b:d17c:c473:2356:0 - "GET /leaderboard HTTP/1.1" 200 OK
INFO:     2607:fb90:6881:1b92:8d8b:d17c:c473:2356:0 - "GET /leaderboard HTTP/1.1" 200 OK
INFO:     2607:fb90:6881:1b92:8d8b:d17c:c473:2356:0 - "GET /leaderboard HTTP/1.1" 200 OK
INFO:     2607:fb90:6881:1b92:8d8b:d17c:c473:2356:0 - "GET /leaderboard HTTP/1.1" 200 OK
INFO:     2607:fb90:6881:1b92:8d8b:d17c:c473:2356:0 - "GET /leaderboard HTTP/1.1" 200 OK
INFO:     2607:fb90:6881:1b92:8d8b:d17c:c473:2356:0 - "GET /leaderboard HTTP/1.1" 200 OK
INFO:     2607:fb90:6881:1b92:8d8b:d17c:c473:2356:0 - "GET /leaderboard HTTP/1.1" 200 OK
INFO:     2607:fb90:6881:1b92:8d8b:d17c:c473:2356:0 - "GET /leaderboard HTTP/1.1" 200 OK
INFO:     2607:fb90:6881:1b92:8d8b:d17c:c473:2356:0 - "GET /leaderboard HTTP/1.1" 200 OK
INFO:     2607:fb90:6881:1b92:8d8b:d17c:c473:2356:0 - "GET /leaderboard HTTP/1.1" 200 OK
INFO:     2607:fb90:6881:1b92:8d8b:d17c:c473:2356:0 - "GET /leaderboard HTTP/1.1" 200 OK
INFO:     2607:fb90:6881:1b92:8d8b:d17c:c473:2356:0 - "GET /leaderboard HTTP/1.1" 200 OK
INFO:     2607:fb90:6881:1b92:8d8b:d17c:c473:2356:0 - "GET /leaderboard HTTP/1.1" 200 OK
INFO:     2607:fb90:6881:1b92:8d8b:d17c:c473:2356:0 - "GET /leaderboard HTTP/1.1" 200 OK
INFO:     2607:fb90:6881:1b92:8d8b:d17c:c473:2356:0 - "GET /leaderboard HTTP/1.1" 200 OK
INFO:     2607:fb90:6881:1b92:8d8b:d17c:c473:2356:0 - "GET /leaderboard HTTP/1.1" 200 OK
INFO:     2607:fb90:6881:1b92:8d8b:d17c:c473:2356:0 - "GET /leaderboard HTTP/1.1" 200 OK
INFO:     2607:fb90:6881:1b92:8d8b:d17c:c473:2356:0 - "GET /leaderboard HTTP/1.1" 200 OK
INFO:     2607:fb90:6881:1b92:8d8b:d17c:c473:2356:0 - "GET /leaderboard HTTP/1.1" 200 OK
INFO:     2607:fb90:6881:1b92:8d8b:d17c:c473:2356:0 - "GET /leaderboard HTTP/1.1" 200 OK
INFO:     2607:fb90:6881:1b92:8d8b:d17c:c473:2356:0 - "GET /leaderboard HTTP/1.1" 200 OK
INFO:     2607:fb90:6881:1b92:8d8b:d17c:c473:2356:0 - "GET /leaderboard HTTP/1.1" 200 OK
INFO:     2607:fb90:6881:1b92:8d8b:d17c:c473:2356:0 - "GET /leaderboard HTTP/1.1" 200 OK
INFO:     2607:fb90:6881:1b92:8d8b:d17c:c473:2356:0 - "GET /leaderboard HTTP/1.1" 200 OK
INFO:     2607:fb90:6881:1b92:8d8b:d17c:c473:2356:0 - "GET /leaderboard HTTP/1.1" 200 OK
INFO:     2607:fb90:6881:1b92:8d8b:d17c:c473:2356:0 - "GET /leaderboard HTTP/1.1" 200 OK
INFO:     2607:fb90:6881:1b92:8d8b:d17c:c473:2356:0 - "GET /leaderboard HTTP/1.1" 200 OK
INFO:     2607:fb90:6881:1b92:8d8b:d17c:c473:2356:0 - "GET /apple-touch-icon.png HTTP/1.1" 404 Not Found
INFO:     2607:fb90:6881:1b92:8d8b:d17c:c473:2356:0 - "GET /apple-touch-icon-precomposed.png HTTP/1.1" 404 Not Found
INFO:     2607:fb90:6881:1b92:8d8b:d17c:c473:2356:0 - "GET /favicon.ico HTTP/1.1" 404 Not Found
INFO:     2607:fb90:6881:1b92:8d8b:d17c:c473:2356:0 - "GET /ui/leaderboard.html HTTP/1.1" 200 OK
INFO:     2607:fb90:6881:1b92:8d8b:d17c:c473:2356:0 - "GET /ui/leaderboard.html HTTP/1.1" 200 OK
INFO:     2607:fb90:6881:1b92:8d8b:d17c:c473:2356:0 - "GET /leaderboard/stream HTTP/1.1" 200 OK
INFO:     2607:fb90:6881:1b92:8d8b:d17c:c473:2356:0 - "GET /ui/leaderboard.html HTTP/1.1" 304 Not Modified
INFO:     2607:fb90:6881:1b92:8d8b:d17c:c473:2356:0 - "GET /leaderboard/stream HTTP/1.1" 200 OK
INFO:     2607:fb90:6881:1b92:8d8b:d17c:c473:2356:0 - "GET /ui/leaderboard.html HTTP/1.1" 304 Not Modified
INFO:     2607:fb90:6881:1b92:8d8b:d17c:c473:2356:0 - "GET /leaderboard/stream HTTP/1.1" 200 OK
INFO:     2607:fb90:6881:1b92:8d8b:d17c:c473:2356:0 - "GET /ui/leaderboard.html HTTP/1.1" 304 Not Modified
INFO:     2607:fb90:6881:1b92:8d8b:d17c:c473:2356:0 - "GET /leaderboard/stream HTTP/1.1" 200 OK
INFO:     2607:fb90:6881:1b92:8d8b:d17c:c473:2356:0 - "GET /leaderboard HTTP/1.1" 200 OK
INFO:     2607:fb90:6881:1b92:8d8b:d17c:c473:2356:0 - "GET /leaderboard HTTP/1.1" 200 OK
INFO:     2607:fb90:6881:1b92:8d8b:d17c:c473:2356:0 - "GET /leaderboard HTTP/1.1" 200 OK
INFO:     2607:fb90:6881:1b92:8d8b:d17c:c473:2356:0 - "GET /ui/leaderboard.html HTTP/1.1" 200 OK
INFO:     2607:fb90:6881:1b92:8d8b:d17c:c473:2356:0 - "GET /leaderboard HTTP/1.1" 200 OK
INFO:     2607:fb90:6881:1b92:8d8b:d17c:c473:2356:0 - "GET /leaderboard HTTP/1.1" 200 OK
INFO:     2607:fb90:6881:1b92:8d8b:d17c:c473:2356:0 - "GET /apple-touch-icon-precomposed.png HTTP/1.1" 404 Not Found
INFO:     2607:fb90:6881:1b92:8d8b:d17c:c473:2356:0 - "GET /apple-touch-icon.png HTTP/1.1" 404 Not Found
INFO:     2607:fb90:6881:1b92:8d8b:d17c:c473:2356:0 - "GET /favicon.ico HTTP/1.1" 404 Not Found
INFO:     2607:fb90:6881:1b92:8d8b:d17c:c473:2356:0 - "GET /ui/leaderboard.html HTTP/1.1" 200 OK
INFO:     2607:fb90:6881:1b92:8d8b:d17c:c473:2356:0 - "GET /leaderboard HTTP/1.1" 200 OK
INFO:     2607:fb90:6881:1b92:8d8b:d17c:c473:2356:0 - "GET /leaderboard HTTP/1.1" 200 OK
INFO:     2607:fb90:6881:1b92:3188:27ac:dcdb:f14b:0 - "GET /ui/leaderboard.html HTTP/1.1" 200 OK
INFO:     2607:fb90:6881:1b92:3188:27ac:dcdb:f14b:0 - "GET /leaderboard HTTP/1.1" 200 OK
INFO:     2607:fb90:6881:1b92:3188:27ac:dcdb:f14b:0 - "GET /favicon.ico HTTP/1.1" 404 Not Found
INFO:     2607:fb90:6881:1b92:8d8b:d17c:c473:2356:0 - "GET /leaderboard HTTP/1.1" 200 OK
INFO:     2607:fb90:6881:1b92:3188:27ac:dcdb:f14b:0 - "GET /leaderboard HTTP/1.1" 200 OK
INFO:     2607:fb90:6881:1b92:8d8b:d17c:c473:2356:0 - "GET /leaderboard HTTP/1.1" 200 OK
INFO:     2607:fb90:6881:1b92:3188:27ac:dcdb:f14b:0 - "GET /leaderboard HTTP/1.1" 200 OK
INFO:     2607:fb90:6881:1b92:8d8b:d17c:c473:2356:0 - "GET /leaderboard HTTP/1.1" 200 OK
INFO:     2607:fb90:6881:1b92:3188:27ac:dcdb:f14b:0 - "GET /leaderboard HTTP/1.1" 200 OK
INFO:     2607:fb90:6881:1b92:8d8b:d17c:c473:2356:0 - "GET /leaderboard HTTP/1.1" 200 OK
INFO:     2607:fb90:6881:1b92:3188:27ac:dcdb:f14b:0 - "GET /leaderboard HTTP/1.1" 200 OK
INFO:     2607:fb90:6881:1b92:8d8b:d17c:c473:2356:0 - "GET /leaderboard HTTP/1.1" 200 OK
INFO:     2607:fb90:6881:1b92:3188:27ac:dcdb:f14b:0 - "GET /leaderboard HTTP/1.1" 200 OK
INFO:     2607:fb90:6881:1b92:8d8b:d17c:c473:2356:0 - "GET /leaderboard HTTP/1.1" 200 OK
INFO:     2607:fb90:6881:1b92:3188:27ac:dcdb:f14b:0 - "GET /leaderboard HTTP/1.1" 200 OK
INFO:     2607:fb90:6881:1b92:8d8b:d17c:c473:2356:0 - "GET /leaderboard HTTP/1.1" 200 OK
INFO:     2607:fb90:6881:1b92:8d8b:d17c:c473:2356:0 - "GET /leaderboard HTTP/1.1" 200 OK
INFO:     2607:fb90:6881:1b92:3188:27ac:dcdb:f14b:0 - "GET /leaderboard HTTP/1.1" 200 OK
INFO:     2607:fb90:6881:1b92:8d8b:d17c:c473:2356:0 - "GET /leaderboard HTTP/1.1" 200 OK
INFO:     2607:fb90:6881:1b92:5cbc:3496:dba9:f49d:0 - "GET /ui/leaderboard.html HTTP/1.1" 200 OK
INFO:     2607:fb90:6881:1b92:5cbc:3496:dba9:f49d:0 - "GET /leaderboard HTTP/1.1" 200 OK
INFO:     2607:fb90:6881:1b92:3188:27ac:dcdb:f14b:0 - "GET /leaderboard HTTP/1.1" 200 OK
INFO:     2607:fb90:6881:1b92:5cbc:3496:dba9:f49d:0 - "GET /favicon.ico HTTP/1.1" 404 Not Found
INFO:     2607:fb90:6881:1b92:8d8b:d17c:c473:2356:0 - "GET /leaderboard HTTP/1.1" 200 OK
INFO:     2607:fb90:6881:1b92:5cbc:3496:dba9:f49d:0 - "GET /leaderboard HTTP/1.1" 200 OK
INFO:     2607:fb90:6881:1b92:3188:27ac:dcdb:f14b:0 - "GET /leaderboard HTTP/1.1" 200 OK
INFO:     2607:fb90:6881:1b92:8d8b:d17c:c473:2356:0 - "GET /leaderboard HTTP/1.1" 200 OK
INFO:     2607:fb90:6881:1b92:5cbc:3496:dba9:f49d:0 - "GET /leaderboard HTTP/1.1" 200 OK
INFO:     2607:fb90:6881:1b92:3188:27ac:dcdb:f14b:0 - "GET /leaderboard HTTP/1.1" 200 OK
INFO:     2607:fb90:6881:1b92:8d8b:d17c:c473:2356:0 - "GET /leaderboard HTTP/1.1" 200 OK
INFO:     2607:fb90:6881:1b92:5cbc:3496:dba9:f49d:0 - "GET /leaderboard HTTP/1.1" 200 OK
INFO:     2607:fb90:6881:1b92:3188:27ac:dcdb:f14b:0 - "GET /leaderboard HTTP/1.1" 200 OK
INFO:     2607:fb90:6881:1b92:8d8b:d17c:c473:2356:0 - "GET /leaderboard HTTP/1.1" 200 OK
INFO:     2607:fb90:6881:1b92:5cbc:3496:dba9:f49d:0 - "GET /leaderboard HTTP/1.1" 200 OK
INFO:     2607:fb90:6881:1b92:3188:27ac:dcdb:f14b:0 - "GET /leaderboard HTTP/1.1" 200 OK
INFO:     2607:fb90:6881:1b92:8d8b:d17c:c473:2356:0 - "GET /leaderboard HTTP/1.1" 200 OK
INFO:     2607:fb90:6881:1b92:5cbc:3496:dba9:f49d:0 - "GET /leaderboard HTTP/1.1" 200 OK
INFO:     2607:fb90:6881:1b92:3188:27ac:dcdb:f14b:0 - "GET /leaderboard HTTP/1.1" 200 OK
INFO:     2607:fb90:6881:1b92:8d8b:d17c:c473:2356:0 - "GET /leaderboard HTTP/1.1" 200 OK
INFO:     2607:fb90:6881:1b92:5cbc:3496:dba9:f49d:0 - "GET /leaderboard HTTP/1.1" 200 OK
INFO:     2607:fb90:6881:1b92:3188:27ac:dcdb:f14b:0 - "GET /leaderboard HTTP/1.1" 200 OK
INFO:     2607:fb90:6881:1b92:8d8b:d17c:c473:2356:0 - "GET /leaderboard HTTP/1.1" 200 OK
INFO:     2607:fb90:6881:1b92:5cbc:3496:dba9:f49d:0 - "GET /leaderboard HTTP/1.1" 200 OK
INFO:     2607:fb90:6881:1b92:3188:27ac:dcdb:f14b:0 - "GET /leaderboard HTTP/1.1" 200 OK
INFO:     2607:fb90:6881:1b92:8d8b:d17c:c473:2356:0 - "GET /leaderboard HTTP/1.1" 200 OK
INFO:     2607:fb90:6881:1b92:5cbc:3496:dba9:f49d:0 - "GET /leaderboard HTTP/1.1" 200 OK
INFO:     2607:fb90:6881:1b92:3188:27ac:dcdb:f14b:0 - "GET /leaderboard HTTP/1.1" 200 OK
INFO:     2607:fb90:6881:1b92:8d8b:d17c:c473:2356:0 - "GET /leaderboard HTTP/1.1" 200 OK
INFO:     2607:fb90:6881:1b92:5cbc:3496:dba9:f49d:0 - "GET /leaderboard HTTP/1.1" 200 OK
INFO:     2607:fb90:6881:1b92:3188:27ac:dcdb:f14b:0 - "GET /leaderboard HTTP/1.1" 200 OK
INFO:     2607:fb90:6881:1b92:8d8b:d17c:c473:2356:0 - "GET /leaderboard HTTP/1.1" 200 OK
INFO:     2607:fb90:6881:1b92:3188:27ac:dcdb:f14b:0 - "GET /leaderboard HTTP/1.1" 200 OK
INFO:     2607:fb90:6881:1b92:8d8b:d17c:c473:2356:0 - "GET /leaderboard HTTP/1.1" 200 OK
INFO:     2607:fb90:6881:1b92:5cbc:3496:dba9:f49d:0 - "GET /ui/leaderboard.html HTTP/1.1" 200 OK
INFO:     2607:fb90:6881:1b92:5cbc:3496:dba9:f49d:0 - "GET /leaderboard HTTP/1.1" 200 OK
INFO:     2607:fb90:6881:1b92:8d8b:d17c:c473:2356:0 - "GET /leaderboard HTTP/1.1" 200 OK
INFO:     2607:fb90:6881:1b92:3188:27ac:dcdb:f14b:0 - "GET /leaderboard HTTP/1.1" 200 OK
INFO:     2607:fb90:6881:1b92:5cbc:3496:dba9:f49d:0 - "GET /leaderboard HTTP/1.1" 200 OK
INFO:     2607:fb90:6881:1b92:8d8b:d17c:c473:2356:0 - "GET /leaderboard HTTP/1.1" 200 OK
INFO:     2607:fb90:6881:1b92:3188:27ac:dcdb:f14b:0 - "GET /leaderboard HTTP/1.1" 200 OK
INFO:     2607:fb90:6881:1b92:8d8b:d17c:c473:2356:0 - "GET /leaderboard HTTP/1.1" 200 OK
INFO:     2607:fb90:6881:1b92:3188:27ac:dcdb:f14b:0 - "GET /leaderboard HTTP/1.1" 200 OK
INFO:     2607:fb90:6881:1b92:8d8b:d17c:c473:2356:0 - "GET /leaderboard HTTP/1.1" 200 OK
INFO:     2607:fb90:6881:1b92:3188:27ac:dcdb:f14b:0 - "GET /leaderboard HTTP/1.1" 200 OK
INFO:     2601:249:807f:ef20:f187:514d:9e11:6429:0 - "GET /ui/leaderboard.html HTTP/1.1" 200 OK
INFO:     2601:249:807f:ef20:f187:514d:9e11:6429:0 - "GET /leaderboard HTTP/1.1" 200 OK
INFO:     2607:fb90:6881:1b92:8d8b:d17c:c473:2356:0 - "GET /leaderboard HTTP/1.1" 200 OK
INFO:     2601:249:807f:ef20:f187:514d:9e11:6429:0 - "GET /favicon.ico HTTP/1.1" 404 Not Found
INFO:     2607:fb90:6881:1b92:3188:27ac:dcdb:f14b:0 - "GET /leaderboard HTTP/1.1" 200 OK
INFO:     2601:249:807f:ef20:f187:514d:9e11:6429:0 - "GET /leaderboard HTTP/1.1" 200 OK
INFO:     2607:fb90:6881:1b92:8d8b:d17c:c473:2356:0 - "GET /leaderboard HTTP/1.1" 200 OK
INFO:     2607:fb90:6881:1b92:3188:27ac:dcdb:f14b:0 - "GET /leaderboard HTTP/1.1" 200 OK
INFO:     2601:249:807f:ef20:f187:514d:9e11:6429:0 - "GET /leaderboard HTTP/1.1" 200 OK
INFO:     2607:fb90:6881:1b92:8d8b:d17c:c473:2356:0 - "GET /leaderboard HTTP/1.1" 200 OK
INFO:     2607:fb90:6881:1b92:3188:27ac:dcdb:f14b:0 - "GET /leaderboard HTTP/1.1" 200 OK
INFO:     2601:249:807f:ef20:f187:514d:9e11:6429:0 - "GET /leaderboard HTTP/1.1" 200 OK
INFO:     2607:fb90:6881:1b92:8d8b:d17c:c473:2356:0 - "GET /leaderboard HTTP/1.1" 200 OK
INFO:     2607:fb90:6881:1b92:3188:27ac:dcdb:f14b:0 - "GET /leaderboard HTTP/1.1" 200 OK
INFO:     2601:249:807f:ef20:f187:514d:9e11:6429:0 - "GET /leaderboard HTTP/1.1" 200 OK
INFO:     2607:fb90:6881:1b92:8d8b:d17c:c473:2356:0 - "GET /leaderboard HTTP/1.1" 200 OK
INFO:     2607:fb90:6881:1b92:3188:27ac:dcdb:f14b:0 - "GET /leaderboard HTTP/1.1" 200 OK
INFO:     2607:fb90:6881:1b92:8d8b:d17c:c473:2356:0 - "GET /leaderboard HTTP/1.1" 200 OK
INFO:     2607:fb90:6881:1b92:3188:27ac:dcdb:f14b:0 - "GET /leaderboard HTTP/1.1" 200 OK
INFO:     2607:fb90:6881:1b92:8d8b:d17c:c473:2356:0 - "GET /leaderboard HTTP/1.1" 200 OK
INFO:     2607:fb90:6881:1b92:3188:27ac:dcdb:f14b:0 - "GET /leaderboard HTTP/1.1" 200 OK
INFO:     2607:fb90:6881:1b92:8d8b:d17c:c473:2356:0 - "GET /leaderboard HTTP/1.1" 200 OK
INFO:     2607:fb90:6881:1b92:5cbc:3496:dba9:f49d:0 - "GET /leaderboard HTTP/1.1" 200 OK
INFO:     2607:fb90:6881:1b92:5cbc:3496:dba9:f49d:0 - "GET /ui/leaderboard.html HTTP/1.1" 200 OK
INFO:     2607:fb90:6881:1b92:5cbc:3496:dba9:f49d:0 - "GET /leaderboard HTTP/1.1" 200 OK
INFO:     2607:fb90:6881:1b92:3188:27ac:dcdb:f14b:0 - "GET /leaderboard HTTP/1.1" 200 OK
INFO:     2607:fb90:6881:1b92:8d8b:d17c:c473:2356:0 - "GET /leaderboard HTTP/1.1" 200 OK
INFO:     2607:fb90:6881:1b92:8d8b:d17c:c473:2356:0 - "GET /leaderboard HTTP/1.1" 200 OK
INFO:     2607:fb90:6881:1b92:5cbc:3496:dba9:f49d:0 - "GET /leaderboard HTTP/1.1" 200 OK
INFO:     2607:fb90:6881:1b92:3188:27ac:dcdb:f14b:0 - "GET /leaderboard HTTP/1.1" 200 OK
INFO:     2607:fb90:6881:1b92:8d8b:d17c:c473:2356:0 - "GET /leaderboard HTTP/1.1" 200 OK
INFO:     2607:fb90:6881:1b92:5cbc:3496:dba9:f49d:0 - "GET /leaderboard HTTP/1.1" 200 OK
INFO:     2607:fb90:6881:1b92:3188:27ac:dcdb:f14b:0 - "GET /leaderboard HTTP/1.1" 200 OK
INFO:     2607:fb90:6881:1b92:8d8b:d17c:c473:2356:0 - "GET /leaderboard HTTP/1.1" 200 OK
INFO:     2607:fb90:6881:1b92:5cbc:3496:dba9:f49d:0 - "GET /leaderboard HTTP/1.1" 200 OK
INFO:     2607:fb90:6881:1b92:3188:27ac:dcdb:f14b:0 - "GET /leaderboard HTTP/1.1" 200 OK
INFO:     2607:fb90:6881:1b92:8d8b:d17c:c473:2356:0 - "GET /leaderboard HTTP/1.1" 200 OK
INFO:     2607:fb90:6881:1b92:5cbc:3496:dba9:f49d:0 - "GET /leaderboard HTTP/1.1" 200 OK
INFO:     2607:fb90:6881:1b92:3188:27ac:dcdb:f14b:0 - "GET /leaderboard HTTP/1.1" 200 OK
INFO:     2607:fb90:6881:1b92:8d8b:d17c:c473:2356:0 - "GET /leaderboard HTTP/1.1" 200 OK
INFO:     2607:fb90:6881:1b92:5cbc:3496:dba9:f49d:0 - "GET /leaderboard HTTP/1.1" 200 OK
INFO:     2607:fb90:6881:1b92:3188:27ac:dcdb:f14b:0 - "GET /leaderboard HTTP/1.1" 200 OK
INFO:     2607:fb90:6881:1b92:8d8b:d17c:c473:2356:0 - "GET /leaderboard HTTP/1.1" 200 OK
INFO:     2607:fb90:6881:1b92:3188:27ac:dcdb:f14b:0 - "GET /leaderboard HTTP/1.1" 200 OK
INFO:     2607:fb90:6881:1b92:8d8b:d17c:c473:2356:0 - "GET /leaderboard HTTP/1.1" 200 OK
INFO:     2607:fb90:6881:1b92:3188:27ac:dcdb:f14b:0 - "GET /leaderboard HTTP/1.1" 200 OK
INFO:     2607:fb90:6881:1b92:8d8b:d17c:c473:2356:0 - "GET /leaderboard HTTP/1.1" 200 OK
INFO:     2607:fb90:6881:1b92:3188:27ac:dcdb:f14b:0 - "GET /leaderboard HTTP/1.1" 200 OK
INFO:     2607:fb90:6881:1b92:8d8b:d17c:c473:2356:0 - "GET /leaderboard HTTP/1.1" 200 OK
INFO:     2607:fb90:6881:1b92:3188:27ac:dcdb:f14b:0 - "GET /leaderboard HTTP/1.1" 200 OK
INFO:     2607:fb90:6881:1b92:8d8b:d17c:c473:2356:0 - "GET /leaderboard HTTP/1.1" 200 OK
INFO:     2607:fb90:6881:1b92:3188:27ac:dcdb:f14b:0 - "GET /leaderboard HTTP/1.1" 200 OK
INFO:     2607:fb90:6881:1b92:5cbc:3496:dba9:f49d:0 - "GET /leaderboard HTTP/1.1" 200 OK
INFO:     2607:fb90:6881:1b92:8d8b:d17c:c473:2356:0 - "GET /leaderboard HTTP/1.1" 200 OK
INFO:     2607:fb90:6881:1b92:3188:27ac:dcdb:f14b:0 - "GET /leaderboard HTTP/1.1" 200 OK
INFO:     2607:fb90:6881:1b92:8d8b:d17c:c473:2356:0 - "GET /leaderboard HTTP/1.1" 200 OK
INFO:     2607:fb90:6881:1b92:3188:27ac:dcdb:f14b:0 - "GET /leaderboard HTTP/1.1" 200 OK
INFO:     2607:fb90:6881:1b92:8d8b:d17c:c473:2356:0 - "GET /leaderboard HTTP/1.1" 200 OK
INFO:     2607:fb90:6881:1b92:8d8b:d17c:c473:2356:0 - "GET /leaderboard HTTP/1.1" 200 OK
INFO:     2607:fb90:6881:1b92:3188:27ac:dcdb:f14b:0 - "GET /leaderboard HTTP/1.1" 200 OK
INFO:     2607:fb90:6881:1b92:8d8b:d17c:c473:2356:0 - "GET /leaderboard HTTP/1.1" 200 OK
INFO:     2607:fb90:6881:1b92:5cbc:3496:dba9:f49d:0 - "GET /ui/leaderboard.html HTTP/1.1" 200 OK
INFO:     2607:fb90:6881:1b92:3188:27ac:dcdb:f14b:0 - "GET /leaderboard HTTP/1.1" 200 OK
INFO:     2607:fb90:6881:1b92:5cbc:3496:dba9:f49d:0 - "GET /leaderboard HTTP/1.1" 200 OK
INFO:     2607:fb90:6881:1b92:8d8b:d17c:c473:2356:0 - "GET /leaderboard HTTP/1.1" 200 OK
INFO:     2607:fb90:6881:1b92:3188:27ac:dcdb:f14b:0 - "GET /leaderboard HTTP/1.1" 200 OK
INFO:     2607:fb90:6881:1b92:5cbc:3496:dba9:f49d:0 - "GET /leaderboard HTTP/1.1" 200 OK
INFO:     2607:fb90:6881:1b92:8d8b:d17c:c473:2356:0 - "GET /leaderboard HTTP/1.1" 200 OK
INFO:     2607:fb90:6881:1b92:3188:27ac:dcdb:f14b:0 - "GET /leaderboard HTTP/1.1" 200 OK
INFO:     2607:fb90:6881:1b92:5cbc:3496:dba9:f49d:0 - "GET /leaderboard HTTP/1.1" 200 OK
INFO:     2607:fb90:6881:1b92:8d8b:d17c:c473:2356:0 - "GET /leaderboard HTTP/1.1" 200 OK
INFO:     2607:fb90:6881:1b92:3188:27ac:dcdb:f14b:0 - "GET /leaderboard HTTP/1.1" 200 OK
INFO:     2607:fb90:6881:1b92:8d8b:d17c:c473:2356:0 - "GET /leaderboard HTTP/1.1" 200 OK
INFO:     2607:fb90:6881:1b92:3188:27ac:dcdb:f14b:0 - "GET /leaderboard HTTP/1.1" 200 OK
INFO:     2607:fb90:6881:1b92:8d8b:d17c:c473:2356:0 - "GET /leaderboard HTTP/1.1" 200 OK
INFO:     2607:fb90:6881:1b92:5cbc:3496:dba9:f49d:0 - "GET /leaderboard HTTP/1.1" 200 OK
INFO:     2607:fb90:6881:1b92:3188:27ac:dcdb:f14b:0 - "GET /leaderboard HTTP/1.1" 200 OK
INFO:     2607:fb90:6881:1b92:8d8b:d17c:c473:2356:0 - "GET /leaderboard HTTP/1.1" 200 OK
INFO:     2601:249:807f:ef20:f187:514d:9e11:6429:0 - "GET /ui/leaderboard.html HTTP/1.1" 200 OK
INFO:     2601:249:807f:ef20:f187:514d:9e11:6429:0 - "GET /leaderboard HTTP/1.1" 200 OK
INFO:     2607:fb90:6881:1b92:5cbc:3496:dba9:f49d:0 - "GET /leaderboard HTTP/1.1" 200 OK
INFO:     2607:fb90:6881:1b92:3188:27ac:dcdb:f14b:0 - "GET /leaderboard HTTP/1.1" 200 OK
INFO:     2607:fb90:6881:1b92:8d8b:d17c:c473:2356:0 - "GET /leaderboard HTTP/1.1" 200 OK
INFO:     2601:249:807f:ef20:f187:514d:9e11:6429:0 - "GET /leaderboard HTTP/1.1" 200 OK
INFO:     2607:fb90:6881:1b92:5cbc:3496:dba9:f49d:0 - "GET /leaderboard HTTP/1.1" 200 OK
INFO:     2607:fb90:6881:1b92:3188:27ac:dcdb:f14b:0 - "GET /leaderboard HTTP/1.1" 200 OK
INFO:     2607:fb90:6881:1b92:8d8b:d17c:c473:2356:0 - "GET /leaderboard HTTP/1.1" 200 OK
INFO:     2601:249:807f:ef20:f187:514d:9e11:6429:0 - "GET /leaderboard HTTP/1.1" 200 OK
INFO:     2607:fb90:6881:1b92:3188:27ac:dcdb:f14b:0 - "GET /leaderboard HTTP/1.1" 200 OK
INFO:     2607:fb90:6881:1b92:8d8b:d17c:c473:2356:0 - "GET /leaderboard HTTP/1.1" 200 OK
INFO:     2601:249:807f:ef20:f187:514d:9e11:6429:0 - "GET /leaderboard HTTP/1.1" 200 OK
INFO:     2607:fb90:6881:1b92:3188:27ac:dcdb:f14b:0 - "GET /leaderboard HTTP/1.1" 200 OK
INFO:     2607:fb90:6881:1b92:8d8b:d17c:c473:2356:0 - "GET /leaderboard HTTP/1.1" 200 OK
INFO:     2607:fb90:6881:1b92:3188:27ac:dcdb:f14b:0 - "GET /leaderboard HTTP/1.1" 200 OK
INFO:     2607:fb90:6881:1b92:8d8b:d17c:c473:2356:0 - "GET /leaderboard HTTP/1.1" 200 OK
INFO:     2607:fb90:6881:1b92:8d8b:d17c:c473:2356:0 - "GET /leaderboard HTTP/1.1" 200 OK
INFO:     2607:fb90:6881:1b92:3188:27ac:dcdb:f14b:0 - "GET /leaderboard HTTP/1.1" 200 OK
INFO:     2607:fb90:6881:1b92:8d8b:d17c:c473:2356:0 - "GET /leaderboard HTTP/1.1" 200 OK
INFO:     2607:fb90:6881:1b92:3188:27ac:dcdb:f14b:0 - "GET /leaderboard HTTP/1.1" 200 OK
INFO:     2607:fb90:6881:1b92:8d8b:d17c:c473:2356:0 - "GET /leaderboard HTTP/1.1" 200 OK
INFO:     2607:fb90:6881:1b92:3188:27ac:dcdb:f14b:0 - "GET /leaderboard HTTP/1.1" 200 OK
INFO:     2607:fb90:6881:1b92:8d8b:d17c:c473:2356:0 - "GET /leaderboard HTTP/1.1" 200 OK
INFO:     2607:fb90:6881:1b92:3188:27ac:dcdb:f14b:0 - "GET /leaderboard HTTP/1.1" 200 OK
INFO:     2607:fb90:6881:1b92:8d8b:d17c:c473:2356:0 - "GET /leaderboard HTTP/1.1" 200 OK
INFO:     2607:fb90:6881:1b92:3188:27ac:dcdb:f14b:0 - "GET /leaderboard HTTP/1.1" 200 OK
INFO:     2607:fb90:6881:1b92:8d8b:d17c:c473:2356:0 - "GET /leaderboard HTTP/1.1" 200 OK
INFO:     2607:fb90:6881:1b92:3188:27ac:dcdb:f14b:0 - "GET /leaderboard HTTP/1.1" 200 OK
INFO:     2607:fb90:6881:1b92:8d8b:d17c:c473:2356:0 - "GET /leaderboard HTTP/1.1" 200 OK
INFO:     2607:fb90:6881:1b92:3188:27ac:dcdb:f14b:0 - "GET /leaderboard HTTP/1.1" 200 OK
INFO:     2607:fb90:6881:1b92:8d8b:d17c:c473:2356:0 - "GET /leaderboard HTTP/1.1" 200 OK
INFO:     2607:fb90:6881:1b92:3188:27ac:dcdb:f14b:0 - "GET /leaderboard HTTP/1.1" 200 OK
INFO:     2607:fb90:6881:1b92:8d8b:d17c:c473:2356:0 - "GET /leaderboard HTTP/1.1" 200 OK
INFO:     2607:fb90:6881:1b92:3188:27ac:dcdb:f14b:0 - "GET /leaderboard HTTP/1.1" 200 OK
INFO:     2607:fb90:6881:1b92:8d8b:d17c:c473:2356:0 - "GET /leaderboard HTTP/1.1" 200 OK
INFO:     2607:fb90:6881:1b92:3188:27ac:dcdb:f14b:0 - "GET /leaderboard HTTP/1.1" 200 OK
INFO:     2607:fb90:6881:1b92:8d8b:d17c:c473:2356:0 - "GET /leaderboard HTTP/1.1" 200 OK
INFO:     2607:fb90:6881:1b92:3188:27ac:dcdb:f14b:0 - "GET /leaderboard HTTP/1.1" 200 OK
INFO:     2607:fb90:6881:1b92:8d8b:d17c:c473:2356:0 - "GET /leaderboard HTTP/1.1" 200 OK
INFO:     2607:fb90:6881:1b92:8d8b:d17c:c473:2356:0 - "GET /leaderboard HTTP/1.1" 200 OK
INFO:     2607:fb90:6881:1b92:3188:27ac:dcdb:f14b:0 - "GET /leaderboard HTTP/1.1" 200 OK
INFO:     2607:fb90:6881:1b92:8d8b:d17c:c473:2356:0 - "GET /leaderboard HTTP/1.1" 200 OK
INFO:     2607:fb90:6881:1b92:3188:27ac:dcdb:f14b:0 - "GET /leaderboard HTTP/1.1" 200 OK
INFO:     2607:fb90:6881:1b92:8d8b:d17c:c473:2356:0 - "GET /leaderboard HTTP/1.1" 200 OK
INFO:     2607:fb90:6881:1b92:3188:27ac:dcdb:f14b:0 - "GET /leaderboard HTTP/1.1" 200 OK
INFO:     2607:fb90:6881:1b92:8d8b:d17c:c473:2356:0 - "GET /leaderboard HTTP/1.1" 200 OK
INFO:     2607:fb90:6881:1b92:3188:27ac:dcdb:f14b:0 - "GET /leaderboard HTTP/1.1" 200 OK
INFO:     2607:fb90:6881:1b92:8d8b:d17c:c473:2356:0 - "GET /leaderboard HTTP/1.1" 200 OK
INFO:     2607:fb90:6881:1b92:3188:27ac:dcdb:f14b:0 - "GET /leaderboard HTTP/1.1" 200 OK
INFO:     2607:fb90:6881:1b92:8d8b:d17c:c473:2356:0 - "GET /leaderboard HTTP/1.1" 200 OK
INFO:     2607:fb90:6881:1b92:3188:27ac:dcdb:f14b:0 - "GET /leaderboard HTTP/1.1" 200 OK
INFO:     2607:fb90:6881:1b92:8d8b:d17c:c473:2356:0 - "GET /leaderboard HTTP/1.1" 200 OK
INFO:     2607:fb90:6881:1b92:3188:27ac:dcdb:f14b:0 - "GET /leaderboard HTTP/1.1" 200 OK
INFO:     2607:fb90:6881:1b92:8d8b:d17c:c473:2356:0 - "GET /leaderboard HTTP/1.1" 200 OK
INFO:     2607:fb90:6881:1b92:3188:27ac:dcdb:f14b:0 - "GET /leaderboard HTTP/1.1" 200 OK
INFO:     2607:fb90:6881:1b92:8d8b:d17c:c473:2356:0 - "GET /leaderboard HTTP/1.1" 200 OK
INFO:     2607:fb90:6881:1b92:3188:27ac:dcdb:f14b:0 - "GET /leaderboard HTTP/1.1" 200 OK
INFO:     2607:fb90:6881:1b92:8d8b:d17c:c473:2356:0 - "GET /leaderboard HTTP/1.1" 200 OK
INFO:     2607:fb90:6881:1b92:3188:27ac:dcdb:f14b:0 - "GET /leaderboard HTTP/1.1" 200 OK
INFO:     2607:fb90:6881:1b92:8d8b:d17c:c473:2356:0 - "GET /leaderboard HTTP/1.1" 200 OK
INFO:     2607:fb90:6881:1b92:8d8b:d17c:c473:2356:0 - "GET /leaderboard HTTP/1.1" 200 OK
INFO:     2607:fb90:6881:1b92:8d8b:d17c:c473:2356:0 - "GET /leaderboard HTTP/1.1" 200 OK
INFO:     2607:fb90:6881:1b92:8d8b:d17c:c473:2356:0 - "GET /leaderboard HTTP/1.1" 200 OK
INFO:     2607:fb90:6881:1b92:8d8b:d17c:c473:2356:0 - "GET /leaderboard HTTP/1.1" 200 OK
INFO:     2607:fb90:6881:1b92:8d8b:d17c:c473:2356:0 - "GET /leaderboard HTTP/1.1" 200 OK
INFO:     2607:fb90:6881:1b92:8d8b:d17c:c473:2356:0 - "GET /leaderboard HTTP/1.1" 200 OK
INFO:     2607:fb90:6881:1b92:8d8b:d17c:c473:2356:0 - "GET /leaderboard HTTP/1.1" 200 OK
INFO:     2607:fb90:6881:1b92:3188:27ac:dcdb:f14b:0 - "GET /leaderboard HTTP/1.1" 200 OK
INFO:     2607:fb90:6881:1b92:8d8b:d17c:c473:2356:0 - "GET /leaderboard HTTP/1.1" 200 OK
INFO:     2607:fb90:6881:1b92:8d8b:d17c:c473:2356:0 - "GET /leaderboard HTTP/1.1" 200 OK
INFO:     2607:fb90:6881:1b92:8d8b:d17c:c473:2356:0 - "GET /leaderboard HTTP/1.1" 200 OK
INFO:     2607:fb90:6881:1b92:3188:27ac:dcdb:f14b:0 - "GET /leaderboard HTTP/1.1" 200 OK
INFO:     2601:249:807f:ef20:f187:514d:9e11:6429:0 - "GET /leaderboard HTTP/1.1" 200 OK
INFO:     2601:249:807f:ef20:f187:514d:9e11:6429:0 - "GET /leaderboard HTTP/1.1" 200 OK
INFO:     2601:249:807f:ef20:f187:514d:9e11:6429:0 - "GET /leaderboard HTTP/1.1" 200 OK
INFO:     2607:fb90:6881:1b92:8d8b:d17c:c473:2356:0 - "GET /leaderboard HTTP/1.1" 200 OK
INFO:     2607:fb90:6881:1b92:8d8b:d17c:c473:2356:0 - "GET /leaderboard HTTP/1.1" 200 OK
INFO:     2607:fb90:6881:1b92:3188:27ac:dcdb:f14b:0 - "GET /leaderboard HTTP/1.1" 200 OK
INFO:     2607:fb90:6881:1b92:3188:27ac:dcdb:f14b:0 - "GET /leaderboard HTTP/1.1" 200 OK
INFO:     2607:fb90:6881:1b92:3188:27ac:dcdb:f14b:0 - "GET /leaderboard HTTP/1.1" 200 OK
INFO:     2607:fb90:6881:1b92:3188:27ac:dcdb:f14b:0 - "GET /leaderboard HTTP/1.1" 200 OK
INFO:     2607:fb90:6881:1b92:3188:27ac:dcdb:f14b:0 - "GET /leaderboard HTTP/1.1" 200 OK
INFO:     2607:fb90:6881:1b92:3188:27ac:dcdb:f14b:0 - "GET /leaderboard HTTP/1.1" 200 OK
INFO:     2607:fb90:6881:1b92:3188:27ac:dcdb:f14b:0 - "GET /leaderboard HTTP/1.1" 200 OK
INFO:     2607:fb90:6881:1b92:3188:27ac:dcdb:f14b:0 - "GET /leaderboard HTTP/1.1" 200 OK
INFO:     2607:fb90:6881:1b92:3188:27ac:dcdb:f14b:0 - "GET /leaderboard HTTP/1.1" 200 OK
INFO:     2607:fb90:6881:1b92:3188:27ac:dcdb:f14b:0 - "GET /leaderboard HTTP/1.1" 200 OK
INFO:     2607:fb90:6881:1b92:3188:27ac:dcdb:f14b:0 - "GET /leaderboard HTTP/1.1" 200 OK
INFO:     2607:fb90:6881:1b92:8d8b:d17c:c473:2356:0 - "GET /leaderboard HTTP/1.1" 200 OK
INFO:     2607:fb90:6881:1b92:8d8b:d17c:c473:2356:0 - "GET /leaderboard HTTP/1.1" 200 OK
INFO:     2607:fb90:6881:1b92:3188:27ac:dcdb:f14b:0 - "GET /leaderboard HTTP/1.1" 200 OK
INFO:     2607:fb90:6881:1b92:3188:27ac:dcdb:f14b:0 - "GET /leaderboard HTTP/1.1" 200 OK
INFO:     2607:fb90:6881:1b92:3188:27ac:dcdb:f14b:0 - "GET /leaderboard HTTP/1.1" 200 OK
INFO:     2607:fb90:6881:1b92:3188:27ac:dcdb:f14b:0 - "GET /leaderboard HTTP/1.1" 200 OK
INFO:     2607:fb90:6881:1b92:3188:27ac:dcdb:f14b:0 - "GET /leaderboard HTTP/1.1" 200 OK
INFO:     2607:fb90:6881:1b92:3188:27ac:dcdb:f14b:0 - "GET /leaderboard HTTP/1.1" 200 OK
INFO:     2607:fb90:6881:1b92:3188:27ac:dcdb:f14b:0 - "GET /leaderboard HTTP/1.1" 200 OK
INFO:     2607:fb90:6881:1b92:3188:27ac:dcdb:f14b:0 - "GET /leaderboard HTTP/1.1" 200 OK
INFO:     2607:fb90:6881:1b92:3188:27ac:dcdb:f14b:0 - "GET /leaderboard HTTP/1.1" 200 OK
INFO:     2607:fb90:6881:1b92:3188:27ac:dcdb:f14b:0 - "GET /leaderboard HTTP/1.1" 200 OK
INFO:     2607:fb90:6881:1b92:3188:27ac:dcdb:f14b:0 - "GET /leaderboard HTTP/1.1" 200 OK
INFO:     2607:fb90:6881:1b92:3188:27ac:dcdb:f14b:0 - "GET /leaderboard HTTP/1.1" 200 OK
INFO:     2607:fb90:6881:1b92:8d8b:d17c:c473:2356:0 - "GET /leaderboard HTTP/1.1" 200 OK
INFO:     2607:fb90:6881:1b92:8d8b:d17c:c473:2356:0 - "GET /leaderboard HTTP/1.1" 200 OK
INFO:     2607:fb90:6881:1b92:3188:27ac:dcdb:f14b:0 - "GET /leaderboard HTTP/1.1" 200 OK
INFO:     2607:fb90:6881:1b92:3188:27ac:dcdb:f14b:0 - "GET /leaderboard HTTP/1.1" 200 OK
INFO:     2607:fb90:6881:1b92:3188:27ac:dcdb:f14b:0 - "GET /leaderboard HTTP/1.1" 200 OK
INFO:     2607:fb90:6881:1b92:3188:27ac:dcdb:f14b:0 - "GET /leaderboard HTTP/1.1" 200 OK
INFO:     2607:fb90:6881:1b92:3188:27ac:dcdb:f14b:0 - "GET /leaderboard HTTP/1.1" 200 OK
INFO:     2607:fb90:6881:1b92:3188:27ac:dcdb:f14b:0 - "GET /leaderboard HTTP/1.1" 200 OK
INFO:     2607:fb90:6881:1b92:3188:27ac:dcdb:f14b:0 - "GET /leaderboard HTTP/1.1" 200 OK
INFO:     2607:fb90:6881:1b92:3188:27ac:dcdb:f14b:0 - "GET /leaderboard HTTP/1.1" 200 OK
INFO:     2607:fb90:6881:1b92:3188:27ac:dcdb:f14b:0 - "GET /leaderboard HTTP/1.1" 200 OK
INFO:     2607:fb90:6881:1b92:3188:27ac:dcdb:f14b:0 - "GET /leaderboard HTTP/1.1" 200 OK
INFO:     2607:fb90:6881:1b92:3188:27ac:dcdb:f14b:0 - "GET /leaderboard HTTP/1.1" 200 OK
INFO:     2607:fb90:6881:1b92:3188:27ac:dcdb:f14b:0 - "GET /leaderboard HTTP/1.1" 200 OK
INFO:     2607:fb90:6881:1b92:8d8b:d17c:c473:2356:0 - "GET /leaderboard HTTP/1.1" 200 OK
INFO:     2607:fb90:6881:1b92:8d8b:d17c:c473:2356:0 - "GET /leaderboard HTTP/1.1" 200 OK
INFO:     2607:fb90:6881:1b92:3188:27ac:dcdb:f14b:0 - "GET /leaderboard HTTP/1.1" 200 OK
INFO:     2607:fb90:6881:1b92:3188:27ac:dcdb:f14b:0 - "GET /leaderboard HTTP/1.1" 200 OK
INFO:     2607:fb90:6881:1b92:3188:27ac:dcdb:f14b:0 - "GET /leaderboard HTTP/1.1" 200 OK
INFO:     2607:fb90:6881:1b92:3188:27ac:dcdb:f14b:0 - "GET /leaderboard HTTP/1.1" 200 OK
INFO:     2607:fb90:6881:1b92:3188:27ac:dcdb:f14b:0 - "GET /leaderboard HTTP/1.1" 200 OK
INFO:     2607:fb90:6881:1b92:3188:27ac:dcdb:f14b:0 - "GET /leaderboard HTTP/1.1" 200 OK
INFO:     2607:fb90:6881:1b92:3188:27ac:dcdb:f14b:0 - "GET /leaderboard HTTP/1.1" 200 OK
INFO:     2607:fb90:6881:1b92:3188:27ac:dcdb:f14b:0 - "GET /leaderboard HTTP/1.1" 200 OK
INFO:     2607:fb90:6881:1b92:3188:27ac:dcdb:f14b:0 - "GET /leaderboard HTTP/1.1" 200 OK
INFO:     2607:fb90:6881:1b92:3188:27ac:dcdb:f14b:0 - "GET /leaderboard HTTP/1.1" 200 OK
INFO:     2607:fb90:6881:1b92:3188:27ac:dcdb:f14b:0 - "GET /leaderboard HTTP/1.1" 200 OK
INFO:     2607:fb90:6881:1b92:3188:27ac:dcdb:f14b:0 - "GET /leaderboard HTTP/1.1" 200 OK
INFO:     2607:fb90:6881:1b92:8d8b:d17c:c473:2356:0 - "GET /leaderboard HTTP/1.1" 200 OK
INFO:     2607:fb90:6881:1b92:8d8b:d17c:c473:2356:0 - "GET /leaderboard HTTP/1.1" 200 OK
INFO:     2607:fb90:6881:1b92:3188:27ac:dcdb:f14b:0 - "GET /leaderboard HTTP/1.1" 200 OK
INFO:     2607:fb90:6881:1b92:3188:27ac:dcdb:f14b:0 - "GET /leaderboard HTTP/1.1" 200 OK
INFO:     2607:fb90:6881:1b92:3188:27ac:dcdb:f14b:0 - "GET /leaderboard HTTP/1.1" 200 OK
INFO:     2607:fb90:6881:1b92:3188:27ac:dcdb:f14b:0 - "GET /leaderboard HTTP/1.1" 200 OK
INFO:     2607:fb90:6881:1b92:3188:27ac:dcdb:f14b:0 - "GET /leaderboard HTTP/1.1" 200 OK
INFO:     2607:fb90:6881:1b92:3188:27ac:dcdb:f14b:0 - "GET /leaderboard HTTP/1.1" 200 OK
INFO:     2607:fb90:6881:1b92:3188:27ac:dcdb:f14b:0 - "GET /leaderboard HTTP/1.1" 200 OK
INFO:     2607:fb90:6881:1b92:3188:27ac:dcdb:f14b:0 - "GET /leaderboard HTTP/1.1" 200 OK
INFO:     2607:fb90:6881:1b92:3188:27ac:dcdb:f14b:0 - "GET /leaderboard HTTP/1.1" 200 OK
INFO:     2607:fb90:6881:1b92:3188:27ac:dcdb:f14b:0 - "GET /leaderboard HTTP/1.1" 200 OK
INFO:     2607:fb90:6881:1b92:3188:27ac:dcdb:f14b:0 - "GET /leaderboard HTTP/1.1" 200 OK
INFO:     2607:fb90:6881:1b92:3188:27ac:dcdb:f14b:0 - "GET /leaderboard HTTP/1.1" 200 OK
INFO:     2607:fb90:6881:1b92:8d8b:d17c:c473:2356:0 - "GET /leaderboard HTTP/1.1" 200 OK
INFO:     2607:fb90:6881:1b92:8d8b:d17c:c473:2356:0 - "GET /leaderboard HTTP/1.1" 200 OK
INFO:     2607:fb90:6881:1b92:3188:27ac:dcdb:f14b:0 - "GET /leaderboard HTTP/1.1" 200 OK
INFO:     2607:fb90:6881:1b92:3188:27ac:dcdb:f14b:0 - "GET /leaderboard HTTP/1.1" 200 OK
INFO:     2607:fb90:6881:1b92:3188:27ac:dcdb:f14b:0 - "GET /leaderboard HTTP/1.1" 200 OK
INFO:     2607:fb90:6881:1b92:3188:27ac:dcdb:f14b:0 - "GET /leaderboard HTTP/1.1" 200 OK
INFO:     2607:fb90:6881:1b92:3188:27ac:dcdb:f14b:0 - "GET /leaderboard HTTP/1.1" 200 OK
INFO:     2607:fb90:6881:1b92:3188:27ac:dcdb:f14b:0 - "GET /leaderboard HTTP/1.1" 200 OK
INFO:     2607:fb90:6881:1b92:3188:27ac:dcdb:f14b:0 - "GET /leaderboard HTTP/1.1" 200 OK
INFO:     2607:fb90:6881:1b92:3188:27ac:dcdb:f14b:0 - "GET /leaderboard HTTP/1.1" 200 OK
INFO:     2607:fb90:6881:1b92:3188:27ac:dcdb:f14b:0 - "GET /leaderboard HTTP/1.1" 200 OK
INFO:     2607:fb90:6881:1b92:3188:27ac:dcdb:f14b:0 - "GET /leaderboard HTTP/1.1" 200 OK
INFO:     2607:fb90:6881:1b92:3188:27ac:dcdb:f14b:0 - "GET /leaderboard HTTP/1.1" 200 OK
INFO:     2607:fb90:6881:1b92:3188:27ac:dcdb:f14b:0 - "GET /leaderboard HTTP/1.1" 200 OK
INFO:     2607:fb90:6881:1b92:8d8b:d17c:c473:2356:0 - "GET /leaderboard HTTP/1.1" 200 OK
INFO:     2607:fb90:6881:1b92:8d8b:d17c:c473:2356:0 - "GET /leaderboard HTTP/1.1" 200 OK
INFO:     2607:fb90:6881:1b92:3188:27ac:dcdb:f14b:0 - "GET /leaderboard HTTP/1.1" 200 OK
INFO:     2607:fb90:6881:1b92:3188:27ac:dcdb:f14b:0 - "GET /leaderboard HTTP/1.1" 200 OK
INFO:     2607:fb90:6881:1b92:3188:27ac:dcdb:f14b:0 - "GET /leaderboard HTTP/1.1" 200 OK
INFO:     2607:fb90:6881:1b92:3188:27ac:dcdb:f14b:0 - "GET /leaderboard HTTP/1.1" 200 OK
INFO:     2607:fb90:6881:1b92:3188:27ac:dcdb:f14b:0 - "GET /leaderboard HTTP/1.1" 200 OK
INFO:     2607:fb90:6881:1b92:3188:27ac:dcdb:f14b:0 - "GET /leaderboard HTTP/1.1" 200 OK
INFO:     2607:fb90:6881:1b92:3188:27ac:dcdb:f14b:0 - "GET /leaderboard HTTP/1.1" 200 OK
INFO:     2607:fb90:6881:1b92:3188:27ac:dcdb:f14b:0 - "GET /leaderboard HTTP/1.1" 200 OK
INFO:     2607:fb90:6881:1b92:3188:27ac:dcdb:f14b:0 - "GET /leaderboard HTTP/1.1" 200 OK
INFO:     2607:fb90:6881:1b92:3188:27ac:dcdb:f14b:0 - "GET /leaderboard HTTP/1.1" 200 OK
INFO:     2607:fb90:6881:1b92:3188:27ac:dcdb:f14b:0 - "GET /leaderboard HTTP/1.1" 200 OK
INFO:     2607:fb90:6881:1b92:3188:27ac:dcdb:f14b:0 - "GET /leaderboard HTTP/1.1" 200 OK
INFO:     2607:fb90:6881:1b92:8d8b:d17c:c473:2356:0 - "GET /leaderboard HTTP/1.1" 200 OK
INFO:     2607:fb90:6881:1b92:8d8b:d17c:c473:2356:0 - "GET /leaderboard HTTP/1.1" 200 OK
INFO:     2607:fb90:6881:1b92:3188:27ac:dcdb:f14b:0 - "GET /leaderboard HTTP/1.1" 200 OK
INFO:     2607:fb90:6881:1b92:3188:27ac:dcdb:f14b:0 - "GET /leaderboard HTTP/1.1" 200 OK
INFO:     2607:fb90:6881:1b92:3188:27ac:dcdb:f14b:0 - "GET /leaderboard HTTP/1.1" 200 OK
INFO:     2607:fb90:6881:1b92:3188:27ac:dcdb:f14b:0 - "GET /leaderboard HTTP/1.1" 200 OK
INFO:     2607:fb90:6881:1b92:3188:27ac:dcdb:f14b:0 - "GET /leaderboard HTTP/1.1" 200 OK
INFO:     2607:fb90:6881:1b92:3188:27ac:dcdb:f14b:0 - "GET /leaderboard HTTP/1.1" 200 OK
INFO:     2607:fb90:6881:1b92:3188:27ac:dcdb:f14b:0 - "GET /leaderboard HTTP/1.1" 200 OK
INFO:     2607:fb90:6881:1b92:3188:27ac:dcdb:f14b:0 - "GET /leaderboard HTTP/1.1" 200 OK
INFO:     2607:fb90:6881:1b92:3188:27ac:dcdb:f14b:0 - "GET /leaderboard HTTP/1.1" 200 OK
INFO:     2607:fb90:6881:1b92:3188:27ac:dcdb:f14b:0 - "GET /leaderboard HTTP/1.1" 200 OK
INFO:     2607:fb90:6881:1b92:3188:27ac:dcdb:f14b:0 - "GET /leaderboard HTTP/1.1" 200 OK
INFO:     2607:fb90:6881:1b92:3188:27ac:dcdb:f14b:0 - "GET /leaderboard HTTP/1.1" 200 OK
INFO:     2607:fb90:6881:1b92:8d8b:d17c:c473:2356:0 - "GET /leaderboard HTTP/1.1" 200 OK
INFO:     2607:fb90:6881:1b92:8d8b:d17c:c473:2356:0 - "GET /leaderboard HTTP/1.1" 200 OK
INFO:     2607:fb90:6881:1b92:3188:27ac:dcdb:f14b:0 - "GET /leaderboard HTTP/1.1" 200 OK
INFO:     2607:fb90:6881:1b92:3188:27ac:dcdb:f14b:0 - "GET /leaderboard HTTP/1.1" 200 OK
INFO:     2607:fb90:6881:1b92:3188:27ac:dcdb:f14b:0 - "GET /leaderboard HTTP/1.1" 200 OK
INFO:     2607:fb90:6881:1b92:3188:27ac:dcdb:f14b:0 - "GET /leaderboard HTTP/1.1" 200 OK
INFO:     2607:fb90:6881:1b92:3188:27ac:dcdb:f14b:0 - "GET /leaderboard HTTP/1.1" 200 OK
INFO:     2607:fb90:6881:1b92:3188:27ac:dcdb:f14b:0 - "GET /leaderboard HTTP/1.1" 200 OK
INFO:     2607:fb90:6881:1b92:3188:27ac:dcdb:f14b:0 - "GET /leaderboard HTTP/1.1" 200 OK
INFO:     2607:fb90:6881:1b92:3188:27ac:dcdb:f14b:0 - "GET /leaderboard HTTP/1.1" 200 OK
INFO:     2607:fb90:6881:1b92:3188:27ac:dcdb:f14b:0 - "GET /leaderboard HTTP/1.1" 200 OK
INFO:     2607:fb90:6881:1b92:3188:27ac:dcdb:f14b:0 - "GET /leaderboard HTTP/1.1" 200 OK
INFO:     2607:fb90:6881:1b92:3188:27ac:dcdb:f14b:0 - "GET /leaderboard HTTP/1.1" 200 OK
INFO:     2607:fb90:6881:1b92:8d8b:d17c:c473:2356:0 - "GET /leaderboard HTTP/1.1" 200 OK
INFO:     2607:fb90:6881:1b92:8d8b:d17c:c473:2356:0 - "GET /leaderboard HTTP/1.1" 200 OK
INFO:     2607:fb90:6881:1b92:3188:27ac:dcdb:f14b:0 - "GET /leaderboard HTTP/1.1" 200 OK
INFO:     2607:fb90:6881:1b92:3188:27ac:dcdb:f14b:0 - "GET /leaderboard HTTP/1.1" 200 OK
INFO:     2607:fb90:6881:1b92:3188:27ac:dcdb:f14b:0 - "GET /leaderboard HTTP/1.1" 200 OK
INFO:     2607:fb90:6881:1b92:3188:27ac:dcdb:f14b:0 - "GET /leaderboard HTTP/1.1" 200 OK
INFO:     2607:fb90:6881:1b92:3188:27ac:dcdb:f14b:0 - "GET /leaderboard HTTP/1.1" 200 OK
INFO:     2607:fb90:6881:1b92:3188:27ac:dcdb:f14b:0 - "GET /leaderboard HTTP/1.1" 200 OK
INFO:     2607:fb90:6881:1b92:3188:27ac:dcdb:f14b:0 - "GET /leaderboard HTTP/1.1" 200 OK
INFO:     2607:fb90:6881:1b92:3188:27ac:dcdb:f14b:0 - "GET /leaderboard HTTP/1.1" 200 OK
INFO:     2607:fb90:6881:1b92:8d8b:d17c:c473:2356:0 - "GET /leaderboard HTTP/1.1" 200 OK
INFO:     2607:fb90:6881:1b92:8d8b:d17c:c473:2356:0 - "GET /leaderboard HTTP/1.1" 200 OK
INFO:     2607:fb90:6881:1b92:3188:27ac:dcdb:f14b:0 - "GET /leaderboard HTTP/1.1" 200 OK
INFO:     2607:fb90:6881:1b92:8d8b:d17c:c473:2356:0 - "GET /leaderboard HTTP/1.1" 200 OK
INFO:     2607:fb90:6881:1b92:8d8b:d17c:c473:2356:0 - "GET /leaderboard HTTP/1.1" 200 OK
INFO:     2607:fb90:6881:1b92:3188:27ac:dcdb:f14b:0 - "GET /leaderboard HTTP/1.1" 200 OK
INFO:     2607:fb90:6881:1b92:8d8b:d17c:c473:2356:0 - "GET /leaderboard HTTP/1.1" 200 OK
INFO:     2607:fb90:6881:1b92:8d8b:d17c:c473:2356:0 - "GET /leaderboard HTTP/1.1" 200 OK
INFO:     2607:fb90:6881:1b92:3188:27ac:dcdb:f14b:0 - "GET /leaderboard HTTP/1.1" 200 OK
INFO:     2607:fb90:6881:1b92:8d8b:d17c:c473:2356:0 - "GET /leaderboard HTTP/1.1" 200 OK
INFO:     2607:fb90:6881:1b92:8d8b:d17c:c473:2356:0 - "GET /leaderboard HTTP/1.1" 200 OK
INFO:     2607:fb90:6881:1b92:3188:27ac:dcdb:f14b:0 - "GET /leaderboard HTTP/1.1" 200 OK
INFO:     2607:fb90:6881:1b92:8d8b:d17c:c473:2356:0 - "GET /leaderboard HTTP/1.1" 200 OK
INFO:     2607:fb90:6881:1b92:8d8b:d17c:c473:2356:0 - "GET /leaderboard HTTP/1.1" 200 OK
INFO:     2607:fb90:6881:1b92:e058:ffc5:76a9:aea:0 - "GET /leaderboard HTTP/1.1" 200 OK
INFO:     2607:fb90:6881:1b92:8d8b:d17c:c473:2356:0 - "GET /leaderboard HTTP/1.1" 200 OK
INFO:     2607:fb90:6881:1b92:8d8b:d17c:c473:2356:0 - "GET /leaderboard HTTP/1.1" 200 OK
INFO:     2607:fb90:6881:1b92:e058:ffc5:76a9:aea:0 - "GET /ui/leaderboard.html HTTP/1.1" 304 Not Modified
INFO:     2607:fb90:6881:1b92:e058:ffc5:76a9:aea:0 - "GET /leaderboard HTTP/1.1" 200 OK
INFO:     2607:fb90:6881:1b92:e058:ffc5:76a9:aea:0 - "GET /leaderboard HTTP/1.1" 200 OK
INFO:     2607:fb90:6881:1b92:e058:ffc5:76a9:aea:0 - "GET /leaderboard HTTP/1.1" 200 OK
INFO:     2607:fb90:6881:1b92:e058:ffc5:76a9:aea:0 - "GET /leaderboard HTTP/1.1" 200 OK
INFO:     2607:fb90:6881:1b92:e058:ffc5:76a9:aea:0 - "GET /leaderboard HTTP/1.1" 200 OK
INFO:     2607:fb90:6881:1b92:e058:ffc5:76a9:aea:0 - "GET /leaderboard HTTP/1.1" 200 OK
INFO:     2607:fb90:6881:1b92:e058:ffc5:76a9:aea:0 - "GET /leaderboard HTTP/1.1" 200 OK
INFO:     2607:fb90:6881:1b92:e058:ffc5:76a9:aea:0 - "GET /leaderboard HTTP/1.1" 200 OK
INFO:     2607:fb90:6881:1b92:e058:ffc5:76a9:aea:0 - "GET /leaderboard HTTP/1.1" 200 OK
INFO:     2607:fb90:6881:1b92:e058:ffc5:76a9:aea:0 - "GET /leaderboard HTTP/1.1" 200 OK
INFO:     2607:fb90:6881:1b92:e058:ffc5:76a9:aea:0 - "GET /leaderboard HTTP/1.1" 200 OK
INFO:     2607:fb90:6881:1b92:e058:ffc5:76a9:aea:0 - "GET /leaderboard HTTP/1.1" 200 OK
INFO:     2607:fb90:6881:1b92:8d8b:d17c:c473:2356:0 - "GET /leaderboard HTTP/1.1" 200 OK
INFO:     2607:fb90:6881:1b92:8d8b:d17c:c473:2356:0 - "GET /leaderboard HTTP/1.1" 200 OK
INFO:     2607:fb90:6881:1b92:e058:ffc5:76a9:aea:0 - "GET /leaderboard HTTP/1.1" 200 OK
INFO:     2607:fb90:6881:1b92:e058:ffc5:76a9:aea:0 - "GET /leaderboard HTTP/1.1" 200 OK
INFO:     2607:fb90:6881:1b92:e058:ffc5:76a9:aea:0 - "GET /leaderboard HTTP/1.1" 200 OK
INFO:     2607:fb90:6881:1b92:e058:ffc5:76a9:aea:0 - "GET /leaderboard HTTP/1.1" 200 OK
INFO:     2607:fb90:6881:1b92:e058:ffc5:76a9:aea:0 - "GET /leaderboard HTTP/1.1" 200 OK
INFO:     2607:fb90:6881:1b92:e058:ffc5:76a9:aea:0 - "GET /leaderboard HTTP/1.1" 200 OK
INFO:     2607:fb90:6881:1b92:8d8b:d17c:c473:2356:0 - "GET /leaderboard HTTP/1.1" 200 OK
INFO:     2607:fb90:6881:1b92:8d8b:d17c:c473:2356:0 - "GET /leaderboard HTTP/1.1" 200 OK
INFO:     2607:fb90:6881:1b92:e058:ffc5:76a9:aea:0 - "GET /leaderboard HTTP/1.1" 200 OK
INFO:     2607:fb90:6881:1b92:e058:ffc5:76a9:aea:0 - "GET /leaderboard HTTP/1.1" 200 OK
INFO:     2607:fb90:6881:1b92:e058:ffc5:76a9:aea:0 - "GET /leaderboard HTTP/1.1" 200 OK
INFO:     2607:fb90:6881:1b92:e058:ffc5:76a9:aea:0 - "GET /leaderboard HTTP/1.1" 200 OK
INFO:     2607:fb90:6881:1b92:e058:ffc5:76a9:aea:0 - "GET /leaderboard HTTP/1.1" 200 OK
INFO:     2607:fb90:6881:1b92:e058:ffc5:76a9:aea:0 - "GET /leaderboard HTTP/1.1" 200 OK
INFO:     2607:fb90:6881:1b92:e058:ffc5:76a9:aea:0 - "GET /leaderboard HTTP/1.1" 200 OK
INFO:     2607:fb90:6881:1b92:e058:ffc5:76a9:aea:0 - "GET /leaderboard HTTP/1.1" 200 OK
INFO:     2607:fb90:6881:1b92:8d8b:d17c:c473:2356:0 - "GET /leaderboard HTTP/1.1" 200 OK
INFO:     2607:fb90:6881:1b92:8d8b:d17c:c473:2356:0 - "GET /leaderboard HTTP/1.1" 200 OK
INFO:     2607:fb90:6881:1b92:e058:ffc5:76a9:aea:0 - "GET /leaderboard HTTP/1.1" 200 OK
INFO:     2607:fb90:6881:1b92:8d8b:d17c:c473:2356:0 - "GET /leaderboard HTTP/1.1" 200 OK
INFO:     2607:fb90:6881:1b92:8d8b:d17c:c473:2356:0 - "GET /leaderboard HTTP/1.1" 200 OK
INFO:     2607:fb90:6881:1b92:e058:ffc5:76a9:aea:0 - "GET /leaderboard HTTP/1.1" 200 OK
INFO:     2607:fb90:6881:1b92:8d8b:d17c:c473:2356:0 - "GET /leaderboard HTTP/1.1" 200 OK
INFO:     2607:fb90:6881:1b92:8d8b:d17c:c473:2356:0 - "GET /leaderboard HTTP/1.1" 200 OK
INFO:     2607:fb90:6881:1b92:e058:ffc5:76a9:aea:0 - "GET /leaderboard HTTP/1.1" 200 OK
INFO:     2607:fb90:6881:1b92:e058:ffc5:76a9:aea:0 - "GET /leaderboard HTTP/1.1" 200 OK
INFO:     2607:fb90:6881:1b92:e058:ffc5:76a9:aea:0 - "GET /leaderboard HTTP/1.1" 200 OK
INFO:     2607:fb90:6881:1b92:e058:ffc5:76a9:aea:0 - "GET /leaderboard HTTP/1.1" 200 OK
INFO:     2607:fb90:6881:1b92:e058:ffc5:76a9:aea:0 - "GET /leaderboard HTTP/1.1" 200 OK
INFO:     2607:fb90:6881:1b92:e058:ffc5:76a9:aea:0 - "GET /leaderboard HTTP/1.1" 200 OK
INFO:     2607:fb90:6881:1b92:e058:ffc5:76a9:aea:0 - "GET /leaderboard HTTP/1.1" 200 OK
INFO:     2607:fb90:6881:1b92:e058:ffc5:76a9:aea:0 - "GET /leaderboard HTTP/1.1" 200 OK
INFO:     2607:fb90:6881:1b92:e058:ffc5:76a9:aea:0 - "GET /leaderboard HTTP/1.1" 200 OK
INFO:     2607:fb90:6881:1b92:e058:ffc5:76a9:aea:0 - "GET /leaderboard HTTP/1.1" 200 OK
INFO:     2607:fb90:6881:1b92:e058:ffc5:76a9:aea:0 - "GET /leaderboard HTTP/1.1" 200 OK
INFO:     2607:fb90:6881:1b92:8d8b:d17c:c473:2356:0 - "GET /leaderboard HTTP/1.1" 200 OK
INFO:     2607:fb90:6881:1b92:8d8b:d17c:c473:2356:0 - "GET /leaderboard HTTP/1.1" 200 OK
INFO:     2607:fb90:6881:1b92:e058:ffc5:76a9:aea:0 - "GET /leaderboard HTTP/1.1" 200 OK
INFO:     2607:fb90:6881:1b92:e058:ffc5:76a9:aea:0 - "GET /leaderboard HTTP/1.1" 200 OK
INFO:     2607:fb90:6881:1b92:e058:ffc5:76a9:aea:0 - "GET /leaderboard HTTP/1.1" 200 OK
INFO:     2607:fb90:6881:1b92:e058:ffc5:76a9:aea:0 - "GET /leaderboard HTTP/1.1" 200 OK
INFO:     2607:fb90:6881:1b92:8d8b:d17c:c473:2356:0 - "GET /leaderboard HTTP/1.1" 200 OK
INFO:     2607:fb90:6881:1b92:8d8b:d17c:c473:2356:0 - "GET /leaderboard HTTP/1.1" 200 OK
INFO:     2607:fb90:6881:1b92:8d8b:d17c:c473:2356:0 - "GET /leaderboard HTTP/1.1" 200 OK
INFO:     2607:fb90:6881:1b92:8d8b:d17c:c473:2356:0 - "GET /leaderboard HTTP/1.1" 200 OK
INFO:     2607:fb90:6881:1b92:8d8b:d17c:c473:2356:0 - "GET /leaderboard HTTP/1.1" 200 OK
INFO:     2607:fb90:6881:1b92:8d8b:d17c:c473:2356:0 - "GET /leaderboard HTTP/1.1" 200 OK
INFO:     2607:fb90:6881:1b92:8d8b:d17c:c473:2356:0 - "GET /leaderboard HTTP/1.1" 200 OK
INFO:     2607:fb90:6881:1b92:8d8b:d17c:c473:2356:0 - "GET /leaderboard HTTP/1.1" 200 OK
INFO:     2607:fb90:6881:1b92:8d8b:d17c:c473:2356:0 - "GET /leaderboard HTTP/1.1" 200 OK
INFO:     2607:fb90:6881:1b92:8d8b:d17c:c473:2356:0 - "GET /leaderboard HTTP/1.1" 200 OK
INFO:     2607:fb90:6881:1b92:8d8b:d17c:c473:2356:0 - "GET /leaderboard HTTP/1.1" 200 OK
INFO:     2607:fb90:6881:1b92:8d8b:d17c:c473:2356:0 - "GET /leaderboard HTTP/1.1" 200 OK
INFO:     2607:fb90:6881:1b92:8d8b:d17c:c473:2356:0 - "GET /leaderboard HTTP/1.1" 200 OK
INFO:     2607:fb90:6881:1b92:8d8b:d17c:c473:2356:0 - "GET /leaderboard HTTP/1.1" 200 OK
INFO:     2607:fb90:6881:1b92:8d8b:d17c:c473:2356:0 - "GET /leaderboard HTTP/1.1" 200 OK
INFO:     2607:fb90:6881:1b92:8d8b:d17c:c473:2356:0 - "GET /leaderboard HTTP/1.1" 200 OK
INFO:     2607:fb90:6881:1b92:8d8b:d17c:c473:2356:0 - "GET /leaderboard HTTP/1.1" 200 OK
INFO:     2607:fb90:6881:1b92:8d8b:d17c:c473:2356:0 - "GET /leaderboard HTTP/1.1" 200 OK
INFO:     2607:fb90:6881:1b92:8d8b:d17c:c473:2356:0 - "GET /leaderboard HTTP/1.1" 200 OK
INFO:     2607:fb90:6881:1b92:8d8b:d17c:c473:2356:0 - "GET /leaderboard HTTP/1.1" 200 OK
INFO:     2607:fb90:6881:1b92:8d8b:d17c:c473:2356:0 - "GET /leaderboard HTTP/1.1" 200 OK
INFO:     2607:fb90:6881:1b92:8d8b:d17c:c473:2356:0 - "GET /leaderboard HTTP/1.1" 200 OK
INFO:     2607:fb90:6881:1b92:8d8b:d17c:c473:2356:0 - "GET /leaderboard HTTP/1.1" 200 OK
INFO:     2607:fb90:6881:1b92:8d8b:d17c:c473:2356:0 - "GET /leaderboard HTTP/1.1" 200 OK
INFO:     2607:fb90:6881:1b92:8d8b:d17c:c473:2356:0 - "GET /leaderboard HTTP/1.1" 200 OK
INFO:     2607:fb90:6881:1b92:8d8b:d17c:c473:2356:0 - "GET /leaderboard HTTP/1.1" 200 OK
INFO:     2607:fb90:6881:1b92:8d8b:d17c:c473:2356:0 - "GET /leaderboard HTTP/1.1" 200 OK
INFO:     2607:fb90:6881:1b92:8d8b:d17c:c473:2356:0 - "GET /leaderboard HTTP/1.1" 200 OK
INFO:     2607:fb90:6881:1b92:8d8b:d17c:c473:2356:0 - "GET /leaderboard HTTP/1.1" 200 OK
INFO:     2607:fb90:6881:1b92:8d8b:d17c:c473:2356:0 - "GET /leaderboard HTTP/1.1" 200 OK
INFO:     2607:fb90:6881:1b92:8d8b:d17c:c473:2356:0 - "GET /leaderboard HTTP/1.1" 200 OK
INFO:     2607:fb90:6881:1b92:8d8b:d17c:c473:2356:0 - "GET /leaderboard HTTP/1.1" 200 OK
INFO:     2607:fb90:6881:1b92:8d8b:d17c:c473:2356:0 - "GET /leaderboard HTTP/1.1" 200 OK
INFO:     2607:fb90:6881:1b92:8d8b:d17c:c473:2356:0 - "GET /leaderboard HTTP/1.1" 200 OK
INFO:     2607:fb90:6881:1b92:8d8b:d17c:c473:2356:0 - "GET /leaderboard HTTP/1.1" 200 OK
INFO:     2607:fb90:6881:1b92:8d8b:d17c:c473:2356:0 - "GET /leaderboard HTTP/1.1" 200 OK
INFO:     2607:fb90:6881:1b92:8d8b:d17c:c473:2356:0 - "GET /leaderboard HTTP/1.1" 200 OK
INFO:     2607:fb90:6881:1b92:8d8b:d17c:c473:2356:0 - "GET /leaderboard HTTP/1.1" 200 OK
INFO:     2607:fb90:6881:1b92:8d8b:d17c:c473:2356:0 - "GET /leaderboard HTTP/1.1" 200 OK
INFO:     2607:fb90:6881:1b92:8d8b:d17c:c473:2356:0 - "GET /leaderboard HTTP/1.1" 200 OK
INFO:     2607:fb90:6881:1b92:8d8b:d17c:c473:2356:0 - "GET /leaderboard HTTP/1.1" 200 OK
INFO:     2607:fb90:6881:1b92:8d8b:d17c:c473:2356:0 - "GET /leaderboard HTTP/1.1" 200 OK
INFO:     2607:fb90:6881:1b92:8d8b:d17c:c473:2356:0 - "GET /leaderboard HTTP/1.1" 200 OK
INFO:     2607:fb90:6881:1b92:8d8b:d17c:c473:2356:0 - "GET /leaderboard HTTP/1.1" 200 OK
INFO:     2607:fb90:6881:1b92:8d8b:d17c:c473:2356:0 - "GET /leaderboard HTTP/1.1" 200 OK
INFO:     2607:fb90:6881:1b92:8d8b:d17c:c473:2356:0 - "GET /leaderboard HTTP/1.1" 200 OK
INFO:     2607:fb90:6881:1b92:8d8b:d17c:c473:2356:0 - "GET /leaderboard HTTP/1.1" 200 OK
INFO:     2607:fb90:6881:1b92:8d8b:d17c:c473:2356:0 - "GET /leaderboard HTTP/1.1" 200 OK
INFO:     2607:fb90:6881:1b92:8d8b:d17c:c473:2356:0 - "GET /leaderboard HTTP/1.1" 200 OK
INFO:     2607:fb90:6881:1b92:8d8b:d17c:c473:2356:0 - "GET /leaderboard HTTP/1.1" 200 OK
INFO:     2607:fb90:6881:1b92:8d8b:d17c:c473:2356:0 - "GET /leaderboard HTTP/1.1" 200 OK
INFO:     2607:fb90:6881:1b92:8d8b:d17c:c473:2356:0 - "GET /leaderboard HTTP/1.1" 200 OK
INFO:     2607:fb90:6881:1b92:8d8b:d17c:c473:2356:0 - "GET /leaderboard HTTP/1.1" 200 OK
INFO:     2607:fb90:6881:1b92:8d8b:d17c:c473:2356:0 - "GET /leaderboard HTTP/1.1" 200 OK
INFO:     2607:fb90:6881:1b92:8d8b:d17c:c473:2356:0 - "GET /leaderboard HTTP/1.1" 200 OK
INFO:     2607:fb90:6881:1b92:8d8b:d17c:c473:2356:0 - "GET /leaderboard HTTP/1.1" 200 OK
INFO:     2607:fb90:6881:1b92:8d8b:d17c:c473:2356:0 - "GET /leaderboard HTTP/1.1" 200 OK
INFO:     2607:fb90:6881:1b92:8d8b:d17c:c473:2356:0 - "GET /leaderboard HTTP/1.1" 200 OK
INFO:     2607:fb90:6881:1b92:8d8b:d17c:c473:2356:0 - "GET /leaderboard HTTP/1.1" 200 OK
INFO:     2607:fb90:6881:1b92:8d8b:d17c:c473:2356:0 - "GET /leaderboard HTTP/1.1" 200 OK
INFO:     2607:fb90:6881:89a6:f18c:ade8:7fbf:7922:0 - "GET /leaderboard/stream HTTP/1.1" 200 OK
INFO:     2607:fb90:6881:89a6:f18c:ade8:7fbf:7922:0 - "GET /leaderboard HTTP/1.1" 200 OK
INFO:     2607:fb90:6881:89a6:f18c:ade8:7fbf:7922:0 - "GET /leaderboard HTTP/1.1" 200 OK
INFO:     2607:fb90:6881:89a6:f18c:ade8:7fbf:7922:0 - "GET /leaderboard HTTP/1.1" 200 OK
INFO:     2607:fb90:6881:89a6:f18c:ade8:7fbf:7922:0 - "GET /leaderboard HTTP/1.1" 200 OK
INFO:     2607:fb90:6881:89a6:f18c:ade8:7fbf:7922:0 - "GET /leaderboard HTTP/1.1" 200 OK
INFO:     2607:fb90:6881:89a6:f18c:ade8:7fbf:7922:0 - "GET /leaderboard HTTP/1.1" 200 OK
INFO:     2607:fb90:6881:89a6:f18c:ade8:7fbf:7922:0 - "GET /leaderboard HTTP/1.1" 200 OK
INFO:     2607:fb90:6881:89a6:f18c:ade8:7fbf:7922:0 - "GET /leaderboard HTTP/1.1" 200 OK
INFO:     2607:fb90:6881:89a6:f18c:ade8:7fbf:7922:0 - "GET /leaderboard HTTP/1.1" 200 OK
INFO:     2607:fb90:6881:89a6:f18c:ade8:7fbf:7922:0 - "GET /leaderboard HTTP/1.1" 200 OK
INFO:     2607:fb90:6881:89a6:f18c:ade8:7fbf:7922:0 - "GET /leaderboard/stream HTTP/1.1" 200 OK
INFO:     2607:fb90:6881:89a6:f18c:ade8:7fbf:7922:0 - "GET /leaderboard HTTP/1.1" 200 OK
INFO:     2607:fb90:6881:89a6:f18c:ade8:7fbf:7922:0 - "GET /leaderboard HTTP/1.1" 200 OK
INFO:     2607:fb90:6881:89a6:f18c:ade8:7fbf:7922:0 - "GET /leaderboard HTTP/1.1" 200 OK
INFO:     2607:fb90:6881:89a6:f18c:ade8:7fbf:7922:0 - "GET /leaderboard HTTP/1.1" 200 OK
INFO:     2607:fb90:6881:89a6:f18c:ade8:7fbf:7922:0 - "GET /leaderboard HTTP/1.1" 200 OK
INFO:     2607:fb90:6881:89a6:f18c:ade8:7fbf:7922:0 - "GET /leaderboard HTTP/1.1" 200 OK
INFO:     2607:fb90:6881:89a6:f18c:ade8:7fbf:7922:0 - "GET /leaderboard HTTP/1.1" 200 OK
INFO:     2607:fb90:6881:89a6:f18c:ade8:7fbf:7922:0 - "GET /leaderboard HTTP/1.1" 200 OK
INFO:     2607:fb90:6881:89a6:f18c:ade8:7fbf:7922:0 - "GET /leaderboard HTTP/1.1" 200 OK
INFO:     2607:fb90:6881:89a6:f18c:ade8:7fbf:7922:0 - "GET /leaderboard HTTP/1.1" 200 OK
INFO:     2607:fb90:6881:89a6:f18c:ade8:7fbf:7922:0 - "GET /leaderboard HTTP/1.1" 200 OK
INFO:     2607:fb90:6881:89a6:f18c:ade8:7fbf:7922:0 - "GET /leaderboard HTTP/1.1" 200 OK
INFO:     2607:fb90:6881:89a6:f18c:ade8:7fbf:7922:0 - "GET /leaderboard HTTP/1.1" 200 OK
INFO:     2607:fb90:6881:89a6:f18c:ade8:7fbf:7922:0 - "GET /leaderboard HTTP/1.1" 200 OK
INFO:     2607:fb90:6881:89a6:f18c:ade8:7fbf:7922:0 - "GET /leaderboard HTTP/1.1" 200 OK
INFO:     2607:fb90:6881:89a6:f18c:ade8:7fbf:7922:0 - "GET /leaderboard HTTP/1.1" 200 OK
INFO:     2607:fb90:6881:89a6:f18c:ade8:7fbf:7922:0 - "GET /leaderboard HTTP/1.1" 200 OK
INFO:     2607:fb90:6881:89a6:f18c:ade8:7fbf:7922:0 - "GET /leaderboard HTTP/1.1" 200 OK
INFO:     2607:fb90:6881:89a6:f18c:ade8:7fbf:7922:0 - "GET /leaderboard HTTP/1.1" 200 OK
INFO:     2607:fb90:6881:89a6:f18c:ade8:7fbf:7922:0 - "GET /leaderboard HTTP/1.1" 200 OK
INFO:     2607:fb90:6881:89a6:f18c:ade8:7fbf:7922:0 - "GET /leaderboard HTTP/1.1" 200 OK
INFO:     2607:fb90:6881:89a6:f18c:ade8:7fbf:7922:0 - "GET /leaderboard HTTP/1.1" 200 OK
INFO:     2607:fb90:6881:89a6:f18c:ade8:7fbf:7922:0 - "GET /leaderboard HTTP/1.1" 200 OK
INFO:     2607:fb90:6881:89a6:f18c:ade8:7fbf:7922:0 - "GET /leaderboard HTTP/1.1" 200 OK
INFO:     2607:fb90:6881:89a6:f18c:ade8:7fbf:7922:0 - "GET /leaderboard HTTP/1.1" 200 OK
INFO:     2607:fb90:6881:89a6:f18c:ade8:7fbf:7922:0 - "GET /leaderboard HTTP/1.1" 200 OK
INFO:     2607:fb90:6881:89a6:f18c:ade8:7fbf:7922:0 - "GET /leaderboard HTTP/1.1" 200 OK
INFO:     2607:fb90:6881:89a6:f18c:ade8:7fbf:7922:0 - "GET /leaderboard HTTP/1.1" 200 OK
INFO:     2607:fb90:6881:89a6:f18c:ade8:7fbf:7922:0 - "GET /leaderboard HTTP/1.1" 200 OK
INFO:     2607:fb90:6881:89a6:f18c:ade8:7fbf:7922:0 - "GET /leaderboard HTTP/1.1" 200 OK
INFO:     2607:fb90:6881:89a6:f18c:ade8:7fbf:7922:0 - "GET /leaderboard HTTP/1.1" 200 OK
INFO:     2607:fb90:6881:89a6:f18c:ade8:7fbf:7922:0 - "GET /leaderboard HTTP/1.1" 200 OK
INFO:     2607:fb90:6881:89a6:f18c:ade8:7fbf:7922:0 - "GET /leaderboard HTTP/1.1" 200 OK
INFO:     2607:fb90:6881:89a6:f18c:ade8:7fbf:7922:0 - "GET /leaderboard HTTP/1.1" 200 OK
INFO:     2607:fb90:6881:89a6:f18c:ade8:7fbf:7922:0 - "GET /leaderboard HTTP/1.1" 200 OK
INFO:     2607:fb90:6881:89a6:f18c:ade8:7fbf:7922:0 - "GET /leaderboard HTTP/1.1" 200 OK
INFO:     2607:fb90:6881:89a6:f18c:ade8:7fbf:7922:0 - "GET /leaderboard HTTP/1.1" 200 OK
INFO:     2607:fb90:6881:89a6:f18c:ade8:7fbf:7922:0 - "GET /leaderboard HTTP/1.1" 200 OK
INFO:     2607:fb90:6881:89a6:f18c:ade8:7fbf:7922:0 - "GET /leaderboard HTTP/1.1" 200 OK
INFO:     2607:fb90:6881:89a6:f18c:ade8:7fbf:7922:0 - "GET /leaderboard HTTP/1.1" 200 OK
INFO:     2607:fb90:6881:89a6:f18c:ade8:7fbf:7922:0 - "GET /leaderboard HTTP/1.1" 200 OK
INFO:     2607:fb90:6881:89a6:f18c:ade8:7fbf:7922:0 - "GET /leaderboard HTTP/1.1" 200 OK
INFO:     2607:fb90:6881:89a6:f18c:ade8:7fbf:7922:0 - "GET /leaderboard HTTP/1.1" 200 OK
INFO:     2607:fb90:6881:89a6:f18c:ade8:7fbf:7922:0 - "GET /leaderboard HTTP/1.1" 200 OK
INFO:     2607:fb90:6881:89a6:f18c:ade8:7fbf:7922:0 - "GET /leaderboard HTTP/1.1" 200 OK
INFO:     2607:fb90:6881:89a6:f18c:ade8:7fbf:7922:0 - "GET /leaderboard HTTP/1.1" 200 OK
INFO:     2607:fb90:6881:89a6:f18c:ade8:7fbf:7922:0 - "GET /leaderboard HTTP/1.1" 200 OK
INFO:     2607:fb90:6881:89a6:f18c:ade8:7fbf:7922:0 - "GET /leaderboard HTTP/1.1" 200 OK
INFO:     2607:fb90:6881:89a6:f18c:ade8:7fbf:7922:0 - "GET /leaderboard HTTP/1.1" 200 OK
INFO:     2607:fb90:6881:89a6:f18c:ade8:7fbf:7922:0 - "GET /leaderboard HTTP/1.1" 200 OK
INFO:     2607:fb90:6881:89a6:f18c:ade8:7fbf:7922:0 - "GET /leaderboard HTTP/1.1" 200 OK
INFO:     2607:fb90:6881:89a6:f18c:ade8:7fbf:7922:0 - "GET /leaderboard HTTP/1.1" 200 OK
INFO:     2607:fb90:6881:89a6:f18c:ade8:7fbf:7922:0 - "GET /leaderboard HTTP/1.1" 200 OK
INFO:     2607:fb90:6881:89a6:f18c:ade8:7fbf:7922:0 - "GET /leaderboard HTTP/1.1" 200 OK
INFO:     2607:fb90:6881:89a6:f18c:ade8:7fbf:7922:0 - "GET /leaderboard HTTP/1.1" 200 OK
INFO:     2607:fb90:6881:89a6:f18c:ade8:7fbf:7922:0 - "GET /leaderboard HTTP/1.1" 200 OK
INFO:     2607:fb90:6881:89a6:f18c:ade8:7fbf:7922:0 - "GET /leaderboard HTTP/1.1" 200 OK
INFO:     2607:fb90:6881:89a6:f18c:ade8:7fbf:7922:0 - "GET /leaderboard HTTP/1.1" 200 OK
INFO:     2607:fb90:6881:89a6:f18c:ade8:7fbf:7922:0 - "GET /leaderboard HTTP/1.1" 200 OK
INFO:     2607:fb90:6881:89a6:f18c:ade8:7fbf:7922:0 - "GET /leaderboard HTTP/1.1" 200 OK
INFO:     2607:fb90:6881:89a6:f18c:ade8:7fbf:7922:0 - "GET /leaderboard HTTP/1.1" 200 OK
INFO:     2607:fb90:6881:89a6:f18c:ade8:7fbf:7922:0 - "GET /leaderboard HTTP/1.1" 200 OK
INFO:     2607:fb90:6881:89a6:f18c:ade8:7fbf:7922:0 - "GET /leaderboard HTTP/1.1" 200 OK
INFO:     2607:fb90:6881:89a6:f18c:ade8:7fbf:7922:0 - "GET /leaderboard HTTP/1.1" 200 OK
INFO:     2607:fb90:6881:89a6:f18c:ade8:7fbf:7922:0 - "GET /leaderboard HTTP/1.1" 200 OK
INFO:     2607:fb90:6881:89a6:f18c:ade8:7fbf:7922:0 - "GET /leaderboard HTTP/1.1" 200 OK
INFO:     2607:fb90:6881:89a6:f18c:ade8:7fbf:7922:0 - "GET /leaderboard HTTP/1.1" 200 OK
INFO:     2607:fb90:6881:89a6:f18c:ade8:7fbf:7922:0 - "GET /leaderboard HTTP/1.1" 200 OK
INFO:     2607:fb90:6881:89a6:f18c:ade8:7fbf:7922:0 - "GET /leaderboard HTTP/1.1" 200 OK
INFO:     2607:fb90:6881:89a6:f18c:ade8:7fbf:7922:0 - "GET /leaderboard HTTP/1.1" 200 OK
INFO:     2607:fb90:6881:89a6:f18c:ade8:7fbf:7922:0 - "GET /leaderboard HTTP/1.1" 200 OK
INFO:     2607:fb90:6881:89a6:f18c:ade8:7fbf:7922:0 - "GET /leaderboard HTTP/1.1" 200 OK
INFO:     2607:fb90:6881:89a6:f18c:ade8:7fbf:7922:0 - "GET /leaderboard HTTP/1.1" 200 OK
INFO:     2607:fb90:6881:89a6:f18c:ade8:7fbf:7922:0 - "GET /leaderboard HTTP/1.1" 200 OK
INFO:     2607:fb90:6881:89a6:f18c:ade8:7fbf:7922:0 - "GET /leaderboard HTTP/1.1" 200 OK
INFO:     2607:fb90:6881:89a6:f18c:ade8:7fbf:7922:0 - "GET /leaderboard HTTP/1.1" 200 OK
INFO:     2607:fb90:6881:89a6:f18c:ade8:7fbf:7922:0 - "GET /leaderboard HTTP/1.1" 200 OK
INFO:     2607:fb90:6881:89a6:f18c:ade8:7fbf:7922:0 - "GET /leaderboard HTTP/1.1" 200 OK
INFO:     2607:fb90:6881:89a6:f18c:ade8:7fbf:7922:0 - "GET /leaderboard HTTP/1.1" 200 OK
INFO:     2607:fb90:6881:89a6:f18c:ade8:7fbf:7922:0 - "GET /leaderboard HTTP/1.1" 200 OK
INFO:     2607:fb90:6881:89a6:f18c:ade8:7fbf:7922:0 - "GET /leaderboard HTTP/1.1" 200 OK
INFO:     2607:fb90:6881:89a6:f18c:ade8:7fbf:7922:0 - "GET /leaderboard HTTP/1.1" 200 OK
INFO:     2607:fb90:6881:89a6:f18c:ade8:7fbf:7922:0 - "GET /leaderboard HTTP/1.1" 200 OK
INFO:     2607:fb90:6881:89a6:f18c:ade8:7fbf:7922:0 - "GET /leaderboard HTTP/1.1" 200 OK
INFO:     2607:fb90:6881:89a6:f18c:ade8:7fbf:7922:0 - "GET /leaderboard HTTP/1.1" 200 OK
INFO:     2607:fb90:6881:89a6:f18c:ade8:7fbf:7922:0 - "GET /leaderboard HTTP/1.1" 200 OK
INFO:     2607:fb90:6881:89a6:f18c:ade8:7fbf:7922:0 - "GET /leaderboard HTTP/1.1" 200 OK
INFO:     2607:fb90:6881:89a6:f18c:ade8:7fbf:7922:0 - "GET /leaderboard HTTP/1.1" 200 OK
INFO:     2607:fb90:6881:89a6:f18c:ade8:7fbf:7922:0 - "GET /leaderboard HTTP/1.1" 200 OK
INFO:     2607:fb90:6881:89a6:f18c:ade8:7fbf:7922:0 - "GET /leaderboard HTTP/1.1" 200 OK
INFO:     2607:fb90:6881:89a6:f18c:ade8:7fbf:7922:0 - "GET /leaderboard HTTP/1.1" 200 OK
INFO:     2607:fb90:6881:89a6:f18c:ade8:7fbf:7922:0 - "GET /leaderboard HTTP/1.1" 200 OK
INFO:     2607:fb90:6881:89a6:f18c:ade8:7fbf:7922:0 - "GET /leaderboard HTTP/1.1" 200 OK
INFO:     2607:fb90:6881:89a6:f18c:ade8:7fbf:7922:0 - "GET /leaderboard HTTP/1.1" 200 OK
INFO:     2607:fb90:6881:89a6:f18c:ade8:7fbf:7922:0 - "GET /leaderboard HTTP/1.1" 200 OK
INFO:     2607:fb90:6881:89a6:f18c:ade8:7fbf:7922:0 - "GET /leaderboard HTTP/1.1" 200 OK
INFO:     2607:fb90:6881:89a6:f18c:ade8:7fbf:7922:0 - "GET /leaderboard HTTP/1.1" 200 OK
INFO:     2607:fb90:6881:89a6:f18c:ade8:7fbf:7922:0 - "GET /leaderboard HTTP/1.1" 200 OK
INFO:     2607:fb90:6881:89a6:f18c:ade8:7fbf:7922:0 - "GET /leaderboard HTTP/1.1" 200 OK
INFO:     2607:fb90:6881:89a6:f18c:ade8:7fbf:7922:0 - "GET /leaderboard HTTP/1.1" 200 OK
INFO:     2607:fb90:6881:89a6:f18c:ade8:7fbf:7922:0 - "GET /leaderboard HTTP/1.1" 200 OK
INFO:     2607:fb90:6881:89a6:f18c:ade8:7fbf:7922:0 - "GET /leaderboard HTTP/1.1" 200 OK
INFO:     2607:fb90:6881:89a6:f18c:ade8:7fbf:7922:0 - "GET /leaderboard HTTP/1.1" 200 OK
INFO:     2607:fb90:6881:89a6:f18c:ade8:7fbf:7922:0 - "GET /leaderboard HTTP/1.1" 200 OK
INFO:     2607:fb90:6881:89a6:f18c:ade8:7fbf:7922:0 - "GET /leaderboard HTTP/1.1" 200 OK
INFO:     2607:fb90:6881:89a6:f18c:ade8:7fbf:7922:0 - "GET /leaderboard HTTP/1.1" 200 OK
INFO:     2607:fb90:6881:89a6:f18c:ade8:7fbf:7922:0 - "GET /leaderboard HTTP/1.1" 200 OK
INFO:     2607:fb90:6881:89a6:f18c:ade8:7fbf:7922:0 - "GET /leaderboard HTTP/1.1" 200 OK
INFO:     2607:fb90:6881:89a6:f18c:ade8:7fbf:7922:0 - "GET /leaderboard HTTP/1.1" 200 OK
INFO:     2607:fb90:6881:89a6:f18c:ade8:7fbf:7922:0 - "GET /leaderboard HTTP/1.1" 200 OK
INFO:     2607:fb90:6881:89a6:f18c:ade8:7fbf:7922:0 - "GET /leaderboard HTTP/1.1" 200 OK
INFO:     2607:fb90:6881:89a6:f18c:ade8:7fbf:7922:0 - "GET /leaderboard HTTP/1.1" 200 OK
INFO:     2607:fb90:6881:89a6:f18c:ade8:7fbf:7922:0 - "GET /leaderboard HTTP/1.1" 200 OK
INFO:     2607:fb90:6881:89a6:f18c:ade8:7fbf:7922:0 - "GET /leaderboard HTTP/1.1" 200 OK
INFO:     2607:fb90:6881:89a6:f18c:ade8:7fbf:7922:0 - "GET /leaderboard HTTP/1.1" 200 OK
INFO:     2607:fb90:6881:89a6:f18c:ade8:7fbf:7922:0 - "GET /leaderboard HTTP/1.1" 200 OK
INFO:     2607:fb90:6881:89a6:f18c:ade8:7fbf:7922:0 - "GET /leaderboard HTTP/1.1" 200 OK
INFO:     2607:fb90:6881:89a6:f18c:ade8:7fbf:7922:0 - "GET /leaderboard HTTP/1.1" 200 OK
INFO:     2607:fb90:6881:89a6:f18c:ade8:7fbf:7922:0 - "GET /leaderboard HTTP/1.1" 200 OK
INFO:     2607:fb90:6881:89a6:f18c:ade8:7fbf:7922:0 - "GET /leaderboard HTTP/1.1" 200 OK
INFO:     2607:fb90:6881:89a6:f18c:ade8:7fbf:7922:0 - "GET /leaderboard HTTP/1.1" 200 OK
INFO:     2607:fb90:6881:89a6:f18c:ade8:7fbf:7922:0 - "GET /leaderboard HTTP/1.1" 200 OK
INFO:     2607:fb90:6881:89a6:f18c:ade8:7fbf:7922:0 - "GET /leaderboard HTTP/1.1" 200 OK
INFO:     2607:fb90:6881:89a6:f18c:ade8:7fbf:7922:0 - "GET /leaderboard HTTP/1.1" 200 OK
INFO:     2607:fb90:6881:89a6:f18c:ade8:7fbf:7922:0 - "GET /leaderboard HTTP/1.1" 200 OK
INFO:     2607:fb90:6881:89a6:f18c:ade8:7fbf:7922:0 - "GET /leaderboard HTTP/1.1" 200 OK
INFO:     2607:fb90:6881:89a6:f18c:ade8:7fbf:7922:0 - "GET /leaderboard HTTP/1.1" 200 OK
INFO:     2607:fb90:6881:89a6:f18c:ade8:7fbf:7922:0 - "GET /leaderboard HTTP/1.1" 200 OK
INFO:     2607:fb90:6881:89a6:f18c:ade8:7fbf:7922:0 - "GET /leaderboard HTTP/1.1" 200 OK
INFO:     2607:fb90:6881:89a6:f18c:ade8:7fbf:7922:0 - "GET /leaderboard HTTP/1.1" 200 OK
INFO:     2607:fb90:6881:89a6:f18c:ade8:7fbf:7922:0 - "GET /leaderboard HTTP/1.1" 200 OK
INFO:     2607:fb90:6881:89a6:f18c:ade8:7fbf:7922:0 - "GET /leaderboard HTTP/1.1" 200 OK
INFO:     2607:fb90:6881:89a6:f18c:ade8:7fbf:7922:0 - "GET /leaderboard HTTP/1.1" 200 OK
INFO:     2607:fb90:6881:89a6:f18c:ade8:7fbf:7922:0 - "GET /leaderboard HTTP/1.1" 200 OK
INFO:     2607:fb90:6881:89a6:f18c:ade8:7fbf:7922:0 - "GET /leaderboard HTTP/1.1" 200 OK
INFO:     2607:fb90:6881:89a6:f18c:ade8:7fbf:7922:0 - "GET /leaderboard HTTP/1.1" 200 OK
INFO:     2607:fb90:6881:89a6:f18c:ade8:7fbf:7922:0 - "GET /leaderboard HTTP/1.1" 200 OK
INFO:     2607:fb90:6881:89a6:f18c:ade8:7fbf:7922:0 - "GET /leaderboard HTTP/1.1" 200 OK
INFO:     2607:fb90:6881:89a6:f18c:ade8:7fbf:7922:0 - "GET /leaderboard HTTP/1.1" 200 OK
INFO:     2607:fb90:6881:89a6:f18c:ade8:7fbf:7922:0 - "GET /leaderboard HTTP/1.1" 200 OK
INFO:     2607:fb90:6881:89a6:f18c:ade8:7fbf:7922:0 - "GET /leaderboard HTTP/1.1" 200 OK
INFO:     2607:fb90:6881:89a6:f18c:ade8:7fbf:7922:0 - "GET /leaderboard HTTP/1.1" 200 OK
INFO:     2607:fb90:6881:89a6:f18c:ade8:7fbf:7922:0 - "GET /leaderboard HTTP/1.1" 200 OK
INFO:     2607:fb90:6881:89a6:f18c:ade8:7fbf:7922:0 - "GET /leaderboard HTTP/1.1" 200 OK
INFO:     2607:fb90:6881:89a6:f18c:ade8:7fbf:7922:0 - "GET /leaderboard HTTP/1.1" 200 OK
INFO:     2607:fb90:6881:89a6:f18c:ade8:7fbf:7922:0 - "GET /leaderboard HTTP/1.1" 200 OK
INFO:     2607:fb90:6881:89a6:f18c:ade8:7fbf:7922:0 - "GET /leaderboard HTTP/1.1" 200 OK
INFO:     2607:fb90:6881:89a6:f18c:ade8:7fbf:7922:0 - "GET /leaderboard HTTP/1.1" 200 OK
INFO:     2607:fb90:6881:89a6:f18c:ade8:7fbf:7922:0 - "GET /leaderboard HTTP/1.1" 200 OK
INFO:     2607:fb90:6881:89a6:f18c:ade8:7fbf:7922:0 - "GET /leaderboard HTTP/1.1" 200 OK
INFO:     2607:fb90:6881:89a6:f18c:ade8:7fbf:7922:0 - "GET /leaderboard HTTP/1.1" 200 OK
INFO:     2607:fb90:6881:89a6:f18c:ade8:7fbf:7922:0 - "GET /leaderboard HTTP/1.1" 200 OK
INFO:     2607:fb90:6881:89a6:f18c:ade8:7fbf:7922:0 - "GET /leaderboard HTTP/1.1" 200 OK
INFO:     2607:fb90:6881:89a6:f18c:ade8:7fbf:7922:0 - "GET /leaderboard HTTP/1.1" 200 OK
INFO:     2607:fb90:6881:89a6:f18c:ade8:7fbf:7922:0 - "GET /leaderboard HTTP/1.1" 200 OK
INFO:     2607:fb90:6881:89a6:f18c:ade8:7fbf:7922:0 - "GET /leaderboard HTTP/1.1" 200 OK
INFO:     2607:fb90:6881:89a6:f18c:ade8:7fbf:7922:0 - "GET /leaderboard HTTP/1.1" 200 OK
INFO:     2607:fb90:6881:89a6:f18c:ade8:7fbf:7922:0 - "GET /leaderboard HTTP/1.1" 200 OK
INFO:     2607:fb90:6881:89a6:f18c:ade8:7fbf:7922:0 - "GET /leaderboard HTTP/1.1" 200 OK
INFO:     2607:fb90:6881:89a6:f18c:ade8:7fbf:7922:0 - "GET /leaderboard HTTP/1.1" 200 OK
INFO:     2607:fb90:6881:89a6:f18c:ade8:7fbf:7922:0 - "GET /leaderboard HTTP/1.1" 200 OK
INFO:     2607:fb90:6881:89a6:f18c:ade8:7fbf:7922:0 - "GET /leaderboard HTTP/1.1" 200 OK
INFO:     2607:fb90:6881:89a6:f18c:ade8:7fbf:7922:0 - "GET /leaderboard HTTP/1.1" 200 OK
INFO:     2607:fb90:6881:89a6:f18c:ade8:7fbf:7922:0 - "GET /leaderboard HTTP/1.1" 200 OK
INFO:     2607:fb90:6881:89a6:f18c:ade8:7fbf:7922:0 - "GET /leaderboard HTTP/1.1" 200 OK
INFO:     2607:fb90:6881:89a6:f18c:ade8:7fbf:7922:0 - "GET /leaderboard HTTP/1.1" 200 OK
INFO:     2607:fb90:6881:89a6:f18c:ade8:7fbf:7922:0 - "GET /leaderboard HTTP/1.1" 200 OK
INFO:     2607:fb90:6881:89a6:f18c:ade8:7fbf:7922:0 - "GET /leaderboard HTTP/1.1" 200 OK
INFO:     2607:fb90:6881:89a6:f18c:ade8:7fbf:7922:0 - "GET /leaderboard HTTP/1.1" 200 OK
INFO:     2607:fb90:6881:89a6:f18c:ade8:7fbf:7922:0 - "GET /leaderboard HTTP/1.1" 200 OK
INFO:     2607:fb90:6881:89a6:f18c:ade8:7fbf:7922:0 - "GET /leaderboard HTTP/1.1" 200 OK
INFO:     2607:fb90:6881:89a6:f18c:ade8:7fbf:7922:0 - "GET /leaderboard HTTP/1.1" 200 OK
INFO:     2607:fb90:6881:89a6:f18c:ade8:7fbf:7922:0 - "GET /leaderboard HTTP/1.1" 200 OK
INFO:     2607:fb90:6881:89a6:f18c:ade8:7fbf:7922:0 - "GET /leaderboard HTTP/1.1" 200 OK
INFO:     2607:fb90:6881:89a6:f18c:ade8:7fbf:7922:0 - "GET /leaderboard HTTP/1.1" 200 OK
INFO:     2607:fb90:6881:89a6:f18c:ade8:7fbf:7922:0 - "GET /leaderboard HTTP/1.1" 200 OK
INFO:     2607:fb90:6881:89a6:f18c:ade8:7fbf:7922:0 - "GET /leaderboard HTTP/1.1" 200 OK
INFO:     2607:fb90:6881:89a6:f18c:ade8:7fbf:7922:0 - "GET /leaderboard HTTP/1.1" 200 OK
INFO:     2607:fb90:6881:89a6:f18c:ade8:7fbf:7922:0 - "GET /leaderboard HTTP/1.1" 200 OK
INFO:     2607:fb90:6881:89a6:f18c:ade8:7fbf:7922:0 - "GET /leaderboard HTTP/1.1" 200 OK
INFO:     2607:fb90:6881:89a6:f18c:ade8:7fbf:7922:0 - "GET /leaderboard HTTP/1.1" 200 OK
INFO:     2607:fb90:6881:89a6:f18c:ade8:7fbf:7922:0 - "GET /leaderboard HTTP/1.1" 200 OK
INFO:     2607:fb90:6881:89a6:f18c:ade8:7fbf:7922:0 - "GET /leaderboard HTTP/1.1" 200 OK
INFO:     2607:fb90:6881:89a6:f18c:ade8:7fbf:7922:0 - "GET /leaderboard HTTP/1.1" 200 OK
INFO:     2607:fb90:6881:89a6:f18c:ade8:7fbf:7922:0 - "GET /leaderboard HTTP/1.1" 200 OK
INFO:     2607:fb90:6881:89a6:f18c:ade8:7fbf:7922:0 - "GET /leaderboard HTTP/1.1" 200 OK
INFO:     2607:fb90:6881:89a6:f18c:ade8:7fbf:7922:0 - "GET /leaderboard HTTP/1.1" 200 OK
INFO:     2607:fb90:6881:89a6:f18c:ade8:7fbf:7922:0 - "GET /leaderboard HTTP/1.1" 200 OK
INFO:     2607:fb90:6881:89a6:f18c:ade8:7fbf:7922:0 - "GET /leaderboard HTTP/1.1" 200 OK
INFO:     2607:fb90:6881:89a6:f18c:ade8:7fbf:7922:0 - "GET /leaderboard HTTP/1.1" 200 OK
INFO:     2607:fb90:6881:89a6:f18c:ade8:7fbf:7922:0 - "GET /leaderboard HTTP/1.1" 200 OK
INFO:     2607:fb90:6881:89a6:f18c:ade8:7fbf:7922:0 - "GET /leaderboard HTTP/1.1" 200 OK
INFO:     2607:fb90:6881:89a6:f18c:ade8:7fbf:7922:0 - "GET /leaderboard HTTP/1.1" 200 OK
INFO:     2607:fb90:6881:89a6:f18c:ade8:7fbf:7922:0 - "GET /leaderboard HTTP/1.1" 200 OK
INFO:     2607:fb90:6881:89a6:f18c:ade8:7fbf:7922:0 - "GET /leaderboard HTTP/1.1" 200 OK
INFO:     2607:fb90:6881:89a6:f18c:ade8:7fbf:7922:0 - "GET /leaderboard HTTP/1.1" 200 OK
INFO:     2607:fb90:6881:89a6:f18c:ade8:7fbf:7922:0 - "GET /leaderboard HTTP/1.1" 200 OK
INFO:     2607:fb90:6881:89a6:f18c:ade8:7fbf:7922:0 - "GET /leaderboard HTTP/1.1" 200 OK
INFO:     2607:fb90:6881:89a6:f18c:ade8:7fbf:7922:0 - "GET /leaderboard HTTP/1.1" 200 OK
INFO:     2607:fb90:6881:89a6:f18c:ade8:7fbf:7922:0 - "GET /leaderboard HTTP/1.1" 200 OK
INFO:     2607:fb90:6881:89a6:f18c:ade8:7fbf:7922:0 - "GET /leaderboard/stream HTTP/1.1" 200 OK
INFO:     2607:fb90:6881:89a6:f18c:ade8:7fbf:7922:0 - "GET /leaderboard HTTP/1.1" 200 OK
INFO:     2607:fb90:6881:89a6:f18c:ade8:7fbf:7922:0 - "GET /leaderboard HTTP/1.1" 200 OK
INFO:     2607:fb90:6881:89a6:f18c:ade8:7fbf:7922:0 - "GET /leaderboard HTTP/1.1" 200 OK
INFO:     2607:fb90:6881:89a6:f18c:ade8:7fbf:7922:0 - "GET /leaderboard HTTP/1.1" 200 OK
INFO:     2607:fb90:6881:89a6:f18c:ade8:7fbf:7922:0 - "GET /leaderboard HTTP/1.1" 200 OK
INFO:     2607:fb90:6881:89a6:f18c:ade8:7fbf:7922:0 - "GET /leaderboard HTTP/1.1" 200 OK
INFO:     2607:fb90:6881:89a6:f18c:ade8:7fbf:7922:0 - "GET /leaderboard HTTP/1.1" 200 OK
INFO:     2607:fb90:6881:89a6:f18c:ade8:7fbf:7922:0 - "GET /leaderboard HTTP/1.1" 200 OK
INFO:     2607:fb90:6881:89a6:f18c:ade8:7fbf:7922:0 - "GET /leaderboard HTTP/1.1" 200 OK
INFO:     2607:fb90:6881:89a6:f18c:ade8:7fbf:7922:0 - "GET /leaderboard HTTP/1.1" 200 OK
INFO:     2607:fb90:6881:89a6:f18c:ade8:7fbf:7922:0 - "GET /leaderboard HTTP/1.1" 200 OK
INFO:     2607:fb90:6881:89a6:f18c:ade8:7fbf:7922:0 - "GET /leaderboard HTTP/1.1" 200 OK
INFO:     2607:fb90:6881:89a6:f18c:ade8:7fbf:7922:0 - "GET /leaderboard HTTP/1.1" 200 OK
INFO:     2607:fb90:6881:89a6:f18c:ade8:7fbf:7922:0 - "GET /leaderboard HTTP/1.1" 200 OK
INFO:     2607:fb90:6881:89a6:f18c:ade8:7fbf:7922:0 - "GET /leaderboard HTTP/1.1" 200 OK
INFO:     2607:fb90:6881:89a6:f18c:ade8:7fbf:7922:0 - "GET /leaderboard HTTP/1.1" 200 OK
INFO:     2607:fb90:6881:89a6:f18c:ade8:7fbf:7922:0 - "GET /leaderboard HTTP/1.1" 200 OK
INFO:     2607:fb90:6881:89a6:f18c:ade8:7fbf:7922:0 - "GET /leaderboard HTTP/1.1" 200 OK
INFO:     2607:fb90:6881:89a6:f18c:ade8:7fbf:7922:0 - "GET /leaderboard HTTP/1.1" 200 OK
INFO:     2607:fb90:6881:89a6:f18c:ade8:7fbf:7922:0 - "GET /leaderboard HTTP/1.1" 200 OK
INFO:     2607:fb90:6881:89a6:f18c:ade8:7fbf:7922:0 - "GET /leaderboard HTTP/1.1" 200 OK
INFO:     2607:fb90:6881:89a6:f18c:ade8:7fbf:7922:0 - "GET /leaderboard HTTP/1.1" 200 OK
INFO:     2607:fb90:6881:89a6:f18c:ade8:7fbf:7922:0 - "GET /leaderboard HTTP/1.1" 200 OK
INFO:     2607:fb90:6881:89a6:f18c:ade8:7fbf:7922:0 - "GET /leaderboard HTTP/1.1" 200 OK
INFO:     2607:fb90:6881:89a6:f18c:ade8:7fbf:7922:0 - "GET /leaderboard HTTP/1.1" 200 OK
INFO:     2607:fb90:6881:89a6:f18c:ade8:7fbf:7922:0 - "GET /leaderboard HTTP/1.1" 200 OK
INFO:     2607:fb90:6881:89a6:f18c:ade8:7fbf:7922:0 - "GET /leaderboard HTTP/1.1" 200 OK
INFO:     2607:fb90:6881:89a6:f18c:ade8:7fbf:7922:0 - "GET /leaderboard HTTP/1.1" 200 OK
INFO:     2607:fb90:6881:89a6:f18c:ade8:7fbf:7922:0 - "GET /leaderboard HTTP/1.1" 200 OK
INFO:     2607:fb90:6881:89a6:f18c:ade8:7fbf:7922:0 - "GET /leaderboard HTTP/1.1" 200 OK
INFO:     2607:fb90:6881:89a6:f18c:ade8:7fbf:7922:0 - "GET /leaderboard HTTP/1.1" 200 OK
INFO:     2607:fb90:6881:89a6:f18c:ade8:7fbf:7922:0 - "GET /leaderboard HTTP/1.1" 200 OK
INFO:     2607:fb90:6881:89a6:f18c:ade8:7fbf:7922:0 - "GET /leaderboard HTTP/1.1" 200 OK
INFO:     2607:fb90:6881:89a6:f18c:ade8:7fbf:7922:0 - "GET /leaderboard HTTP/1.1" 200 OK
INFO:     2607:fb90:6881:89a6:f18c:ade8:7fbf:7922:0 - "GET /leaderboard HTTP/1.1" 200 OK
INFO:     2607:fb90:6881:89a6:f18c:ade8:7fbf:7922:0 - "GET /leaderboard HTTP/1.1" 200 OK
INFO:     2607:fb90:6881:89a6:f18c:ade8:7fbf:7922:0 - "GET /leaderboard HTTP/1.1" 200 OK
INFO:     2607:fb90:6881:89a6:f18c:ade8:7fbf:7922:0 - "GET /leaderboard HTTP/1.1" 200 OK
INFO:     2607:fb90:6881:89a6:f18c:ade8:7fbf:7922:0 - "GET /leaderboard HTTP/1.1" 200 OK
INFO:     2607:fb90:6881:89a6:f18c:ade8:7fbf:7922:0 - "GET /leaderboard HTTP/1.1" 200 OK
INFO:     2607:fb90:6881:89a6:f18c:ade8:7fbf:7922:0 - "GET /leaderboard HTTP/1.1" 200 OK
INFO:     2607:fb90:6881:89a6:f18c:ade8:7fbf:7922:0 - "GET /leaderboard HTTP/1.1" 200 OK
INFO:     2607:fb90:6881:89a6:f18c:ade8:7fbf:7922:0 - "GET /leaderboard HTTP/1.1" 200 OK
INFO:     2607:fb90:6881:89a6:f18c:ade8:7fbf:7922:0 - "GET /leaderboard HTTP/1.1" 200 OK
INFO:     2607:fb90:6881:89a6:f18c:ade8:7fbf:7922:0 - "GET /leaderboard HTTP/1.1" 200 OK
INFO:     2607:fb90:6881:89a6:f18c:ade8:7fbf:7922:0 - "GET /leaderboard HTTP/1.1" 200 OK
INFO:     2607:fb90:6881:89a6:f18c:ade8:7fbf:7922:0 - "GET /leaderboard HTTP/1.1" 200 OK
INFO:     2607:fb90:6881:89a6:f18c:ade8:7fbf:7922:0 - "GET /leaderboard HTTP/1.1" 200 OK
INFO:     2607:fb90:6881:89a6:f18c:ade8:7fbf:7922:0 - "GET /leaderboard HTTP/1.1" 200 OK
INFO:     2607:fb90:6881:89a6:f18c:ade8:7fbf:7922:0 - "GET /leaderboard HTTP/1.1" 200 OK
INFO:     2607:fb90:6881:89a6:f18c:ade8:7fbf:7922:0 - "GET /leaderboard HTTP/1.1" 200 OK
INFO:     2607:fb90:6881:89a6:f18c:ade8:7fbf:7922:0 - "GET /leaderboard HTTP/1.1" 200 OK
INFO:     2607:fb90:6881:89a6:f18c:ade8:7fbf:7922:0 - "GET /leaderboard HTTP/1.1" 200 OK
INFO:     2607:fb90:6881:89a6:f18c:ade8:7fbf:7922:0 - "GET /leaderboard HTTP/1.1" 200 OK
INFO:     2607:fb90:6881:89a6:f18c:ade8:7fbf:7922:0 - "GET /leaderboard HTTP/1.1" 200 OK
INFO:     2607:fb90:6881:89a6:f18c:ade8:7fbf:7922:0 - "GET /leaderboard HTTP/1.1" 200 OK
INFO:     2607:fb90:6881:89a6:f18c:ade8:7fbf:7922:0 - "GET /leaderboard HTTP/1.1" 200 OK
INFO:     2607:fb90:6881:89a6:f18c:ade8:7fbf:7922:0 - "GET /leaderboard HTTP/1.1" 200 OK
INFO:     2607:fb90:6881:89a6:f18c:ade8:7fbf:7922:0 - "GET /leaderboard HTTP/1.1" 200 OK
INFO:     2607:fb90:6881:89a6:f18c:ade8:7fbf:7922:0 - "GET /leaderboard HTTP/1.1" 200 OK
INFO:     2607:fb90:6881:89a6:f18c:ade8:7fbf:7922:0 - "GET /leaderboard HTTP/1.1" 200 OK
INFO:     2607:fb90:6881:89a6:f18c:ade8:7fbf:7922:0 - "GET /leaderboard HTTP/1.1" 200 OK
INFO:     2607:fb90:6881:89a6:f18c:ade8:7fbf:7922:0 - "GET /leaderboard HTTP/1.1" 200 OK
INFO:     2607:fb90:6881:89a6:f18c:ade8:7fbf:7922:0 - "GET /leaderboard HTTP/1.1" 200 OK
INFO:     2607:fb90:6881:89a6:f18c:ade8:7fbf:7922:0 - "GET /leaderboard HTTP/1.1" 200 OK
INFO:     2607:fb90:6881:89a6:f18c:ade8:7fbf:7922:0 - "GET /leaderboard HTTP/1.1" 200 OK
INFO:     2607:fb90:6881:89a6:f18c:ade8:7fbf:7922:0 - "GET /leaderboard HTTP/1.1" 200 OK
INFO:     2607:fb90:6881:89a6:f18c:ade8:7fbf:7922:0 - "GET /leaderboard HTTP/1.1" 200 OK
INFO:     2607:fb90:6881:89a6:f18c:ade8:7fbf:7922:0 - "GET /leaderboard HTTP/1.1" 200 OK
INFO:     2607:fb90:6881:89a6:f18c:ade8:7fbf:7922:0 - "GET /leaderboard HTTP/1.1" 200 OK
INFO:     2607:fb90:6881:89a6:f18c:ade8:7fbf:7922:0 - "GET /leaderboard HTTP/1.1" 200 OK
INFO:     2607:fb90:6881:89a6:f18c:ade8:7fbf:7922:0 - "GET /leaderboard HTTP/1.1" 200 OK
INFO:     2607:fb90:6881:89a6:f18c:ade8:7fbf:7922:0 - "GET /leaderboard HTTP/1.1" 200 OK
INFO:     2607:fb90:6881:89a6:f18c:ade8:7fbf:7922:0 - "GET /leaderboard HTTP/1.1" 200 OK
INFO:     2607:fb90:6881:89a6:f18c:ade8:7fbf:7922:0 - "GET /leaderboard HTTP/1.1" 200 OK
INFO:     2607:fb90:6881:89a6:f18c:ade8:7fbf:7922:0 - "GET /leaderboard HTTP/1.1" 200 OK
INFO:     2607:fb90:6881:89a6:f18c:ade8:7fbf:7922:0 - "GET /leaderboard HTTP/1.1" 200 OK
INFO:     2607:fb90:6881:89a6:f18c:ade8:7fbf:7922:0 - "GET /leaderboard HTTP/1.1" 200 OK
INFO:     2607:fb90:6881:89a6:f18c:ade8:7fbf:7922:0 - "GET /leaderboard HTTP/1.1" 200 OK
INFO:     2607:fb90:6881:89a6:f18c:ade8:7fbf:7922:0 - "GET /leaderboard HTTP/1.1" 200 OK
INFO:     2607:fb90:6881:89a6:f18c:ade8:7fbf:7922:0 - "GET /leaderboard HTTP/1.1" 200 OK
INFO:     2607:fb90:6881:89a6:f18c:ade8:7fbf:7922:0 - "GET /leaderboard HTTP/1.1" 200 OK
INFO:     2607:fb90:6881:89a6:f18c:ade8:7fbf:7922:0 - "GET /leaderboard HTTP/1.1" 200 OK
INFO:     2607:fb90:6881:89a6:f18c:ade8:7fbf:7922:0 - "GET /leaderboard HTTP/1.1" 200 OK
INFO:     2607:fb90:6881:89a6:f18c:ade8:7fbf:7922:0 - "GET /leaderboard HTTP/1.1" 200 OK
INFO:     2607:fb90:6881:89a6:f18c:ade8:7fbf:7922:0 - "GET /leaderboard HTTP/1.1" 200 OK
INFO:     2607:fb90:6881:89a6:f18c:ade8:7fbf:7922:0 - "GET /leaderboard HTTP/1.1" 200 OK
INFO:     2607:fb90:6881:89a6:f18c:ade8:7fbf:7922:0 - "GET /leaderboard HTTP/1.1" 200 OK
INFO:     2607:fb90:6881:89a6:f18c:ade8:7fbf:7922:0 - "GET /leaderboard HTTP/1.1" 200 OK
INFO:     2607:fb90:6881:89a6:f18c:ade8:7fbf:7922:0 - "GET /leaderboard HTTP/1.1" 200 OK
INFO:     2607:fb90:6881:89a6:f18c:ade8:7fbf:7922:0 - "GET /leaderboard HTTP/1.1" 200 OK
INFO:     2607:fb90:6881:89a6:f18c:ade8:7fbf:7922:0 - "GET /leaderboard HTTP/1.1" 200 OK
INFO:     2607:fb90:6881:89a6:f18c:ade8:7fbf:7922:0 - "GET /leaderboard HTTP/1.1" 200 OK
INFO:     2607:fb90:6881:89a6:f18c:ade8:7fbf:7922:0 - "GET /leaderboard HTTP/1.1" 200 OK
INFO:     2607:fb90:6881:89a6:f18c:ade8:7fbf:7922:0 - "GET /leaderboard HTTP/1.1" 200 OK
INFO:     2607:fb90:6881:89a6:f18c:ade8:7fbf:7922:0 - "GET /leaderboard HTTP/1.1" 200 OK
INFO:     2607:fb90:6881:89a6:f18c:ade8:7fbf:7922:0 - "GET /leaderboard HTTP/1.1" 200 OK
INFO:     2607:fb90:6881:89a6:f18c:ade8:7fbf:7922:0 - "GET /leaderboard HTTP/1.1" 200 OK
INFO:     2607:fb90:6881:89a6:f18c:ade8:7fbf:7922:0 - "GET /leaderboard HTTP/1.1" 200 OK
INFO:     2607:fb90:6881:89a6:f18c:ade8:7fbf:7922:0 - "GET /leaderboard HTTP/1.1" 200 OK
INFO:     2607:fb90:6881:89a6:f18c:ade8:7fbf:7922:0 - "GET /leaderboard HTTP/1.1" 200 OK
INFO:     2607:fb90:6881:89a6:f18c:ade8:7fbf:7922:0 - "GET /leaderboard HTTP/1.1" 200 OK
INFO:     2607:fb90:6881:89a6:f18c:ade8:7fbf:7922:0 - "GET /leaderboard HTTP/1.1" 200 OK
INFO:     2607:fb90:6881:89a6:f18c:ade8:7fbf:7922:0 - "GET /leaderboard HTTP/1.1" 200 OK
INFO:     2607:fb90:6881:89a6:f18c:ade8:7fbf:7922:0 - "GET /leaderboard HTTP/1.1" 200 OK
INFO:     2607:fb90:6881:89a6:f18c:ade8:7fbf:7922:0 - "GET /leaderboard HTTP/1.1" 200 OK
INFO:     2607:fb90:6881:89a6:f18c:ade8:7fbf:7922:0 - "GET /leaderboard HTTP/1.1" 200 OK
INFO:     2607:fb90:6881:89a6:f18c:ade8:7fbf:7922:0 - "GET /leaderboard HTTP/1.1" 200 OK
INFO:     2607:fb90:6881:89a6:f18c:ade8:7fbf:7922:0 - "GET /leaderboard HTTP/1.1" 200 OK
INFO:     2607:fb90:6881:89a6:f18c:ade8:7fbf:7922:0 - "GET /leaderboard HTTP/1.1" 200 OK
INFO:     2607:fb90:6881:89a6:f18c:ade8:7fbf:7922:0 - "GET /leaderboard HTTP/1.1" 200 OK
INFO:     2607:fb90:6881:89a6:f18c:ade8:7fbf:7922:0 - "GET /leaderboard HTTP/1.1" 200 OK
INFO:     2607:fb90:6881:89a6:f18c:ade8:7fbf:7922:0 - "GET /leaderboard HTTP/1.1" 200 OK
INFO:     2607:fb90:6881:89a6:f18c:ade8:7fbf:7922:0 - "GET /leaderboard HTTP/1.1" 200 OK
INFO:     2607:fb90:6881:89a6:f18c:ade8:7fbf:7922:0 - "GET /leaderboard HTTP/1.1" 200 OK
INFO:     2607:fb90:6881:89a6:f18c:ade8:7fbf:7922:0 - "GET /leaderboard HTTP/1.1" 200 OK
INFO:     2607:fb90:6881:89a6:f18c:ade8:7fbf:7922:0 - "GET /leaderboard HTTP/1.1" 200 OK
INFO:     2607:fb90:6881:89a6:f18c:ade8:7fbf:7922:0 - "GET /leaderboard HTTP/1.1" 200 OK
INFO:     2607:fb90:6881:89a6:f18c:ade8:7fbf:7922:0 - "GET /leaderboard HTTP/1.1" 200 OK
INFO:     2607:fb90:6881:89a6:f18c:ade8:7fbf:7922:0 - "GET /leaderboard HTTP/1.1" 200 OK
INFO:     2607:fb90:6881:89a6:f18c:ade8:7fbf:7922:0 - "GET /leaderboard HTTP/1.1" 200 OK
INFO:     2607:fb90:6881:89a6:f18c:ade8:7fbf:7922:0 - "GET /leaderboard HTTP/1.1" 200 OK
INFO:     2607:fb90:6881:89a6:f18c:ade8:7fbf:7922:0 - "GET /leaderboard HTTP/1.1" 200 OK
INFO:     2607:fb90:6881:89a6:f18c:ade8:7fbf:7922:0 - "GET /leaderboard HTTP/1.1" 200 OK
INFO:     2607:fb90:6881:89a6:f18c:ade8:7fbf:7922:0 - "GET /leaderboard HTTP/1.1" 200 OK
INFO:     2607:fb90:6881:89a6:f18c:ade8:7fbf:7922:0 - "GET /leaderboard HTTP/1.1" 200 OK
INFO:     2607:fb90:6881:89a6:f18c:ade8:7fbf:7922:0 - "GET /leaderboard HTTP/1.1" 200 OK
INFO:     2607:fb90:6881:89a6:f18c:ade8:7fbf:7922:0 - "GET /leaderboard HTTP/1.1" 200 OK
INFO:     2607:fb90:6881:89a6:f18c:ade8:7fbf:7922:0 - "GET /leaderboard HTTP/1.1" 200 OK
INFO:     2607:fb90:6881:89a6:f18c:ade8:7fbf:7922:0 - "GET /leaderboard HTTP/1.1" 200 OK
INFO:     2607:fb90:6881:89a6:f18c:ade8:7fbf:7922:0 - "GET /leaderboard HTTP/1.1" 200 OK
INFO:     2607:fb90:6881:89a6:f18c:ade8:7fbf:7922:0 - "GET /leaderboard HTTP/1.1" 200 OK
INFO:     2607:fb90:6881:89a6:f18c:ade8:7fbf:7922:0 - "GET /leaderboard HTTP/1.1" 200 OK
INFO:     2607:fb90:6881:89a6:f18c:ade8:7fbf:7922:0 - "GET /leaderboard HTTP/1.1" 200 OK
INFO:     2607:fb90:6881:89a6:f18c:ade8:7fbf:7922:0 - "GET /leaderboard HTTP/1.1" 200 OK
INFO:     2607:fb90:6881:89a6:f18c:ade8:7fbf:7922:0 - "GET /leaderboard HTTP/1.1" 200 OK
INFO:     2607:fb90:6881:89a6:f18c:ade8:7fbf:7922:0 - "GET /leaderboard HTTP/1.1" 200 OK
INFO:     2607:fb90:6881:89a6:f18c:ade8:7fbf:7922:0 - "GET /leaderboard HTTP/1.1" 200 OK
INFO:     2607:fb90:6881:89a6:f18c:ade8:7fbf:7922:0 - "GET /leaderboard HTTP/1.1" 200 OK
INFO:     2607:fb90:6881:89a6:f18c:ade8:7fbf:7922:0 - "GET /leaderboard HTTP/1.1" 200 OK
INFO:     2607:fb90:6881:89a6:f18c:ade8:7fbf:7922:0 - "GET /leaderboard HTTP/1.1" 200 OK
INFO:     2607:fb90:6881:89a6:f18c:ade8:7fbf:7922:0 - "GET /leaderboard HTTP/1.1" 200 OK
INFO:     2607:fb90:6881:89a6:f18c:ade8:7fbf:7922:0 - "GET /leaderboard HTTP/1.1" 200 OK
INFO:     2607:fb90:6881:89a6:f18c:ade8:7fbf:7922:0 - "GET /leaderboard HTTP/1.1" 200 OK
INFO:     2607:fb90:6881:89a6:f18c:ade8:7fbf:7922:0 - "GET /leaderboard HTTP/1.1" 200 OK
INFO:     2607:fb90:6881:89a6:f18c:ade8:7fbf:7922:0 - "GET /leaderboard HTTP/1.1" 200 OK
INFO:     2607:fb90:6881:89a6:f18c:ade8:7fbf:7922:0 - "GET /leaderboard HTTP/1.1" 200 OK
INFO:     2607:fb90:6881:89a6:f18c:ade8:7fbf:7922:0 - "GET /leaderboard HTTP/1.1" 200 OK
INFO:     2607:fb90:6881:89a6:f18c:ade8:7fbf:7922:0 - "GET /leaderboard HTTP/1.1" 200 OK
INFO:     2607:fb90:6881:89a6:f18c:ade8:7fbf:7922:0 - "GET /leaderboard HTTP/1.1" 200 OK
INFO:     2607:fb90:6881:89a6:f18c:ade8:7fbf:7922:0 - "GET /leaderboard HTTP/1.1" 200 OK
INFO:     2607:fb90:6881:89a6:f18c:ade8:7fbf:7922:0 - "GET /leaderboard HTTP/1.1" 200 OK
INFO:     2607:fb90:6881:89a6:f18c:ade8:7fbf:7922:0 - "GET /leaderboard HTTP/1.1" 200 OK
INFO:     2607:fb90:6881:89a6:f18c:ade8:7fbf:7922:0 - "GET /leaderboard HTTP/1.1" 200 OK
INFO:     2607:fb90:6881:89a6:f18c:ade8:7fbf:7922:0 - "GET /leaderboard HTTP/1.1" 200 OK
INFO:     2607:fb90:6881:89a6:f18c:ade8:7fbf:7922:0 - "GET /leaderboard HTTP/1.1" 200 OK
INFO:     2607:fb90:6881:89a6:f18c:ade8:7fbf:7922:0 - "GET /leaderboard HTTP/1.1" 200 OK
INFO:     2607:fb90:6881:89a6:f18c:ade8:7fbf:7922:0 - "GET /leaderboard HTTP/1.1" 200 OK
INFO:     2607:fb90:6881:89a6:f18c:ade8:7fbf:7922:0 - "GET /leaderboard HTTP/1.1" 200 OK
INFO:     2607:fb90:6881:89a6:f18c:ade8:7fbf:7922:0 - "GET /leaderboard HTTP/1.1" 200 OK
INFO:     2607:fb90:6881:89a6:f18c:ade8:7fbf:7922:0 - "GET /leaderboard HTTP/1.1" 200 OK
INFO:     2607:fb90:6881:89a6:f18c:ade8:7fbf:7922:0 - "GET /leaderboard HTTP/1.1" 200 OK
INFO:     2607:fb90:6881:89a6:f18c:ade8:7fbf:7922:0 - "GET /leaderboard HTTP/1.1" 200 OK
INFO:     2607:fb90:6881:89a6:f18c:ade8:7fbf:7922:0 - "GET /leaderboard HTTP/1.1" 200 OK
INFO:     2607:fb90:6881:89a6:f18c:ade8:7fbf:7922:0 - "GET /leaderboard HTTP/1.1" 200 OK
INFO:     2607:fb90:6881:89a6:f18c:ade8:7fbf:7922:0 - "GET /leaderboard HTTP/1.1" 200 OK
INFO:     2607:fb90:6881:89a6:f18c:ade8:7fbf:7922:0 - "GET /leaderboard HTTP/1.1" 200 OK
INFO:     2607:fb90:6881:89a6:f18c:ade8:7fbf:7922:0 - "GET /leaderboard HTTP/1.1" 200 OK
INFO:     2607:fb90:6881:89a6:f18c:ade8:7fbf:7922:0 - "GET /leaderboard HTTP/1.1" 200 OK
INFO:     2607:fb90:6881:89a6:f18c:ade8:7fbf:7922:0 - "GET /leaderboard HTTP/1.1" 200 OK
INFO:     2607:fb90:6881:89a6:f18c:ade8:7fbf:7922:0 - "GET /leaderboard HTTP/1.1" 200 OK
INFO:     2607:fb90:6881:89a6:f18c:ade8:7fbf:7922:0 - "GET /leaderboard HTTP/1.1" 200 OK
INFO:     2607:fb90:6881:89a6:f18c:ade8:7fbf:7922:0 - "GET /leaderboard HTTP/1.1" 200 OK
INFO:     2607:fb90:6881:89a6:f18c:ade8:7fbf:7922:0 - "GET /leaderboard HTTP/1.1" 200 OK
INFO:     2607:fb90:6881:89a6:f18c:ade8:7fbf:7922:0 - "GET /leaderboard HTTP/1.1" 200 OK
INFO:     2607:fb90:6881:89a6:f18c:ade8:7fbf:7922:0 - "GET /leaderboard HTTP/1.1" 200 OK
INFO:     2607:fb90:6881:89a6:f18c:ade8:7fbf:7922:0 - "GET /leaderboard HTTP/1.1" 200 OK
INFO:     2607:fb90:6881:89a6:f18c:ade8:7fbf:7922:0 - "GET /leaderboard HTTP/1.1" 200 OK
INFO:     2607:fb90:6881:89a6:f18c:ade8:7fbf:7922:0 - "GET /leaderboard HTTP/1.1" 200 OK
INFO:     2607:fb90:6881:89a6:f18c:ade8:7fbf:7922:0 - "GET /leaderboard HTTP/1.1" 200 OK
INFO:     2607:fb90:6881:89a6:f18c:ade8:7fbf:7922:0 - "GET /leaderboard HTTP/1.1" 200 OK
INFO:     2607:fb90:6881:89a6:f18c:ade8:7fbf:7922:0 - "GET /leaderboard HTTP/1.1" 200 OK
INFO:     2607:fb90:6881:89a6:f18c:ade8:7fbf:7922:0 - "GET /leaderboard HTTP/1.1" 200 OK
INFO:     2607:fb90:6881:89a6:f18c:ade8:7fbf:7922:0 - "GET /leaderboard HTTP/1.1" 200 OK
INFO:     2607:fb90:6881:89a6:f18c:ade8:7fbf:7922:0 - "GET /leaderboard HTTP/1.1" 200 OK
INFO:     2607:fb90:6881:89a6:f18c:ade8:7fbf:7922:0 - "GET /leaderboard HTTP/1.1" 200 OK
INFO:     2607:fb90:6881:89a6:f18c:ade8:7fbf:7922:0 - "GET /leaderboard HTTP/1.1" 200 OK
INFO:     2607:fb90:6881:89a6:f18c:ade8:7fbf:7922:0 - "GET /leaderboard HTTP/1.1" 200 OK
INFO:     2607:fb90:6881:89a6:f18c:ade8:7fbf:7922:0 - "GET /leaderboard HTTP/1.1" 200 OK
INFO:     2607:fb90:6881:89a6:f18c:ade8:7fbf:7922:0 - "GET /leaderboard HTTP/1.1" 200 OK
INFO:     2607:fb90:6881:89a6:f18c:ade8:7fbf:7922:0 - "GET /leaderboard HTTP/1.1" 200 OK
INFO:     2607:fb90:6881:89a6:f18c:ade8:7fbf:7922:0 - "GET /leaderboard HTTP/1.1" 200 OK
INFO:     2607:fb90:6881:89a6:f18c:ade8:7fbf:7922:0 - "GET /leaderboard HTTP/1.1" 200 OK
INFO:     2607:fb90:6881:89a6:f18c:ade8:7fbf:7922:0 - "GET /leaderboard HTTP/1.1" 200 OK
INFO:     2607:fb90:6881:89a6:f18c:ade8:7fbf:7922:0 - "GET /leaderboard HTTP/1.1" 200 OK
INFO:     2607:fb90:6881:89a6:f18c:ade8:7fbf:7922:0 - "GET /leaderboard HTTP/1.1" 200 OK
INFO:     2607:fb90:6881:89a6:f18c:ade8:7fbf:7922:0 - "GET /leaderboard HTTP/1.1" 200 OK
INFO:     2607:fb90:6881:89a6:f18c:ade8:7fbf:7922:0 - "GET /leaderboard HTTP/1.1" 200 OK
INFO:     2607:fb90:6881:89a6:f18c:ade8:7fbf:7922:0 - "GET /leaderboard HTTP/1.1" 200 OK
INFO:     2607:fb90:6881:89a6:f18c:ade8:7fbf:7922:0 - "GET /leaderboard HTTP/1.1" 200 OK
INFO:     2607:fb90:6881:89a6:f18c:ade8:7fbf:7922:0 - "GET /leaderboard HTTP/1.1" 200 OK
INFO:     2607:fb90:6881:89a6:f18c:ade8:7fbf:7922:0 - "GET /leaderboard HTTP/1.1" 200 OK
INFO:     2607:fb90:6881:89a6:f18c:ade8:7fbf:7922:0 - "GET /leaderboard/stream HTTP/1.1" 200 OK
INFO:     2607:fb90:6881:89a6:f18c:ade8:7fbf:7922:0 - "GET /leaderboard HTTP/1.1" 200 OK
INFO:     2607:fb90:6881:89a6:f18c:ade8:7fbf:7922:0 - "GET /leaderboard HTTP/1.1" 200 OK
INFO:     2607:fb90:6881:89a6:f18c:ade8:7fbf:7922:0 - "GET /leaderboard HTTP/1.1" 200 OK
INFO:     2607:fb90:6881:89a6:f18c:ade8:7fbf:7922:0 - "GET /leaderboard HTTP/1.1" 200 OK
INFO:     2607:fb90:6881:89a6:f18c:ade8:7fbf:7922:0 - "GET /leaderboard HTTP/1.1" 200 OK
INFO:     2607:fb90:6881:89a6:f18c:ade8:7fbf:7922:0 - "GET /leaderboard HTTP/1.1" 200 OK
INFO:     2607:fb90:6881:89a6:f18c:ade8:7fbf:7922:0 - "GET /leaderboard HTTP/1.1" 200 OK
INFO:     2607:fb90:6881:89a6:f18c:ade8:7fbf:7922:0 - "GET /leaderboard HTTP/1.1" 200 OK
INFO:     2607:fb90:6881:89a6:f18c:ade8:7fbf:7922:0 - "GET /leaderboard HTTP/1.1" 200 OK
INFO:     2607:fb90:6881:89a6:f18c:ade8:7fbf:7922:0 - "GET /leaderboard HTTP/1.1" 200 OK
INFO:     2607:fb90:6881:89a6:f18c:ade8:7fbf:7922:0 - "GET /leaderboard HTTP/1.1" 200 OK
INFO:     2607:fb90:6881:89a6:f18c:ade8:7fbf:7922:0 - "GET /leaderboard HTTP/1.1" 200 OK
INFO:     2607:fb90:6881:89a6:f18c:ade8:7fbf:7922:0 - "GET /leaderboard HTTP/1.1" 200 OK
INFO:     2607:fb90:6881:89a6:f18c:ade8:7fbf:7922:0 - "GET /leaderboard HTTP/1.1" 200 OK
INFO:     2607:fb90:6881:89a6:f18c:ade8:7fbf:7922:0 - "GET /leaderboard HTTP/1.1" 200 OK
INFO:     2607:fb90:6881:89a6:f18c:ade8:7fbf:7922:0 - "GET /leaderboard HTTP/1.1" 200 OK
INFO:     2607:fb90:6881:89a6:f18c:ade8:7fbf:7922:0 - "GET /leaderboard HTTP/1.1" 200 OK
INFO:     2607:fb90:6881:89a6:f18c:ade8:7fbf:7922:0 - "GET /leaderboard HTTP/1.1" 200 OK
INFO:     2607:fb90:6881:89a6:f18c:ade8:7fbf:7922:0 - "GET /leaderboard HTTP/1.1" 200 OK
INFO:     2607:fb90:6881:89a6:f18c:ade8:7fbf:7922:0 - "GET /leaderboard HTTP/1.1" 200 OK
INFO:     2607:fb90:6881:89a6:f18c:ade8:7fbf:7922:0 - "GET /leaderboard HTTP/1.1" 200 OK
INFO:     2607:fb90:6881:89a6:f18c:ade8:7fbf:7922:0 - "GET /leaderboard HTTP/1.1" 200 OK
INFO:     2607:fb90:6881:89a6:f18c:ade8:7fbf:7922:0 - "GET /leaderboard HTTP/1.1" 200 OK
INFO:     2607:fb90:6881:89a6:f18c:ade8:7fbf:7922:0 - "GET /leaderboard HTTP/1.1" 200 OK
INFO:     2607:fb90:6881:89a6:f18c:ade8:7fbf:7922:0 - "GET /leaderboard HTTP/1.1" 200 OK
INFO:     2607:fb90:6881:89a6:f18c:ade8:7fbf:7922:0 - "GET /leaderboard HTTP/1.1" 200 OK
INFO:     2607:fb90:6881:89a6:f18c:ade8:7fbf:7922:0 - "GET /leaderboard HTTP/1.1" 200 OK
INFO:     2607:fb90:6881:89a6:f18c:ade8:7fbf:7922:0 - "GET /leaderboard HTTP/1.1" 200 OK
INFO:     2607:fb90:6881:89a6:f18c:ade8:7fbf:7922:0 - "GET /leaderboard HTTP/1.1" 200 OK
INFO:     2607:fb90:6881:89a6:f18c:ade8:7fbf:7922:0 - "GET /leaderboard HTTP/1.1" 200 OK
INFO:     2607:fb90:6881:89a6:f18c:ade8:7fbf:7922:0 - "GET /leaderboard HTTP/1.1" 200 OK
INFO:     2607:fb90:6881:89a6:f18c:ade8:7fbf:7922:0 - "GET /leaderboard HTTP/1.1" 200 OK
INFO:     2607:fb90:6881:89a6:f18c:ade8:7fbf:7922:0 - "GET /leaderboard HTTP/1.1" 200 OK
INFO:     2607:fb90:6881:89a6:f18c:ade8:7fbf:7922:0 - "GET /leaderboard HTTP/1.1" 200 OK
INFO:     2607:fb90:6881:89a6:f18c:ade8:7fbf:7922:0 - "GET /leaderboard HTTP/1.1" 200 OK
INFO:     2607:fb90:6881:89a6:f18c:ade8:7fbf:7922:0 - "GET /leaderboard HTTP/1.1" 200 OK
INFO:     2607:fb90:6881:89a6:f18c:ade8:7fbf:7922:0 - "GET /leaderboard HTTP/1.1" 200 OK
INFO:     2607:fb90:6881:89a6:f18c:ade8:7fbf:7922:0 - "GET /leaderboard HTTP/1.1" 200 OK
INFO:     2607:fb90:6881:89a6:f18c:ade8:7fbf:7922:0 - "GET /leaderboard HTTP/1.1" 200 OK
INFO:     2607:fb90:6881:89a6:f18c:ade8:7fbf:7922:0 - "GET /leaderboard HTTP/1.1" 200 OK
INFO:     2607:fb90:6881:89a6:f18c:ade8:7fbf:7922:0 - "GET /leaderboard HTTP/1.1" 200 OK
INFO:     2607:fb90:6881:89a6:f18c:ade8:7fbf:7922:0 - "GET /leaderboard HTTP/1.1" 200 OK
INFO:     2607:fb90:6881:89a6:f18c:ade8:7fbf:7922:0 - "GET /leaderboard HTTP/1.1" 200 OK
INFO:     2607:fb90:6881:89a6:f18c:ade8:7fbf:7922:0 - "GET /leaderboard HTTP/1.1" 200 OK
INFO:     2607:fb90:6881:89a6:f18c:ade8:7fbf:7922:0 - "GET /leaderboard HTTP/1.1" 200 OK
INFO:     2607:fb90:6881:89a6:f18c:ade8:7fbf:7922:0 - "GET /leaderboard HTTP/1.1" 200 OK
INFO:     2607:fb90:6881:89a6:f18c:ade8:7fbf:7922:0 - "GET /leaderboard HTTP/1.1" 200 OK
INFO:     2607:fb90:6881:89a6:f18c:ade8:7fbf:7922:0 - "GET /leaderboard HTTP/1.1" 200 OK
INFO:     2607:fb90:6881:89a6:f18c:ade8:7fbf:7922:0 - "GET /leaderboard HTTP/1.1" 200 OK
INFO:     2607:fb90:6881:89a6:f18c:ade8:7fbf:7922:0 - "GET /leaderboard HTTP/1.1" 200 OK
INFO:     2607:fb90:6881:89a6:f18c:ade8:7fbf:7922:0 - "GET /leaderboard HTTP/1.1" 200 OK
INFO:     2607:fb90:6881:89a6:f18c:ade8:7fbf:7922:0 - "GET /leaderboard HTTP/1.1" 200 OK
INFO:     2607:fb90:6881:89a6:f18c:ade8:7fbf:7922:0 - "GET /leaderboard HTTP/1.1" 200 OK
INFO:     2607:fb90:6881:89a6:f18c:ade8:7fbf:7922:0 - "GET /leaderboard HTTP/1.1" 200 OK
INFO:     2607:fb90:6881:89a6:f18c:ade8:7fbf:7922:0 - "GET /leaderboard HTTP/1.1" 200 OK
INFO:     2607:fb90:6881:89a6:f18c:ade8:7fbf:7922:0 - "GET /leaderboard HTTP/1.1" 200 OK
INFO:     2607:fb90:6881:89a6:f18c:ade8:7fbf:7922:0 - "GET /leaderboard HTTP/1.1" 200 OK
INFO:     2607:fb90:6881:89a6:f18c:ade8:7fbf:7922:0 - "GET /leaderboard HTTP/1.1" 200 OK
INFO:     2607:fb90:6881:89a6:f18c:ade8:7fbf:7922:0 - "GET /leaderboard HTTP/1.1" 200 OK
INFO:     2607:fb90:6881:89a6:f18c:ade8:7fbf:7922:0 - "GET /leaderboard HTTP/1.1" 200 OK
INFO:     2607:fb90:6881:89a6:f18c:ade8:7fbf:7922:0 - "GET /leaderboard HTTP/1.1" 200 OK
INFO:     2607:fb90:6881:89a6:f18c:ade8:7fbf:7922:0 - "GET /leaderboard HTTP/1.1" 200 OK
INFO:     2607:fb90:6881:89a6:f18c:ade8:7fbf:7922:0 - "GET /leaderboard HTTP/1.1" 200 OK
INFO:     2607:fb90:6881:89a6:f18c:ade8:7fbf:7922:0 - "GET /leaderboard HTTP/1.1" 200 OK
INFO:     2607:fb90:6881:89a6:f18c:ade8:7fbf:7922:0 - "GET /leaderboard HTTP/1.1" 200 OK
INFO:     2607:fb90:6881:89a6:f18c:ade8:7fbf:7922:0 - "GET /leaderboard HTTP/1.1" 200 OK
INFO:     2607:fb90:6881:89a6:f18c:ade8:7fbf:7922:0 - "GET /leaderboard HTTP/1.1" 200 OK
INFO:     2607:fb90:6881:89a6:f18c:ade8:7fbf:7922:0 - "GET /leaderboard HTTP/1.1" 200 OK
INFO:     2607:fb90:6881:89a6:f18c:ade8:7fbf:7922:0 - "GET /leaderboard HTTP/1.1" 200 OK
INFO:     2607:fb90:6881:89a6:f18c:ade8:7fbf:7922:0 - "GET /leaderboard HTTP/1.1" 200 OK
INFO:     2607:fb90:6881:89a6:f18c:ade8:7fbf:7922:0 - "GET /leaderboard HTTP/1.1" 200 OK
INFO:     2607:fb90:6881:89a6:f18c:ade8:7fbf:7922:0 - "GET /leaderboard HTTP/1.1" 200 OK
INFO:     2607:fb90:6881:89a6:f18c:ade8:7fbf:7922:0 - "GET /leaderboard HTTP/1.1" 200 OK
INFO:     2607:fb90:6881:89a6:f18c:ade8:7fbf:7922:0 - "GET /leaderboard HTTP/1.1" 200 OK
INFO:     2607:fb90:6881:89a6:f18c:ade8:7fbf:7922:0 - "GET /leaderboard HTTP/1.1" 200 OK
INFO:     2607:fb90:6881:89a6:f18c:ade8:7fbf:7922:0 - "GET /leaderboard HTTP/1.1" 200 OK
INFO:     2607:fb90:6881:89a6:f18c:ade8:7fbf:7922:0 - "GET /leaderboard HTTP/1.1" 200 OK
INFO:     2607:fb90:6881:89a6:f18c:ade8:7fbf:7922:0 - "GET /leaderboard HTTP/1.1" 200 OK
INFO:     2607:fb90:6881:89a6:f18c:ade8:7fbf:7922:0 - "GET /leaderboard HTTP/1.1" 200 OK
INFO:     2607:fb90:6881:89a6:f18c:ade8:7fbf:7922:0 - "GET /leaderboard HTTP/1.1" 200 OK
INFO:     2607:fb90:6881:89a6:f18c:ade8:7fbf:7922:0 - "GET /leaderboard HTTP/1.1" 200 OK
INFO:     2607:fb90:6881:89a6:f18c:ade8:7fbf:7922:0 - "GET /leaderboard HTTP/1.1" 200 OK
INFO:     2607:fb90:6881:89a6:f18c:ade8:7fbf:7922:0 - "GET /leaderboard HTTP/1.1" 200 OK
INFO:     2607:fb90:6881:89a6:f18c:ade8:7fbf:7922:0 - "GET /leaderboard HTTP/1.1" 200 OK
INFO:     2607:fb90:6881:89a6:f18c:ade8:7fbf:7922:0 - "GET /leaderboard HTTP/1.1" 200 OK
INFO:     2607:fb90:6881:89a6:f18c:ade8:7fbf:7922:0 - "GET /leaderboard HTTP/1.1" 200 OK
INFO:     2607:fb90:6881:89a6:f18c:ade8:7fbf:7922:0 - "GET /leaderboard HTTP/1.1" 200 OK
INFO:     2607:fb90:6881:89a6:f18c:ade8:7fbf:7922:0 - "GET /leaderboard HTTP/1.1" 200 OK
INFO:     2607:fb90:6881:89a6:f18c:ade8:7fbf:7922:0 - "GET /leaderboard HTTP/1.1" 200 OK
INFO:     2607:fb90:6881:89a6:f18c:ade8:7fbf:7922:0 - "GET /leaderboard HTTP/1.1" 200 OK
INFO:     2607:fb90:6881:89a6:f18c:ade8:7fbf:7922:0 - "GET /leaderboard HTTP/1.1" 200 OK
INFO:     2607:fb90:6881:89a6:f18c:ade8:7fbf:7922:0 - "GET /leaderboard HTTP/1.1" 200 OK
INFO:     2607:fb90:6881:89a6:f18c:ade8:7fbf:7922:0 - "GET /leaderboard HTTP/1.1" 200 OK
INFO:     2607:fb90:6881:89a6:f18c:ade8:7fbf:7922:0 - "GET /leaderboard HTTP/1.1" 200 OK
INFO:     2607:fb90:6881:89a6:f18c:ade8:7fbf:7922:0 - "GET /leaderboard HTTP/1.1" 200 OK
INFO:     2607:fb90:6881:89a6:f18c:ade8:7fbf:7922:0 - "GET /leaderboard HTTP/1.1" 200 OK
INFO:     2607:fb90:6881:89a6:f18c:ade8:7fbf:7922:0 - "GET /leaderboard HTTP/1.1" 200 OK
INFO:     2607:fb90:6881:89a6:f18c:ade8:7fbf:7922:0 - "GET /leaderboard HTTP/1.1" 200 OK
INFO:     2607:fb90:6881:89a6:f18c:ade8:7fbf:7922:0 - "GET /leaderboard HTTP/1.1" 200 OK
INFO:     2607:fb90:6881:89a6:f18c:ade8:7fbf:7922:0 - "GET /leaderboard HTTP/1.1" 200 OK
INFO:     2607:fb90:6881:89a6:f18c:ade8:7fbf:7922:0 - "GET /leaderboard HTTP/1.1" 200 OK
INFO:     2607:fb90:6881:89a6:f18c:ade8:7fbf:7922:0 - "GET /leaderboard HTTP/1.1" 200 OK
INFO:     2607:fb90:6881:89a6:f18c:ade8:7fbf:7922:0 - "GET /leaderboard HTTP/1.1" 200 OK
INFO:     2607:fb90:6881:89a6:f18c:ade8:7fbf:7922:0 - "GET /leaderboard HTTP/1.1" 200 OK
INFO:     2607:fb90:6881:89a6:f18c:ade8:7fbf:7922:0 - "GET /leaderboard HTTP/1.1" 200 OK
INFO:     2607:fb90:6881:89a6:f18c:ade8:7fbf:7922:0 - "GET /leaderboard HTTP/1.1" 200 OK
INFO:     2607:fb90:6881:89a6:f18c:ade8:7fbf:7922:0 - "GET /leaderboard HTTP/1.1" 200 OK
INFO:     2607:fb90:6881:89a6:f18c:ade8:7fbf:7922:0 - "GET /leaderboard HTTP/1.1" 200 OK
INFO:     2607:fb90:6881:89a6:f18c:ade8:7fbf:7922:0 - "GET /leaderboard HTTP/1.1" 200 OK
INFO:     2607:fb90:6881:89a6:f18c:ade8:7fbf:7922:0 - "GET /leaderboard HTTP/1.1" 200 OK
INFO:     2607:fb90:6881:89a6:f18c:ade8:7fbf:7922:0 - "GET /leaderboard HTTP/1.1" 200 OK
INFO:     2607:fb90:6881:89a6:f18c:ade8:7fbf:7922:0 - "GET /leaderboard HTTP/1.1" 200 OK
INFO:     2607:fb90:6881:89a6:f18c:ade8:7fbf:7922:0 - "GET /leaderboard HTTP/1.1" 200 OK
INFO:     2607:fb90:6881:89a6:f18c:ade8:7fbf:7922:0 - "GET /leaderboard HTTP/1.1" 200 OK
INFO:     2607:fb90:6881:89a6:f18c:ade8:7fbf:7922:0 - "GET /leaderboard HTTP/1.1" 200 OK
INFO:     2607:fb90:6881:89a6:f18c:ade8:7fbf:7922:0 - "GET /leaderboard HTTP/1.1" 200 OK
INFO:     2607:fb90:6881:89a6:f18c:ade8:7fbf:7922:0 - "GET /leaderboard HTTP/1.1" 200 OK
INFO:     2607:fb90:6881:89a6:f18c:ade8:7fbf:7922:0 - "GET /leaderboard HTTP/1.1" 200 OK
INFO:     2607:fb90:6881:89a6:f18c:ade8:7fbf:7922:0 - "GET /leaderboard HTTP/1.1" 200 OK
INFO:     2607:fb90:6881:89a6:f18c:ade8:7fbf:7922:0 - "GET /leaderboard HTTP/1.1" 200 OK
INFO:     2607:fb90:6881:89a6:f18c:ade8:7fbf:7922:0 - "GET /leaderboard HTTP/1.1" 200 OK
INFO:     2607:fb90:6881:89a6:f18c:ade8:7fbf:7922:0 - "GET /leaderboard HTTP/1.1" 200 OK
INFO:     2607:fb90:6881:89a6:f18c:ade8:7fbf:7922:0 - "GET /leaderboard HTTP/1.1" 200 OK
INFO:     2607:fb90:6881:89a6:f18c:ade8:7fbf:7922:0 - "GET /leaderboard HTTP/1.1" 200 OK
INFO:     2607:fb90:6881:89a6:f18c:ade8:7fbf:7922:0 - "GET /leaderboard HTTP/1.1" 200 OK
INFO:     2607:fb90:6881:89a6:f18c:ade8:7fbf:7922:0 - "GET /leaderboard HTTP/1.1" 200 OK
INFO:     2607:fb90:6881:89a6:f18c:ade8:7fbf:7922:0 - "GET /leaderboard HTTP/1.1" 200 OK
INFO:     2607:fb90:6881:89a6:f18c:ade8:7fbf:7922:0 - "GET /leaderboard HTTP/1.1" 200 OK
INFO:     2607:fb90:6881:89a6:f18c:ade8:7fbf:7922:0 - "GET /leaderboard HTTP/1.1" 200 OK
INFO:     2607:fb90:6881:89a6:f18c:ade8:7fbf:7922:0 - "GET /leaderboard HTTP/1.1" 200 OK
INFO:     2607:fb90:6881:89a6:f18c:ade8:7fbf:7922:0 - "GET /leaderboard HTTP/1.1" 200 OK
INFO:     2607:fb90:6881:89a6:f18c:ade8:7fbf:7922:0 - "GET /leaderboard HTTP/1.1" 200 OK
INFO:     2607:fb90:6881:89a6:f18c:ade8:7fbf:7922:0 - "GET /leaderboard HTTP/1.1" 200 OK
INFO:     2607:fb90:6881:89a6:f18c:ade8:7fbf:7922:0 - "GET /leaderboard HTTP/1.1" 200 OK
INFO:     2607:fb90:6881:89a6:f18c:ade8:7fbf:7922:0 - "GET /leaderboard HTTP/1.1" 200 OK
INFO:     2607:fb90:6881:89a6:f18c:ade8:7fbf:7922:0 - "GET /leaderboard HTTP/1.1" 200 OK
INFO:     2607:fb90:6881:89a6:f18c:ade8:7fbf:7922:0 - "GET /leaderboard HTTP/1.1" 200 OK
INFO:     2607:fb90:6881:89a6:f18c:ade8:7fbf:7922:0 - "GET /leaderboard HTTP/1.1" 200 OK
INFO:     2607:fb90:6881:89a6:f18c:ade8:7fbf:7922:0 - "GET /leaderboard HTTP/1.1" 200 OK
INFO:     2607:fb90:6881:89a6:f18c:ade8:7fbf:7922:0 - "GET /leaderboard HTTP/1.1" 200 OK
INFO:     2607:fb90:6881:89a6:f18c:ade8:7fbf:7922:0 - "GET /leaderboard HTTP/1.1" 200 OK
INFO:     2607:fb90:6881:89a6:f18c:ade8:7fbf:7922:0 - "GET /leaderboard HTTP/1.1" 200 OK
INFO:     2607:fb90:6881:89a6:f18c:ade8:7fbf:7922:0 - "GET /leaderboard HTTP/1.1" 200 OK
INFO:     2607:fb90:6881:89a6:f18c:ade8:7fbf:7922:0 - "GET /leaderboard HTTP/1.1" 200 OK
INFO:     2607:fb90:6881:89a6:f18c:ade8:7fbf:7922:0 - "GET /leaderboard HTTP/1.1" 200 OK
INFO:     2607:fb90:6881:89a6:f18c:ade8:7fbf:7922:0 - "GET /leaderboard HTTP/1.1" 200 OK
INFO:     2607:fb90:6881:89a6:f18c:ade8:7fbf:7922:0 - "GET /leaderboard HTTP/1.1" 200 OK
INFO:     2607:fb90:6881:89a6:f18c:ade8:7fbf:7922:0 - "GET /leaderboard HTTP/1.1" 200 OK
INFO:     2607:fb90:6881:89a6:f18c:ade8:7fbf:7922:0 - "GET /leaderboard HTTP/1.1" 200 OK
INFO:     2607:fb90:6881:89a6:f18c:ade8:7fbf:7922:0 - "GET /leaderboard HTTP/1.1" 200 OK
INFO:     2607:fb90:6881:89a6:f18c:ade8:7fbf:7922:0 - "GET /leaderboard HTTP/1.1" 200 OK
INFO:     2607:fb90:6881:89a6:f18c:ade8:7fbf:7922:0 - "GET /leaderboard HTTP/1.1" 200 OK
INFO:     2607:fb90:6881:89a6:f18c:ade8:7fbf:7922:0 - "GET /leaderboard HTTP/1.1" 200 OK
INFO:     2607:fb90:6881:89a6:f18c:ade8:7fbf:7922:0 - "GET /leaderboard HTTP/1.1" 200 OK
INFO:     2607:fb90:6881:89a6:f18c:ade8:7fbf:7922:0 - "GET /leaderboard HTTP/1.1" 200 OK
INFO:     2607:fb90:6881:89a6:f18c:ade8:7fbf:7922:0 - "GET /leaderboard HTTP/1.1" 200 OK
INFO:     2607:fb90:6881:89a6:f18c:ade8:7fbf:7922:0 - "GET /leaderboard HTTP/1.1" 200 OK
INFO:     2607:fb90:6881:89a6:f18c:ade8:7fbf:7922:0 - "GET /leaderboard HTTP/1.1" 200 OK
INFO:     2607:fb90:6881:89a6:f18c:ade8:7fbf:7922:0 - "GET /leaderboard HTTP/1.1" 200 OK
INFO:     2607:fb90:6881:89a6:f18c:ade8:7fbf:7922:0 - "GET /leaderboard HTTP/1.1" 200 OK
INFO:     2607:fb90:6881:89a6:f18c:ade8:7fbf:7922:0 - "GET /leaderboard HTTP/1.1" 200 OK
INFO:     2607:fb90:6881:89a6:f18c:ade8:7fbf:7922:0 - "GET /leaderboard HTTP/1.1" 200 OK
INFO:     2607:fb90:6881:89a6:f18c:ade8:7fbf:7922:0 - "GET /leaderboard HTTP/1.1" 200 OK
INFO:     2607:fb90:6881:89a6:f18c:ade8:7fbf:7922:0 - "GET /leaderboard HTTP/1.1" 200 OK
INFO:     2607:fb90:6881:89a6:f18c:ade8:7fbf:7922:0 - "GET /leaderboard HTTP/1.1" 200 OK
INFO:     2607:fb90:6881:89a6:f18c:ade8:7fbf:7922:0 - "GET /leaderboard HTTP/1.1" 200 OK
INFO:     2607:fb90:6881:89a6:f18c:ade8:7fbf:7922:0 - "GET /leaderboard HTTP/1.1" 200 OK
INFO:     2607:fb90:6881:89a6:f18c:ade8:7fbf:7922:0 - "GET /leaderboard HTTP/1.1" 200 OK
INFO:     2607:fb90:6881:89a6:f18c:ade8:7fbf:7922:0 - "GET /leaderboard HTTP/1.1" 200 OK
INFO:     2607:fb90:6881:89a6:f18c:ade8:7fbf:7922:0 - "GET /leaderboard HTTP/1.1" 200 OK
INFO:     2607:fb90:6881:89a6:f18c:ade8:7fbf:7922:0 - "GET /leaderboard HTTP/1.1" 200 OK
INFO:     2607:fb90:6881:89a6:f18c:ade8:7fbf:7922:0 - "GET /leaderboard HTTP/1.1" 200 OK
INFO:     2607:fb90:6881:89a6:f18c:ade8:7fbf:7922:0 - "GET /leaderboard HTTP/1.1" 200 OK
INFO:     2607:fb90:6881:89a6:f18c:ade8:7fbf:7922:0 - "GET /leaderboard HTTP/1.1" 200 OK
INFO:     2607:fb90:6881:89a6:f18c:ade8:7fbf:7922:0 - "GET /leaderboard HTTP/1.1" 200 OK
INFO:     2607:fb90:6881:89a6:f18c:ade8:7fbf:7922:0 - "GET /leaderboard HTTP/1.1" 200 OK
INFO:     2607:fb90:6881:89a6:f18c:ade8:7fbf:7922:0 - "GET /leaderboard HTTP/1.1" 200 OK
INFO:     2607:fb90:6881:89a6:f18c:ade8:7fbf:7922:0 - "GET /leaderboard HTTP/1.1" 200 OK
INFO:     2607:fb90:6881:89a6:f18c:ade8:7fbf:7922:0 - "GET /leaderboard HTTP/1.1" 200 OK
INFO:     2607:fb90:6881:89a6:f18c:ade8:7fbf:7922:0 - "GET /leaderboard HTTP/1.1" 200 OK
INFO:     2607:fb90:6881:89a6:f18c:ade8:7fbf:7922:0 - "GET /leaderboard HTTP/1.1" 200 OK
INFO:     2607:fb90:6881:89a6:f18c:ade8:7fbf:7922:0 - "GET /leaderboard HTTP/1.1" 200 OK
INFO:     2607:fb90:6881:89a6:f18c:ade8:7fbf:7922:0 - "GET /leaderboard HTTP/1.1" 200 OK
INFO:     2607:fb90:6881:89a6:f18c:ade8:7fbf:7922:0 - "GET /leaderboard HTTP/1.1" 200 OK
INFO:     2607:fb90:6881:89a6:f18c:ade8:7fbf:7922:0 - "GET /leaderboard HTTP/1.1" 200 OK
INFO:     2607:fb90:6881:89a6:f18c:ade8:7fbf:7922:0 - "GET /leaderboard HTTP/1.1" 200 OK
INFO:     2607:fb90:6881:89a6:f18c:ade8:7fbf:7922:0 - "GET /leaderboard HTTP/1.1" 200 OK
INFO:     2607:fb90:6881:89a6:f18c:ade8:7fbf:7922:0 - "GET /leaderboard HTTP/1.1" 200 OK
INFO:     2607:fb90:6881:89a6:f18c:ade8:7fbf:7922:0 - "GET /leaderboard HTTP/1.1" 200 OK
INFO:     2607:fb90:6881:89a6:f18c:ade8:7fbf:7922:0 - "GET /leaderboard HTTP/1.1" 200 OK
INFO:     2607:fb90:6881:89a6:f18c:ade8:7fbf:7922:0 - "GET /leaderboard HTTP/1.1" 200 OK
INFO:     2607:fb90:6881:89a6:f18c:ade8:7fbf:7922:0 - "GET /leaderboard HTTP/1.1" 200 OK
INFO:     2607:fb90:6881:89a6:f18c:ade8:7fbf:7922:0 - "GET /leaderboard HTTP/1.1" 200 OK
INFO:     2607:fb90:6881:89a6:f18c:ade8:7fbf:7922:0 - "GET /leaderboard HTTP/1.1" 200 OK
INFO:     2607:fb90:6881:89a6:f18c:ade8:7fbf:7922:0 - "GET /leaderboard HTTP/1.1" 200 OK
INFO:     2607:fb90:6881:89a6:f18c:ade8:7fbf:7922:0 - "GET /leaderboard HTTP/1.1" 200 OK
INFO:     2607:fb90:6881:89a6:f18c:ade8:7fbf:7922:0 - "GET /leaderboard HTTP/1.1" 200 OK
INFO:     2607:fb90:6881:89a6:f18c:ade8:7fbf:7922:0 - "GET /leaderboard HTTP/1.1" 200 OK
INFO:     2607:fb90:6881:89a6:f18c:ade8:7fbf:7922:0 - "GET /leaderboard HTTP/1.1" 200 OK
INFO:     2607:fb90:6881:89a6:f18c:ade8:7fbf:7922:0 - "GET /leaderboard HTTP/1.1" 200 OK
INFO:     2607:fb90:6881:89a6:f18c:ade8:7fbf:7922:0 - "GET /leaderboard/stream HTTP/1.1" 200 OK
INFO:     2607:fb90:6881:89a6:f18c:ade8:7fbf:7922:0 - "GET /leaderboard HTTP/1.1" 200 OK
INFO:     2607:fb90:6881:89a6:f18c:ade8:7fbf:7922:0 - "GET /leaderboard HTTP/1.1" 200 OK
INFO:     2607:fb90:6881:89a6:f18c:ade8:7fbf:7922:0 - "GET /leaderboard HTTP/1.1" 200 OK
INFO:     2607:fb90:6881:89a6:f18c:ade8:7fbf:7922:0 - "GET /leaderboard HTTP/1.1" 200 OK
INFO:     2607:fb90:6881:89a6:f18c:ade8:7fbf:7922:0 - "GET /leaderboard HTTP/1.1" 200 OK
INFO:     2607:fb90:6881:89a6:f18c:ade8:7fbf:7922:0 - "GET /leaderboard HTTP/1.1" 200 OK
INFO:     2607:fb90:6881:89a6:f18c:ade8:7fbf:7922:0 - "GET /leaderboard HTTP/1.1" 200 OK
INFO:     2607:fb90:6881:89a6:f18c:ade8:7fbf:7922:0 - "GET /leaderboard HTTP/1.1" 200 OK
INFO:     2607:fb90:6881:89a6:f18c:ade8:7fbf:7922:0 - "GET /leaderboard HTTP/1.1" 200 OK
INFO:     2607:fb90:6881:89a6:f18c:ade8:7fbf:7922:0 - "GET /leaderboard HTTP/1.1" 200 OK
INFO:     2607:fb90:6881:89a6:f18c:ade8:7fbf:7922:0 - "GET /leaderboard HTTP/1.1" 200 OK
INFO:     2607:fb90:6881:89a6:f18c:ade8:7fbf:7922:0 - "GET /leaderboard HTTP/1.1" 200 OK
INFO:     2607:fb90:6881:89a6:f18c:ade8:7fbf:7922:0 - "GET /leaderboard HTTP/1.1" 200 OK
INFO:     2607:fb90:6881:89a6:f18c:ade8:7fbf:7922:0 - "GET /leaderboard HTTP/1.1" 200 OK
INFO:     2607:fb90:6881:89a6:f18c:ade8:7fbf:7922:0 - "GET /leaderboard HTTP/1.1" 200 OK
INFO:     2607:fb90:6881:89a6:f18c:ade8:7fbf:7922:0 - "GET /leaderboard HTTP/1.1" 200 OK
INFO:     2607:fb90:6881:89a6:f18c:ade8:7fbf:7922:0 - "GET /leaderboard HTTP/1.1" 200 OK
INFO:     2607:fb90:6881:89a6:f18c:ade8:7fbf:7922:0 - "GET /leaderboard HTTP/1.1" 200 OK
INFO:     2607:fb90:6881:89a6:f18c:ade8:7fbf:7922:0 - "GET /leaderboard HTTP/1.1" 200 OK
INFO:     2607:fb90:6881:89a6:f18c:ade8:7fbf:7922:0 - "GET /leaderboard HTTP/1.1" 200 OK
INFO:     2607:fb90:6881:89a6:f18c:ade8:7fbf:7922:0 - "GET /leaderboard HTTP/1.1" 200 OK
INFO:     2607:fb90:6881:89a6:f18c:ade8:7fbf:7922:0 - "GET /leaderboard HTTP/1.1" 200 OK
INFO:     2607:fb90:6881:89a6:f18c:ade8:7fbf:7922:0 - "GET /leaderboard HTTP/1.1" 200 OK
INFO:     2607:fb90:6881:89a6:f18c:ade8:7fbf:7922:0 - "GET /leaderboard HTTP/1.1" 200 OK
INFO:     2607:fb90:6881:89a6:f18c:ade8:7fbf:7922:0 - "GET /leaderboard HTTP/1.1" 200 OK
INFO:     2607:fb90:6881:89a6:f18c:ade8:7fbf:7922:0 - "GET /leaderboard HTTP/1.1" 200 OK
INFO:     2607:fb90:6881:89a6:f18c:ade8:7fbf:7922:0 - "GET /leaderboard HTTP/1.1" 200 OK
INFO:     2607:fb90:6881:89a6:f18c:ade8:7fbf:7922:0 - "GET /leaderboard HTTP/1.1" 200 OK
INFO:     2607:fb90:6881:89a6:f18c:ade8:7fbf:7922:0 - "GET /leaderboard HTTP/1.1" 200 OK
INFO:     2607:fb90:6881:89a6:f18c:ade8:7fbf:7922:0 - "GET /leaderboard HTTP/1.1" 200 OK
INFO:     2607:fb90:6881:89a6:f18c:ade8:7fbf:7922:0 - "GET /leaderboard HTTP/1.1" 200 OK
INFO:     2607:fb90:6881:89a6:f18c:ade8:7fbf:7922:0 - "GET /leaderboard HTTP/1.1" 200 OK
INFO:     2607:fb90:6881:89a6:f18c:ade8:7fbf:7922:0 - "GET /leaderboard HTTP/1.1" 200 OK
INFO:     2607:fb90:6881:89a6:f18c:ade8:7fbf:7922:0 - "GET /leaderboard HTTP/1.1" 200 OK
INFO:     2607:fb90:6881:89a6:f18c:ade8:7fbf:7922:0 - "GET /leaderboard HTTP/1.1" 200 OK
INFO:     2607:fb90:6881:89a6:f18c:ade8:7fbf:7922:0 - "GET /leaderboard HTTP/1.1" 200 OK
INFO:     2607:fb90:6881:89a6:f18c:ade8:7fbf:7922:0 - "GET /leaderboard HTTP/1.1" 200 OK
INFO:     2607:fb90:6881:89a6:f18c:ade8:7fbf:7922:0 - "GET /leaderboard HTTP/1.1" 200 OK
INFO:     2607:fb90:6881:89a6:f18c:ade8:7fbf:7922:0 - "GET /leaderboard HTTP/1.1" 200 OK
INFO:     2607:fb90:6881:89a6:f18c:ade8:7fbf:7922:0 - "GET /leaderboard HTTP/1.1" 200 OK
INFO:     2607:fb90:6881:89a6:f18c:ade8:7fbf:7922:0 - "GET /leaderboard HTTP/1.1" 200 OK
INFO:     2607:fb90:6881:89a6:f18c:ade8:7fbf:7922:0 - "GET /leaderboard HTTP/1.1" 200 OK
INFO:     2607:fb90:6881:89a6:f18c:ade8:7fbf:7922:0 - "GET /leaderboard HTTP/1.1" 200 OK
INFO:     2607:fb90:6881:89a6:f18c:ade8:7fbf:7922:0 - "GET /leaderboard HTTP/1.1" 200 OK
INFO:     2607:fb90:6881:89a6:f18c:ade8:7fbf:7922:0 - "GET /leaderboard HTTP/1.1" 200 OK
INFO:     2607:fb90:6881:89a6:f18c:ade8:7fbf:7922:0 - "GET /leaderboard HTTP/1.1" 200 OK
INFO:     2607:fb90:6881:89a6:f18c:ade8:7fbf:7922:0 - "GET /leaderboard HTTP/1.1" 200 OK
INFO:     2607:fb90:6881:89a6:f18c:ade8:7fbf:7922:0 - "GET /leaderboard HTTP/1.1" 200 OK
INFO:     2607:fb90:6881:89a6:f18c:ade8:7fbf:7922:0 - "GET /leaderboard HTTP/1.1" 200 OK
INFO:     2607:fb90:6881:89a6:f18c:ade8:7fbf:7922:0 - "GET /leaderboard HTTP/1.1" 200 OK
INFO:     2607:fb90:6881:89a6:f18c:ade8:7fbf:7922:0 - "GET /leaderboard HTTP/1.1" 200 OK
INFO:     2607:fb90:6881:89a6:f18c:ade8:7fbf:7922:0 - "GET /leaderboard HTTP/1.1" 200 OK
INFO:     2607:fb90:6881:89a6:f18c:ade8:7fbf:7922:0 - "GET /leaderboard HTTP/1.1" 200 OK
INFO:     2607:fb90:6881:89a6:f18c:ade8:7fbf:7922:0 - "GET /leaderboard HTTP/1.1" 200 OK
INFO:     2607:fb90:6881:89a6:f18c:ade8:7fbf:7922:0 - "GET /leaderboard HTTP/1.1" 200 OK
INFO:     2607:fb90:6881:89a6:f18c:ade8:7fbf:7922:0 - "GET /leaderboard HTTP/1.1" 200 OK
INFO:     2607:fb90:6881:89a6:f18c:ade8:7fbf:7922:0 - "GET /leaderboard HTTP/1.1" 200 OK
INFO:     2607:fb90:6881:89a6:f18c:ade8:7fbf:7922:0 - "GET /leaderboard HTTP/1.1" 200 OK
INFO:     2607:fb90:6881:89a6:f18c:ade8:7fbf:7922:0 - "GET /leaderboard HTTP/1.1" 200 OK
INFO:     2607:fb90:6881:89a6:f18c:ade8:7fbf:7922:0 - "GET /leaderboard HTTP/1.1" 200 OK
INFO:     2607:fb90:6881:89a6:f18c:ade8:7fbf:7922:0 - "GET /leaderboard HTTP/1.1" 200 OK
INFO:     2607:fb90:6881:89a6:f18c:ade8:7fbf:7922:0 - "GET /leaderboard HTTP/1.1" 200 OK
INFO:     2607:fb90:6881:89a6:f18c:ade8:7fbf:7922:0 - "GET /leaderboard HTTP/1.1" 200 OK
INFO:     2607:fb90:6881:89a6:f18c:ade8:7fbf:7922:0 - "GET /leaderboard HTTP/1.1" 200 OK
INFO:     2607:fb90:6881:89a6:f18c:ade8:7fbf:7922:0 - "GET /leaderboard HTTP/1.1" 200 OK
INFO:     2607:fb90:6881:89a6:f18c:ade8:7fbf:7922:0 - "GET /leaderboard HTTP/1.1" 200 OK
INFO:     2607:fb90:6881:89a6:f18c:ade8:7fbf:7922:0 - "GET /leaderboard HTTP/1.1" 200 OK
INFO:     2607:fb90:6881:89a6:f18c:ade8:7fbf:7922:0 - "GET /leaderboard HTTP/1.1" 200 OK
INFO:     2607:fb90:6881:89a6:f18c:ade8:7fbf:7922:0 - "GET /leaderboard HTTP/1.1" 200 OK
INFO:     2607:fb90:6881:89a6:f18c:ade8:7fbf:7922:0 - "GET /leaderboard HTTP/1.1" 200 OK
INFO:     2607:fb90:6881:89a6:f18c:ade8:7fbf:7922:0 - "GET /leaderboard HTTP/1.1" 200 OK
INFO:     2607:fb90:6881:89a6:f18c:ade8:7fbf:7922:0 - "GET /leaderboard HTTP/1.1" 200 OK
INFO:     2607:fb90:6881:89a6:f18c:ade8:7fbf:7922:0 - "GET /leaderboard HTTP/1.1" 200 OK
INFO:     2607:fb90:6881:89a6:f18c:ade8:7fbf:7922:0 - "GET /leaderboard HTTP/1.1" 200 OK
INFO:     2607:fb90:6881:89a6:f18c:ade8:7fbf:7922:0 - "GET /leaderboard HTTP/1.1" 200 OK
INFO:     2607:fb90:6881:89a6:f18c:ade8:7fbf:7922:0 - "GET /leaderboard HTTP/1.1" 200 OK
INFO:     2607:fb90:6881:89a6:f18c:ade8:7fbf:7922:0 - "GET /leaderboard HTTP/1.1" 200 OK
INFO:     2607:fb90:6881:89a6:f18c:ade8:7fbf:7922:0 - "GET /leaderboard HTTP/1.1" 200 OK
INFO:     2607:fb90:6881:89a6:f18c:ade8:7fbf:7922:0 - "GET /leaderboard HTTP/1.1" 200 OK
INFO:     2607:fb90:6881:89a6:f18c:ade8:7fbf:7922:0 - "GET /leaderboard HTTP/1.1" 200 OK
INFO:     2607:fb90:6881:89a6:f18c:ade8:7fbf:7922:0 - "GET /leaderboard HTTP/1.1" 200 OK
INFO:     2607:fb90:6881:89a6:f18c:ade8:7fbf:7922:0 - "GET /leaderboard HTTP/1.1" 200 OK
INFO:     2607:fb90:6881:89a6:f18c:ade8:7fbf:7922:0 - "GET /leaderboard HTTP/1.1" 200 OK
INFO:     2607:fb90:6881:89a6:f18c:ade8:7fbf:7922:0 - "GET /leaderboard HTTP/1.1" 200 OK
INFO:     2607:fb90:6881:89a6:f18c:ade8:7fbf:7922:0 - "GET /leaderboard HTTP/1.1" 200 OK
INFO:     2607:fb90:6881:89a6:f18c:ade8:7fbf:7922:0 - "GET /leaderboard HTTP/1.1" 200 OK
INFO:     2607:fb90:6881:89a6:f18c:ade8:7fbf:7922:0 - "GET /leaderboard HTTP/1.1" 200 OK
INFO:     2607:fb90:6881:89a6:f18c:ade8:7fbf:7922:0 - "GET /leaderboard HTTP/1.1" 200 OK
INFO:     2607:fb90:6881:89a6:f18c:ade8:7fbf:7922:0 - "GET /leaderboard HTTP/1.1" 200 OK
INFO:     2607:fb90:6881:89a6:f18c:ade8:7fbf:7922:0 - "GET /leaderboard HTTP/1.1" 200 OK
INFO:     2607:fb90:6881:89a6:f18c:ade8:7fbf:7922:0 - "GET /leaderboard HTTP/1.1" 200 OK
INFO:     2607:fb90:6881:89a6:f18c:ade8:7fbf:7922:0 - "GET /leaderboard HTTP/1.1" 200 OK
INFO:     2607:fb90:6881:89a6:f18c:ade8:7fbf:7922:0 - "GET /leaderboard HTTP/1.1" 200 OK
INFO:     2607:fb90:6881:89a6:f18c:ade8:7fbf:7922:0 - "GET /leaderboard HTTP/1.1" 200 OK
INFO:     2607:fb90:6881:89a6:f18c:ade8:7fbf:7922:0 - "GET /leaderboard HTTP/1.1" 200 OK
INFO:     2607:fb90:6881:89a6:f18c:ade8:7fbf:7922:0 - "GET /leaderboard HTTP/1.1" 200 OK
INFO:     2607:fb90:6881:89a6:fc4f:5224:a5f7:cfe1:0 - "GET /ui/leaderboard.html HTTP/1.1" 304 Not Modified
INFO:     2607:fb90:6881:89a6:fc4f:5224:a5f7:cfe1:0 - "GET /leaderboard HTTP/1.1" 200 OK
INFO:     2607:fb90:6881:89a6:fc4f:5224:a5f7:cfe1:0 - "GET /leaderboard HTTP/1.1" 200 OK
INFO:     2607:fb90:6881:89a6:fc4f:5224:a5f7:cfe1:0 - "GET /leaderboard HTTP/1.1" 200 OK
INFO:     2607:fb90:6881:89a6:fc4f:5224:a5f7:cfe1:0 - "GET /ui/leaderboard.html HTTP/1.1" 200 OK
INFO:     2607:fb90:6881:89a6:fc4f:5224:a5f7:cfe1:0 - "GET /leaderboard HTTP/1.1" 200 OK
INFO:     2607:fb90:6881:89a6:fc4f:5224:a5f7:cfe1:0 - "GET /leaderboard HTTP/1.1" 200 OK
INFO:     2607:fb90:6881:89a6:fc4f:5224:a5f7:cfe1:0 - "GET /leaderboard HTTP/1.1" 200 OK
INFO:     2607:fb90:6881:89a6:fc4f:5224:a5f7:cfe1:0 - "GET /leaderboard HTTP/1.1" 200 OK
INFO:     2607:fb90:6881:89a6:fc4f:5224:a5f7:cfe1:0 - "GET /leaderboard HTTP/1.1" 200 OK
INFO:     2607:fb90:6881:89a6:fc4f:5224:a5f7:cfe1:0 - "GET /leaderboard HTTP/1.1" 200 OK
INFO:     2607:fb90:6881:89a6:fc4f:5224:a5f7:cfe1:0 - "GET /leaderboard HTTP/1.1" 200 OK
INFO:     2607:fb90:6881:89a6:f18c:ade8:7fbf:7922:0 - "GET /leaderboard HTTP/1.1" 200 OK
INFO:     2607:fb90:6881:89a6:f18c:ade8:7fbf:7922:0 - "GET /leaderboard HTTP/1.1" 200 OK
INFO:     2607:fb90:6881:89a6:fc4f:5224:a5f7:cfe1:0 - "GET /leaderboard HTTP/1.1" 200 OK
INFO:     2607:fb90:6881:89a6:fc4f:5224:a5f7:cfe1:0 - "GET /leaderboard HTTP/1.1" 200 OK
INFO:     2607:fb90:6881:89a6:fc4f:5224:a5f7:cfe1:0 - "GET /leaderboard HTTP/1.1" 200 OK
INFO:     2607:fb90:6881:89a6:fc4f:5224:a5f7:cfe1:0 - "GET /leaderboard HTTP/1.1" 200 OK
INFO:     2607:fb90:6881:89a6:fc4f:5224:a5f7:cfe1:0 - "GET /leaderboard HTTP/1.1" 200 OK
INFO:     2607:fb90:6881:89a6:fc4f:5224:a5f7:cfe1:0 - "GET /leaderboard HTTP/1.1" 200 OK
INFO:     2607:fb90:6881:89a6:fc4f:5224:a5f7:cfe1:0 - "GET /leaderboard HTTP/1.1" 200 OK
INFO:     2607:fb90:6881:89a6:f18c:ade8:7fbf:7922:0 - "GET /leaderboard HTTP/1.1" 200 OK
INFO:     2607:fb90:6881:89a6:f18c:ade8:7fbf:7922:0 - "GET /leaderboard HTTP/1.1" 200 OK
INFO:     2607:fb90:6881:89a6:f18c:ade8:7fbf:7922:0 - "GET /leaderboard HTTP/1.1" 200 OK
INFO:     2607:fb90:6881:89a6:f18c:ade8:7fbf:7922:0 - "GET /leaderboard HTTP/1.1" 200 OK
INFO:     2607:fb90:6881:89a6:f18c:ade8:7fbf:7922:0 - "GET /leaderboard HTTP/1.1" 200 OK
INFO:     2607:fb90:6881:89a6:f18c:ade8:7fbf:7922:0 - "GET /leaderboard HTTP/1.1" 200 OK
INFO:     2607:fb90:6881:89a6:f18c:ade8:7fbf:7922:0 - "GET /leaderboard HTTP/1.1" 200 OK
INFO:     2607:fb90:6881:89a6:f18c:ade8:7fbf:7922:0 - "GET /leaderboard HTTP/1.1" 200 OK
INFO:     2607:fb90:6881:89a6:f18c:ade8:7fbf:7922:0 - "GET /leaderboard HTTP/1.1" 200 OK
INFO:     2607:fb90:6881:89a6:f18c:ade8:7fbf:7922:0 - "GET /leaderboard HTTP/1.1" 200 OK
INFO:     2607:fb90:6881:89a6:f18c:ade8:7fbf:7922:0 - "GET /leaderboard HTTP/1.1" 200 OK
INFO:     2607:fb90:6881:89a6:f18c:ade8:7fbf:7922:0 - "GET /leaderboard HTTP/1.1" 200 OK
INFO:     2607:fb90:6881:89a6:f18c:ade8:7fbf:7922:0 - "GET /leaderboard HTTP/1.1" 200 OK
INFO:     2607:fb90:6881:89a6:f18c:ade8:7fbf:7922:0 - "GET /leaderboard HTTP/1.1" 200 OK
INFO:     2607:fb90:6881:89a6:f18c:ade8:7fbf:7922:0 - "GET /leaderboard HTTP/1.1" 200 OK
INFO:     2607:fb90:6881:89a6:f18c:ade8:7fbf:7922:0 - "GET /leaderboard HTTP/1.1" 200 OK
INFO:     2607:fb90:6881:89a6:f18c:ade8:7fbf:7922:0 - "GET /leaderboard HTTP/1.1" 200 OK
INFO:     2607:fb90:6881:89a6:f18c:ade8:7fbf:7922:0 - "GET /leaderboard HTTP/1.1" 200 OK
INFO:     2607:fb90:6881:89a6:f18c:ade8:7fbf:7922:0 - "GET /leaderboard HTTP/1.1" 200 OK
INFO:     2607:fb90:6881:89a6:f18c:ade8:7fbf:7922:0 - "GET /leaderboard HTTP/1.1" 200 OK
INFO:     2607:fb90:6881:89a6:f18c:ade8:7fbf:7922:0 - "GET /leaderboard HTTP/1.1" 200 OK
INFO:     2607:fb90:6881:89a6:f18c:ade8:7fbf:7922:0 - "GET /leaderboard HTTP/1.1" 200 OK
INFO:     2607:fb90:6881:89a6:f18c:ade8:7fbf:7922:0 - "GET /leaderboard HTTP/1.1" 200 OK
INFO:     2607:fb90:6881:89a6:f18c:ade8:7fbf:7922:0 - "GET /leaderboard HTTP/1.1" 200 OK
INFO:     2607:fb90:6881:89a6:f18c:ade8:7fbf:7922:0 - "GET /leaderboard HTTP/1.1" 200 OK
INFO:     2607:fb90:6881:89a6:f18c:ade8:7fbf:7922:0 - "GET /leaderboard HTTP/1.1" 200 OK
INFO:     2607:fb90:6881:89a6:f18c:ade8:7fbf:7922:0 - "GET /leaderboard HTTP/1.1" 200 OK
INFO:     2607:fb90:6881:89a6:f18c:ade8:7fbf:7922:0 - "GET /leaderboard HTTP/1.1" 200 OK
INFO:     2607:fb90:6881:89a6:f18c:ade8:7fbf:7922:0 - "GET /leaderboard HTTP/1.1" 200 OK
INFO:     2607:fb90:6881:89a6:f18c:ade8:7fbf:7922:0 - "GET /leaderboard HTTP/1.1" 200 OK
INFO:     2607:fb90:6881:89a6:f18c:ade8:7fbf:7922:0 - "GET /leaderboard HTTP/1.1" 200 OK
INFO:     2607:fb90:6881:89a6:f18c:ade8:7fbf:7922:0 - "GET /leaderboard HTTP/1.1" 200 OK
INFO:     2607:fb90:6881:89a6:f18c:ade8:7fbf:7922:0 - "GET /leaderboard HTTP/1.1" 200 OK
INFO:     2607:fb90:6881:89a6:f18c:ade8:7fbf:7922:0 - "GET /leaderboard HTTP/1.1" 200 OK
INFO:     2607:fb90:6881:89a6:f18c:ade8:7fbf:7922:0 - "GET /leaderboard HTTP/1.1" 200 OK
INFO:     2607:fb90:6881:89a6:f18c:ade8:7fbf:7922:0 - "GET /leaderboard HTTP/1.1" 200 OK
INFO:     2607:fb90:6881:89a6:f18c:ade8:7fbf:7922:0 - "GET /leaderboard HTTP/1.1" 200 OK
INFO:     2607:fb90:6881:89a6:f18c:ade8:7fbf:7922:0 - "GET /leaderboard HTTP/1.1" 200 OK
INFO:     2607:fb90:6881:89a6:f18c:ade8:7fbf:7922:0 - "GET /leaderboard HTTP/1.1" 200 OK
INFO:     2607:fb90:6881:89a6:f18c:ade8:7fbf:7922:0 - "GET /leaderboard HTTP/1.1" 200 OK
INFO:     2607:fb90:6881:89a6:f18c:ade8:7fbf:7922:0 - "GET /leaderboard HTTP/1.1" 200 OK
INFO:     2607:fb90:6881:89a6:f18c:ade8:7fbf:7922:0 - "GET /leaderboard HTTP/1.1" 200 OK
INFO:     2607:fb90:6881:89a6:f18c:ade8:7fbf:7922:0 - "GET /leaderboard HTTP/1.1" 200 OK
INFO:     2607:fb90:6881:89a6:f18c:ade8:7fbf:7922:0 - "GET /leaderboard HTTP/1.1" 200 OK
INFO:     2607:fb90:6881:89a6:f18c:ade8:7fbf:7922:0 - "GET /leaderboard HTTP/1.1" 200 OK
INFO:     2607:fb90:6881:89a6:f18c:ade8:7fbf:7922:0 - "GET /leaderboard HTTP/1.1" 200 OK
INFO:     2607:fb90:6881:89a6:f18c:ade8:7fbf:7922:0 - "GET /leaderboard HTTP/1.1" 200 OK
INFO:     2607:fb90:6881:89a6:f18c:ade8:7fbf:7922:0 - "GET /leaderboard HTTP/1.1" 200 OK
INFO:     2607:fb90:6881:89a6:f18c:ade8:7fbf:7922:0 - "GET /leaderboard HTTP/1.1" 200 OK
INFO:     2607:fb90:6881:89a6:f18c:ade8:7fbf:7922:0 - "GET /leaderboard HTTP/1.1" 200 OK
INFO:     2607:fb90:6881:89a6:f18c:ade8:7fbf:7922:0 - "GET /leaderboard HTTP/1.1" 200 OK
INFO:     2607:fb90:6881:89a6:f18c:ade8:7fbf:7922:0 - "GET /leaderboard HTTP/1.1" 200 OK
INFO:     2607:fb90:6881:89a6:f18c:ade8:7fbf:7922:0 - "GET /leaderboard HTTP/1.1" 200 OK
INFO:     2607:fb90:6881:89a6:f18c:ade8:7fbf:7922:0 - "GET /leaderboard HTTP/1.1" 200 OK
INFO:     2607:fb90:6881:89a6:f18c:ade8:7fbf:7922:0 - "GET /leaderboard HTTP/1.1" 200 OK
INFO:     2607:fb90:6881:89a6:f18c:ade8:7fbf:7922:0 - "GET /leaderboard HTTP/1.1" 200 OK
INFO:     2607:fb90:6881:89a6:f18c:ade8:7fbf:7922:0 - "GET /leaderboard HTTP/1.1" 200 OK
INFO:     2607:fb90:6881:89a6:f18c:ade8:7fbf:7922:0 - "GET /leaderboard HTTP/1.1" 200 OK
INFO:     2607:fb90:6881:89a6:f18c:ade8:7fbf:7922:0 - "GET /leaderboard HTTP/1.1" 200 OK
INFO:     2607:fb90:6881:89a6:f18c:ade8:7fbf:7922:0 - "GET /leaderboard HTTP/1.1" 200 OK
INFO:     2607:fb90:6881:89a6:f18c:ade8:7fbf:7922:0 - "GET /leaderboard HTTP/1.1" 200 OK
INFO:     2607:fb90:6881:89a6:f18c:ade8:7fbf:7922:0 - "GET /leaderboard HTTP/1.1" 200 OK
INFO:     2607:fb90:6881:89a6:f18c:ade8:7fbf:7922:0 - "GET /leaderboard HTTP/1.1" 200 OK
INFO:     2607:fb90:6881:89a6:f18c:ade8:7fbf:7922:0 - "GET /leaderboard HTTP/1.1" 200 OK
INFO:     2607:fb90:6881:89a6:f18c:ade8:7fbf:7922:0 - "GET /leaderboard HTTP/1.1" 200 OK
INFO:     2607:fb90:6881:89a6:f18c:ade8:7fbf:7922:0 - "GET /leaderboard HTTP/1.1" 200 OK
INFO:     2607:fb90:6881:89a6:f18c:ade8:7fbf:7922:0 - "GET /leaderboard HTTP/1.1" 200 OK
INFO:     2607:fb90:6881:89a6:f18c:ade8:7fbf:7922:0 - "GET /leaderboard HTTP/1.1" 200 OK
INFO:     2607:fb90:6881:89a6:f18c:ade8:7fbf:7922:0 - "GET /leaderboard HTTP/1.1" 200 OK
INFO:     2607:fb90:6881:89a6:f18c:ade8:7fbf:7922:0 - "GET /leaderboard HTTP/1.1" 200 OK
INFO:     2607:fb90:6881:89a6:f18c:ade8:7fbf:7922:0 - "GET /leaderboard HTTP/1.1" 200 OK
INFO:     2607:fb90:6881:89a6:f18c:ade8:7fbf:7922:0 - "GET /leaderboard HTTP/1.1" 200 OK
INFO:     2607:fb90:6881:89a6:f18c:ade8:7fbf:7922:0 - "GET /leaderboard HTTP/1.1" 200 OK
INFO:     2607:fb90:6881:89a6:f18c:ade8:7fbf:7922:0 - "GET /leaderboard HTTP/1.1" 200 OK
INFO:     2607:fb90:6881:89a6:f18c:ade8:7fbf:7922:0 - "GET /leaderboard HTTP/1.1" 200 OK
INFO:     2607:fb90:6881:89a6:f18c:ade8:7fbf:7922:0 - "GET /leaderboard HTTP/1.1" 200 OK
INFO:     2607:fb90:6881:89a6:f18c:ade8:7fbf:7922:0 - "GET /leaderboard HTTP/1.1" 200 OK
INFO:     2607:fb90:6881:89a6:f18c:ade8:7fbf:7922:0 - "GET /leaderboard HTTP/1.1" 200 OK
INFO:     2607:fb90:6881:89a6:f18c:ade8:7fbf:7922:0 - "GET /leaderboard HTTP/1.1" 200 OK
INFO:     2607:fb90:6881:89a6:f18c:ade8:7fbf:7922:0 - "GET /leaderboard HTTP/1.1" 200 OK
INFO:     Started server process [852]
INFO:     Waiting for application startup.
INFO:     Application startup complete.
INFO:     Uvicorn running on http://0.0.0.0:8000 (Press CTRL+C to quit)
INFO:     Started server process [815]
INFO:     Waiting for application startup.
INFO:     Application startup complete.
INFO:     Uvicorn running on http://0.0.0.0:8000 (Press CTRL+C to quit)
INFO:     2a06:98c0:3624:88a5:190f:6fa7:5705:96f6:0 - "HEAD / HTTP/1.1" 404 Not Found
INFO:     Started server process [755]
INFO:     Waiting for application startup.
INFO:     Application startup complete.
INFO:     Uvicorn running on http://0.0.0.0:8000 (Press CTRL+C to quit)
INFO:     2a06:98c0:3624:74e7:61ff:7ab3:aa6e:1ae3:0 - "HEAD / HTTP/1.1" 404 Not Found
INFO:     Started server process [764]
INFO:     Waiting for application startup.
INFO:     Application startup complete.
INFO:     Uvicorn running on http://0.0.0.0:8000 (Press CTRL+C to quit)
INFO:     Shutting down
INFO:     Waiting for application shutdown.
INFO:     Application shutdown complete.
INFO:     Finished server process [764]
INFO:     Started server process [76282]
INFO:     Waiting for application startup.
INFO:     Application startup complete.
INFO:     Uvicorn running on http://0.0.0.0:8000 (Press CTRL+C to quit)
